Date,Store_ID,City,Store_Type,Day_Type,Weather,Promotion,Temperature_C,Marketing_Spend_GBP,Staff_Count,Footfall,Transactions,Units_Sold,Avg_Order_Value_GBP,Revenue_GBP,Operating_Cost_GBP,Profit_GBP,Avg_Wait_Min,Customer_Rating
2025-01-01,BB01,London,High Street,Weekday,Sunny,No Promotion,6.7,13.26,6,246,102,150,8.44,875.69,792.13,83.57,2.62,4.2
2025-01-01,BB02,London,Shopping Centre,Weekday,Sunny,Combo Deal,6.7,56.42,9,356,179,288,8.37,1533.88,1192.8,341.08,2.61,4.24
2025-01-01,BB03,Manchester,High Street,Weekday,Sunny,Local Flyer,6.7,64.02,6,198,88,127,7.07,624.48,738.34,-113.86,2.89,4.33
2025-01-01,BB04,Manchester,Shopping Centre,Weekday,Sunny,Social Media,6.7,70.91,7,265,125,177,7.85,979.71,886.67,93.03,2.22,4.66
2025-01-01,BB05,Birmingham,High Street,Weekday,Sunny,Social Media,6.7,99.32,6,196,89,133,8.21,744.03,813.13,-69.1,2.52,4.24
2025-01-01,BB06,Birmingham,Shopping Centre,Weekday,Sunny,No Promotion,6.7,4.44,6,204,87,131,9.0,773.04,688.77,84.28,2.82,4.32
2025-01-01,BB07,Bristol,High Street,Weekday,Sunny,No Promotion,6.7,1.14,5,163,75,118,7.4,543.33,600.57,-57.24,2.66,4.51
2025-01-01,BB08,Bristol,Shopping Centre,Weekday,Sunny,No Promotion,6.7,17.17,6,215,103,154,7.66,769.22,695.39,73.82,3.18,4.42
2025-01-02,BB01,London,High Street,Weekday,Cloudy,No Promotion,6.1,5.83,6,240,104,157,8.1,839.35,737.31,102.04,2.89,4.3
2025-01-02,BB02,London,Shopping Centre,Weekday,Cloudy,No Promotion,6.1,8.56,7,241,97,138,8.67,859.23,832.63,26.59,2.61,4.19
2025-01-02,BB03,Manchester,High Street,Weekday,Cloudy,No Promotion,6.1,4.04,6,196,82,115,7.94,626.58,656.47,-29.89,2.71,4.27
2025-01-02,BB04,Manchester,Shopping Centre,Weekday,Cloudy,No Promotion,6.1,16.84,6,218,92,138,7.33,685.6,699.43,-13.83,2.26,4.45
2025-01-02,BB05,Birmingham,High Street,Weekday,Cloudy,No Promotion,6.1,6.11,6,165,70,106,7.34,503.0,642.23,-139.23,2.15,4.88
2025-01-02,BB06,Birmingham,Shopping Centre,Weekday,Cloudy,Combo Deal,6.1,63.19,6,217,96,158,6.17,636.15,728.45,-92.3,3.34,4.13
2025-01-02,BB07,Bristol,High Street,Weekday,Cloudy,Local Flyer,6.1,38.51,5,168,81,114,7.34,587.16,629.73,-42.57,2.61,4.38
2025-01-02,BB08,Bristol,Shopping Centre,Weekday,Cloudy,Local Flyer,6.1,67.14,6,199,93,131,7.41,672.31,736.72,-64.41,2.95,3.98
2025-01-03,BB01,London,High Street,Weekday,Sunny,No Promotion,8.3,12.09,7,284,128,220,7.91,1025.54,911.59,113.95,2.88,4.59
2025-01-03,BB02,London,Shopping Centre,Weekday,Sunny,No Promotion,8.3,2.84,7,241,110,176,8.59,935.47,851.01,84.46,2.92,4.26
2025-01-03,BB03,Manchester,High Street,Weekday,Sunny,No Promotion,8.3,4.9,6,216,86,110,7.27,630.75,700.56,-69.81,2.43,4.41
2025-01-03,BB04,Manchester,Shopping Centre,Weekday,Sunny,Social Media,8.3,96.89,7,255,116,183,7.37,815.26,882.13,-66.87,2.67,4.29
2025-01-03,BB05,Birmingham,High Street,Weekday,Sunny,Combo Deal,8.3,65.45,7,240,109,181,5.64,589.75,789.13,-199.37,3.17,4.54
2025-01-03,BB06,Birmingham,Shopping Centre,Weekday,Sunny,Combo Deal,8.3,58.15,7,204,96,166,6.5,619.52,767.53,-148.01,3.12,4.47
2025-01-03,BB07,Bristol,High Street,Weekday,Sunny,Combo Deal,8.3,60.79,6,203,94,146,7.79,749.38,784.74,-35.35,2.56,4.29
2025-01-03,BB08,Bristol,Shopping Centre,Weekday,Sunny,Local Flyer,8.3,82.94,7,212,96,128,8.22,777.61,829.09,-51.48,2.3,4.37
2025-01-04,BB01,London,High Street,Weekend,Rainy,No Promotion,6.5,16.66,7,201,89,134,8.13,740.42,806.82,-66.4,2.13,4.38
2025-01-04,BB02,London,Shopping Centre,Weekend,Rainy,No Promotion,6.5,7.24,8,306,134,186,8.78,1202.18,996.8,205.39,2.84,4.14
2025-01-04,BB03,Manchester,High Street,Weekend,Rainy,Social Media,6.5,75.95,6,219,97,144,7.22,696.92,736.3,-39.38,3.31,4.22
2025-01-04,BB04,Manchester,Shopping Centre,Weekend,Rainy,No Promotion,6.5,3.58,6,233,95,143,8.41,831.22,734.92,96.3,2.78,4.3
2025-01-04,BB05,Birmingham,High Street,Weekend,Rainy,Combo Deal,6.5,44.13,7,210,98,162,7.25,690.68,767.82,-77.14,2.19,4.62
2025-01-04,BB06,Birmingham,Shopping Centre,Weekend,Rainy,Local Flyer,6.5,57.76,7,238,109,149,7.52,822.47,806.36,16.11,3.21,4.25
2025-01-04,BB07,Bristol,High Street,Weekend,Rainy,Social Media,6.5,50.42,6,161,81,121,7.75,595.5,694.96,-99.46,2.73,4.18
2025-01-04,BB08,Bristol,Shopping Centre,Weekend,Rainy,No Promotion,6.5,7.56,7,219,88,128,7.88,723.18,761.99,-38.81,1.9,4.26
2025-01-05,BB01,London,High Street,Weekend,Sunny,No Promotion,4.4,7.85,6,254,105,148,8.37,874.92,807.47,67.45,2.57,4.44
2025-01-05,BB02,London,Shopping Centre,Weekend,Sunny,No Promotion,4.4,8.31,7,349,146,198,9.47,1391.03,929.73,461.3,3.2,4.25
2025-01-05,BB03,Manchester,High Street,Weekend,Sunny,No Promotion,4.4,11.7,6,200,86,129,7.63,679.41,683.41,-4.0,2.46,4.32
2025-01-05,BB04,Manchester,Shopping Centre,Weekend,Sunny,No Promotion,4.4,10.93,5,245,105,159,8.24,840.61,724.53,116.08,2.75,4.43
2025-01-05,BB05,Birmingham,High Street,Weekend,Sunny,Social Media,4.4,99.07,7,241,128,188,7.16,896.79,914.28,-17.49,2.66,4.32
2025-01-05,BB06,Birmingham,Shopping Centre,Weekend,Sunny,No Promotion,4.4,17.29,6,232,91,138,7.79,718.5,703.59,14.91,2.38,4.38
2025-01-05,BB07,Bristol,High Street,Weekend,Sunny,Combo Deal,4.4,64.67,6,209,87,141,7.47,658.05,715.47,-57.42,2.81,4.58
2025-01-05,BB08,Bristol,Shopping Centre,Weekend,Sunny,Social Media,4.4,45.71,7,320,136,198,7.89,1057.91,904.3,153.61,3.08,4.2
2025-01-06,BB01,London,High Street,Weekday,Cloudy,Social Media,11.2,82.16,7,238,114,172,8.38,965.64,922.7,42.94,3.08,4.26
2025-01-06,BB02,London,Shopping Centre,Weekday,Cloudy,No Promotion,11.2,8.72,6,253,110,165,8.59,947.84,804.0,143.83,2.9,4.45
2025-01-06,BB03,Manchester,High Street,Weekday,Cloudy,Social Media,11.2,105.79,5,195,82,120,8.47,710.78,754.88,-44.1,2.9,4.24
2025-01-06,BB04,Manchester,Shopping Centre,Weekday,Cloudy,Social Media,11.2,55.44,6,247,110,148,8.11,876.6,816.36,60.24,2.91,4.04
2025-01-06,BB05,Birmingham,High Street,Weekday,Cloudy,Local Flyer,11.2,70.7,6,204,91,142,7.07,654.29,744.26,-89.97,2.73,4.15
2025-01-06,BB06,Birmingham,Shopping Centre,Weekday,Cloudy,No Promotion,11.2,4.17,5,185,69,93,6.91,433.31,516.7,-83.39,2.8,4.13
2025-01-06,BB07,Bristol,High Street,Weekday,Cloudy,Combo Deal,11.2,38.84,5,185,85,146,6.66,516.07,616.79,-100.72,2.86,4.38
2025-01-06,BB08,Bristol,Shopping Centre,Weekday,Cloudy,No Promotion,11.2,5.8,7,199,93,126,7.76,706.67,744.89,-38.21,2.72,4.13
2025-01-07,BB01,London,High Street,Weekday,Cloudy,Social Media,9.0,51.39,7,248,98,136,8.78,847.54,848.23,-0.7,2.79,4.15
2025-01-07,BB02,London,Shopping Centre,Weekday,Cloudy,No Promotion,9.0,17.46,7,261,101,142,8.7,855.22,838.47,16.74,2.29,4.23
2025-01-07,BB03,Manchester,High Street,Weekday,Cloudy,Local Flyer,9.0,83.52,6,230,97,146,7.68,735.51,775.16,-39.65,3.5,4.18
2025-01-07,BB04,Manchester,Shopping Centre,Weekday,Cloudy,Combo Deal,9.0,47.9,7,252,111,181,8.0,850.5,843.88,6.63,2.12,4.45
2025-01-07,BB05,Birmingham,High Street,Weekday,Cloudy,Combo Deal,9.0,47.85,6,200,91,125,5.7,506.16,642.29,-136.13,2.44,4.38
2025-01-07,BB06,Birmingham,Shopping Centre,Weekday,Cloudy,No Promotion,9.0,5.79,5,193,89,140,7.67,671.15,652.45,18.7,2.56,4.47
2025-01-07,BB07,Bristol,High Street,Weekday,Cloudy,No Promotion,9.0,0.67,5,132,55,75,7.26,395.59,488.55,-92.96,2.31,4.32
2025-01-07,BB08,Bristol,Shopping Centre,Weekday,Cloudy,No Promotion,9.0,12.47,5,197,83,116,8.59,715.3,628.13,87.17,2.95,4.29
2025-01-08,BB01,London,High Street,Weekday,Rainy,Combo Deal,3.9,53.52,6,202,97,157,7.68,727.12,772.91,-45.79,2.92,4.17
2025-01-08,BB02,London,Shopping Centre,Weekday,Rainy,Combo Deal,3.9,64.19,8,258,136,231,8.19,1131.4,1003.81,127.59,2.89,4.5
2025-01-08,BB03,Manchester,High Street,Weekday,Rainy,No Promotion,3.9,7.95,6,158,72,101,6.81,507.28,605.15,-97.88,2.9,3.92
2025-01-08,BB04,Manchester,Shopping Centre,Weekday,Rainy,No Promotion,3.9,17.6,5,174,75,111,6.8,511.1,584.22,-73.12,3.27,4.13
2025-01-08,BB05,Birmingham,High Street,Weekday,Rainy,Social Media,3.9,92.44,5,184,84,116,6.99,608.97,704.27,-95.3,2.6,4.43
2025-01-08,BB06,Birmingham,Shopping Centre,Weekday,Rainy,Combo Deal,3.9,49.27,6,161,74,117,7.35,521.28,677.76,-156.49,2.02,4.44
2025-01-08,BB07,Bristol,High Street,Weekday,Rainy,Local Flyer,3.9,69.83,6,193,89,123,7.36,651.75,714.64,-62.89,2.62,4.24
2025-01-08,BB08,Bristol,Shopping Centre,Weekday,Rainy,Social Media,3.9,110.82,7,211,91,126,8.21,754.99,878.97,-123.99,1.94,4.4
2025-01-09,BB01,London,High Street,Weekday,Cloudy,No Promotion,11.7,1.75,6,272,103,157,7.76,799.05,731.73,67.32,2.75,4.34
2025-01-09,BB02,London,Shopping Centre,Weekday,Cloudy,Local Flyer,11.7,82.28,7,273,122,172,8.03,1000.78,971.39,29.39,2.72,4.36
2025-01-09,BB03,Manchester,High Street,Weekday,Cloudy,No Promotion,11.7,11.93,6,219,90,137,7.61,719.17,717.72,1.44,2.77,4.39
2025-01-09,BB04,Manchester,Shopping Centre,Weekday,Cloudy,No Promotion,11.7,16.21,6,203,90,135,8.36,756.59,718.77,37.82,2.77,4.21
2025-01-09,BB05,Birmingham,High Street,Weekday,Cloudy,No Promotion,11.7,13.35,6,192,77,117,7.25,564.35,629.19,-64.83,2.68,4.07
2025-01-09,BB06,Birmingham,Shopping Centre,Weekday,Cloudy,Local Flyer,11.7,67.74,6,210,82,121,7.55,612.57,704.48,-91.9,2.54,4.53
2025-01-09,BB07,Bristol,High Street,Weekday,Cloudy,Local Flyer,11.7,35.45,5,177,69,95,6.72,460.77,581.63,-120.86,2.4,4.39
2025-01-09,BB08,Bristol,Shopping Centre,Weekday,Cloudy,No Promotion,11.7,1.71,6,204,100,159,8.28,836.2,710.58,125.62,2.79,4.07
2025-01-10,BB01,London,High Street,Weekday,Cloudy,No Promotion,6.9,2.2,7,256,105,150,7.57,817.8,812.46,5.35,3.17,4.25
2025-01-10,BB02,London,Shopping Centre,Weekday,Cloudy,Combo Deal,6.9,50.83,8,338,134,205,8.14,1086.63,1002.28,84.36,2.58,4.38
2025-01-10,BB03,Manchester,High Street,Weekday,Cloudy,Social Media,6.9,68.79,6,197,89,137,8.18,735.11,783.58,-48.47,3.02,4.2
2025-01-10,BB04,Manchester,Shopping Centre,Weekday,Cloudy,Social Media,6.9,84.73,6,253,118,164,7.75,893.31,829.91,63.4,3.15,4.25
2025-01-10,BB05,Birmingham,High Street,Weekday,Cloudy,No Promotion,6.9,5.1,6,199,85,123,6.81,593.53,652.57,-59.05,2.84,4.29
2025-01-10,BB06,Birmingham,Shopping Centre,Weekday,Cloudy,Combo Deal,6.9,56.67,7,252,109,185,7.2,785.86,803.79,-17.93,2.45,4.26
2025-01-10,BB07,Bristol,High Street,Weekday,Cloudy,Social Media,6.9,53.06,6,196,85,110,8.33,730.58,745.75,-15.17,3.08,4.13
2025-01-10,BB08,Bristol,Shopping Centre,Weekday,Cloudy,No Promotion,6.9,6.11,6,204,93,131,7.81,686.41,695.98,-9.58,2.53,4.4
2025-01-11,BB01,London,High Street,Weekend,Cloudy,No Promotion,4.9,13.91,5,223,85,114,8.07,654.6,683.86,-29.26,2.73,4.26
2025-01-11,BB02,London,Shopping Centre,Weekend,Cloudy,No Promotion,4.9,4.94,7,331,137,201,8.8,1233.64,925.82,307.82,2.76,4.21
2025-01-11,BB03,Manchester,High Street,Weekend,Cloudy,Combo Deal,4.9,61.44,7,245,110,181,7.38,849.37,836.45,12.92,2.48,4.57
2025-01-11,BB04,Manchester,Shopping Centre,Weekend,Cloudy,No Promotion,4.9,7.88,6,267,111,154,8.4,900.45,786.8,113.65,2.9,4.25
2025-01-11,BB05,Birmingham,High Street,Weekend,Cloudy,No Promotion,4.9,13.03,6,207,88,132,7.64,705.35,710.88,-5.53,2.35,4.48
2025-01-11,BB06,Birmingham,Shopping Centre,Weekend,Cloudy,No Promotion,4.9,14.25,6,242,95,127,7.76,718.52,712.0,6.52,2.64,4.39
2025-01-11,BB07,Bristol,High Street,Weekend,Cloudy,No Promotion,4.9,4.08,7,219,104,160,6.94,741.23,742.44,-1.21,2.72,4.25
2025-01-11,BB08,Bristol,Shopping Centre,Weekend,Cloudy,Combo Deal,4.9,32.45,8,282,120,196,8.47,1008.17,904.28,103.89,2.34,4.48
2025-01-12,BB01,London,High Street,Weekend,Cloudy,Combo Deal,12.3,69.3,7,279,121,193,8.3,968.2,893.78,74.42,3.07,4.14
2025-01-12,BB02,London,Shopping Centre,Weekend,Cloudy,No Promotion,12.3,1.85,7,320,130,185,7.95,1053.6,887.16,166.44,3.32,4.2
2025-01-12,BB03,Manchester,High Street,Weekend,Cloudy,No Promotion,12.3,9.04,6,248,110,149,7.66,831.36,732.72,98.64,3.54,4.16
2025-01-12,BB04,Manchester,Shopping Centre,Weekend,Cloudy,Social Media,12.3,45.37,7,311,129,175,8.71,1135.26,944.1,191.16,3.06,4.06
2025-01-12,BB05,Birmingham,High Street,Weekend,Cloudy,No Promotion,12.3,2.0,5,179,77,117,7.06,532.94,604.9,-71.96,2.98,4.58
2025-01-12,BB06,Birmingham,Shopping Centre,Weekend,Cloudy,No Promotion,12.3,9.47,6,230,93,119,7.86,735.25,677.98,57.27,2.46,4.34
2025-01-12,BB07,Bristol,High Street,Weekend,Cloudy,Combo Deal,12.3,27.0,6,214,93,143,7.18,638.46,671.43,-32.97,2.64,4.4
2025-01-12,BB08,Bristol,Shopping Centre,Weekend,Cloudy,No Promotion,12.3,0.79,5,171,68,97,8.34,552.63,576.61,-23.98,3.04,4.34
2025-01-13,BB01,London,High Street,Weekday,Rainy,Combo Deal,10.0,68.82,6,247,100,149,7.47,745.95,783.94,-37.99,2.36,4.28
2025-01-13,BB02,London,Shopping Centre,Weekday,Rainy,No Promotion,10.0,11.9,7,216,89,143,8.79,735.66,792.45,-56.79,2.4,4.72
2025-01-13,BB03,Manchester,High Street,Weekday,Rainy,Social Media,10.0,101.08,7,184,93,135,7.33,716.77,819.7,-102.93,2.37,4.47
2025-01-13,BB04,Manchester,Shopping Centre,Weekday,Rainy,Social Media,10.0,71.04,6,194,84,119,7.75,678.21,738.95,-60.74,2.32,4.38
2025-01-13,BB05,Birmingham,High Street,Weekday,Rainy,No Promotion,10.0,8.03,5,153,65,98,6.52,442.86,564.23,-121.36,2.98,4.38
2025-01-13,BB06,Birmingham,Shopping Centre,Weekday,Rainy,No Promotion,10.0,1.17,5,162,60,81,6.86,400.21,534.98,-134.78,2.54,4.41
2025-01-13,BB07,Bristol,High Street,Weekday,Rainy,No Promotion,10.0,6.64,5,145,68,107,7.34,462.09,589.17,-127.09,2.66,4.28
2025-01-13,BB08,Bristol,Shopping Centre,Weekday,Rainy,No Promotion,10.0,12.24,5,159,66,101,7.83,523.12,598.22,-75.1,2.71,4.37
2025-01-14,BB01,London,High Street,Weekday,Rainy,No Promotion,10.3,16.94,6,186,79,118,7.4,579.16,712.31,-133.14,3.24,4.34
2025-01-14,BB02,London,Shopping Centre,Weekday,Rainy,Social Media,10.3,103.98,6,250,113,155,8.36,913.76,891.67,22.09,3.22,4.05
2025-01-14,BB03,Manchester,High Street,Weekday,Rainy,No Promotion,10.3,17.22,5,167,79,117,6.9,546.37,577.56,-31.19,2.6,4.29
2025-01-14,BB04,Manchester,Shopping Centre,Weekday,Rainy,Combo Deal,10.3,41.67,6,207,101,171,7.73,791.32,797.06,-5.75,3.14,4.3
2025-01-14,BB05,Birmingham,High Street,Weekday,Rainy,No Promotion,10.3,5.89,4,141,58,84,7.99,470.83,532.07,-61.24,2.65,4.35
2025-01-14,BB06,Birmingham,Shopping Centre,Weekday,Rainy,No Promotion,10.3,8.91,5,144,54,82,7.36,360.29,523.04,-162.76,2.64,4.25
2025-01-14,BB07,Bristol,High Street,Weekday,Rainy,No Promotion,10.3,1.32,5,168,81,129,6.71,568.09,582.49,-14.4,3.44,4.2
2025-01-14,BB08,Bristol,Shopping Centre,Weekday,Rainy,No Promotion,10.3,9.0,6,147,61,85,7.64,492.78,608.4,-115.62,3.19,4.23
2025-01-15,BB01,London,High Street,Weekday,Cloudy,Social Media,6.2,102.1,7,295,140,208,7.48,1044.92,987.47,57.45,2.26,4.44
2025-01-15,BB02,London,Shopping Centre,Weekday,Cloudy,Social Media,6.2,85.85,6,240,93,142,9.35,921.85,871.96,49.9,2.8,4.32
2025-01-15,BB03,Manchester,High Street,Weekday,Cloudy,Social Media,6.2,99.25,7,227,99,147,7.68,745.99,868.61,-122.62,2.37,4.35
2025-01-15,BB04,Manchester,Shopping Centre,Weekday,Cloudy,No Promotion,6.2,6.38,6,254,98,144,8.09,778.4,718.36,60.04,3.07,4.24
2025-01-15,BB05,Birmingham,High Street,Weekday,Cloudy,Social Media,6.2,69.42,6,214,97,137,6.77,696.83,746.31,-49.48,3.35,4.15
2025-01-15,BB06,Birmingham,Shopping Centre,Weekday,Cloudy,Social Media,6.2,75.97,7,238,113,177,7.43,859.52,848.21,11.31,2.59,4.29
2025-01-15,BB07,Bristol,High Street,Weekday,Cloudy,Social Media,6.2,73.93,6,171,76,97,7.27,509.77,708.74,-198.97,2.8,4.2
2025-01-15,BB08,Bristol,Shopping Centre,Weekday,Cloudy,No Promotion,6.2,11.63,7,231,87,140,7.55,677.14,753.96,-76.82,2.84,4.56
2025-01-16,BB01,London,High Street,Weekday,Cloudy,Local Flyer,8.6,30.51,5,239,108,156,8.48,914.18,754.75,159.43,3.23,4.32
2025-01-16,BB02,London,Shopping Centre,Weekday,Cloudy,No Promotion,8.6,2.03,8,273,126,170,8.57,1065.71,915.89,149.82,2.23,4.47
2025-01-16,BB03,Manchester,High Street,Weekday,Cloudy,No Promotion,8.6,12.05,6,197,87,138,7.57,652.91,661.59,-8.69,2.63,4.22
2025-01-16,BB04,Manchester,Shopping Centre,Weekday,Cloudy,No Promotion,8.6,2.13,6,241,95,141,8.1,760.37,718.68,41.69,2.62,4.38
2025-01-16,BB05,Birmingham,High Street,Weekday,Cloudy,Combo Deal,8.6,49.72,6,186,82,139,6.59,495.63,654.98,-159.34,2.78,4.34
2025-01-16,BB06,Birmingham,Shopping Centre,Weekday,Cloudy,Social Media,8.6,83.34,7,233,106,153,7.88,863.21,849.07,14.14,2.93,4.33
2025-01-16,BB07,Bristol,High Street,Weekday,Cloudy,No Promotion,8.6,8.22,5,170,70,93,7.22,502.46,577.51,-75.05,2.73,4.62
2025-01-16,BB08,Bristol,Shopping Centre,Weekday,Cloudy,No Promotion,8.6,16.81,6,194,66,91,8.37,551.64,670.57,-118.93,1.91,4.31
2025-01-17,BB01,London,High Street,Weekday,Cloudy,No Promotion,7.1,3.21,5,212,89,135,7.97,696.92,670.13,26.8,2.33,4.33
2025-01-17,BB02,London,Shopping Centre,Weekday,Cloudy,No Promotion,7.1,16.87,7,279,110,161,8.5,937.8,857.78,80.02,3.19,4.28
2025-01-17,BB03,Manchester,High Street,Weekday,Cloudy,Combo Deal,7.1,34.78,6,222,107,171,7.65,816.6,756.17,60.43,2.53,4.28
2025-01-17,BB04,Manchester,Shopping Centre,Weekday,Cloudy,No Promotion,7.1,11.88,7,232,106,164,7.44,765.88,754.59,11.28,3.47,4.14
2025-01-17,BB05,Birmingham,High Street,Weekday,Cloudy,No Promotion,7.1,7.49,4,158,60,85,7.58,471.69,508.53,-36.84,1.94,4.31
2025-01-17,BB06,Birmingham,Shopping Centre,Weekday,Cloudy,No Promotion,7.1,3.66,6,199,94,138,7.8,719.04,693.96,25.09,2.91,4.23
2025-01-17,BB07,Bristol,High Street,Weekday,Cloudy,No Promotion,7.1,8.63,6,148,72,107,7.29,550.07,653.92,-103.86,2.51,4.53
2025-01-17,BB08,Bristol,Shopping Centre,Weekday,Cloudy,No Promotion,7.1,13.96,6,226,99,140,7.94,810.17,723.62,86.55,3.2,3.99
2025-01-18,BB01,London,High Street,Weekend,Cloudy,No Promotion,10.6,2.63,6,235,98,149,8.58,818.9,791.14,27.76,2.41,4.35
2025-01-18,BB02,London,Shopping Centre,Weekend,Cloudy,Local Flyer,10.6,73.72,8,363,165,241,8.33,1366.4,1073.39,293.02,3.16,4.42
2025-01-18,BB03,Manchester,High Street,Weekend,Cloudy,Social Media,10.6,73.87,6,227,96,139,7.36,684.32,756.99,-72.67,2.54,4.33
2025-01-18,BB04,Manchester,Shopping Centre,Weekend,Cloudy,No Promotion,10.6,0.21,7,313,130,172,8.36,1080.74,885.52,195.21,3.08,4.31
2025-01-18,BB05,Birmingham,High Street,Weekend,Cloudy,Combo Deal,10.6,41.79,6,168,71,124,7.34,494.97,663.52,-168.55,2.06,4.58
2025-01-18,BB06,Birmingham,Shopping Centre,Weekend,Cloudy,No Promotion,10.6,1.01,6,215,87,121,8.32,739.08,668.26,70.82,2.73,4.5
2025-01-18,BB07,Bristol,High Street,Weekend,Cloudy,No Promotion,10.6,0.84,6,178,77,109,8.33,634.01,667.7,-33.69,2.05,4.38
2025-01-18,BB08,Bristol,Shopping Centre,Weekend,Cloudy,No Promotion,10.6,4.33,7,218,107,175,8.25,856.71,802.85,53.86,2.72,4.09
2025-01-19,BB01,London,High Street,Weekend,Rainy,No Promotion,6.6,13.92,6,240,100,153,8.15,800.88,771.38,29.5,3.22,4.33
2025-01-19,BB02,London,Shopping Centre,Weekend,Rainy,No Promotion,6.6,2.78,7,238,105,159,8.97,930.34,821.07,109.27,2.85,4.36
2025-01-19,BB03,Manchester,High Street,Weekend,Rainy,No Promotion,6.6,0.47,6,185,82,117,8.03,699.28,678.66,20.62,3.34,4.01
2025-01-19,BB04,Manchester,Shopping Centre,Weekend,Rainy,No Promotion,6.6,2.5,7,226,95,135,8.19,778.24,767.27,10.96,2.3,4.26
2025-01-19,BB05,Birmingham,High Street,Weekend,Rainy,No Promotion,6.6,17.08,6,173,77,117,6.49,511.85,639.56,-127.71,2.22,4.68
2025-01-19,BB06,Birmingham,Shopping Centre,Weekend,Rainy,Local Flyer,6.6,57.01,7,246,108,145,8.45,903.82,828.88,74.94,2.35,4.31
2025-01-19,BB07,Bristol,High Street,Weekend,Rainy,No Promotion,6.6,17.15,6,150,70,106,7.02,469.36,608.25,-138.89,2.3,4.31
2025-01-19,BB08,Bristol,Shopping Centre,Weekend,Rainy,Combo Deal,6.6,46.57,5,207,84,134,7.46,631.5,656.37,-24.88,3.16,4.2
2025-01-20,BB01,London,High Street,Weekday,Rainy,Social Media,8.1,90.29,6,214,94,117,8.11,763.75,823.87,-60.12,3.14,4.08
2025-01-20,BB02,London,Shopping Centre,Weekday,Rainy,Social Media,8.1,72.38,7,224,106,154,7.81,856.23,899.29,-43.06,3.23,4.3
2025-01-20,BB03,Manchester,High Street,Weekday,Rainy,No Promotion,8.1,3.72,5,166,67,106,7.86,554.68,640.03,-85.35,2.21,4.59
2025-01-20,BB04,Manchester,Shopping Centre,Weekday,Rainy,No Promotion,8.1,3.14,6,189,90,140,7.68,693.08,679.31,13.77,2.57,4.23
2025-01-20,BB05,Birmingham,High Street,Weekday,Rainy,Social Media,8.1,97.66,7,200,100,152,6.82,686.86,803.28,-116.42,2.36,4.26
2025-01-20,BB06,Birmingham,Shopping Centre,Weekday,Rainy,Social Media,8.1,69.35,6,202,85,132,7.92,679.43,769.33,-89.89,2.83,4.38
2025-01-20,BB07,Bristol,High Street,Weekday,Rainy,No Promotion,8.1,7.53,5,135,45,53,6.85,299.75,511.25,-211.51,2.48,4.31
2025-01-20,BB08,Bristol,Shopping Centre,Weekday,Rainy,No Promotion,8.1,0.17,5,147,63,87,8.21,495.74,553.8,-58.06,2.57,4.35
2025-01-21,BB01,London,High Street,Weekday,Sunny,No Promotion,8.5,13.37,7,282,132,196,7.53,997.39,884.53,112.86,2.92,4.12
2025-01-21,BB02,London,Shopping Centre,Weekday,Sunny,Combo Deal,8.5,69.97,7,324,142,198,8.74,1243.81,999.81,244.0,3.26,4.12
2025-01-21,BB03,Manchester,High Street,Weekday,Sunny,Social Media,8.5,54.75,8,262,124,177,8.0,976.57,963.96,12.61,2.69,4.42
2025-01-21,BB04,Manchester,Shopping Centre,Weekday,Sunny,Social Media,8.5,112.39,7,206,102,159,8.67,884.57,901.12,-16.55,2.94,4.09
2025-01-21,BB05,Birmingham,High Street,Weekday,Sunny,Social Media,8.5,74.0,6,199,89,123,7.13,653.7,771.0,-117.3,2.97,4.24
2025-01-21,BB06,Birmingham,Shopping Centre,Weekday,Sunny,Social Media,8.5,77.09,7,242,117,172,8.18,961.44,874.15,87.29,2.98,4.17
2025-01-21,BB07,Bristol,High Street,Weekday,Sunny,No Promotion,8.5,6.19,6,177,71,111,7.97,565.06,641.71,-76.64,2.68,4.3
2025-01-21,BB08,Bristol,Shopping Centre,Weekday,Sunny,Social Media,8.5,110.29,7,216,100,149,8.03,787.83,856.44,-68.62,2.59,4.25
2025-01-22,BB01,London,High Street,Weekday,Sunny,No Promotion,5.9,2.39,6,240,95,137,8.04,769.68,750.14,19.53,3.12,4.34
2025-01-22,BB02,London,Shopping Centre,Weekday,Sunny,Combo Deal,5.9,58.89,8,341,151,246,7.92,1176.56,1044.72,131.85,2.55,4.47
2025-01-22,BB03,Manchester,High Street,Weekday,Sunny,Social Media,5.9,51.07,7,218,98,141,7.68,766.41,794.47,-28.07,2.84,4.15
2025-01-22,BB04,Manchester,Shopping Centre,Weekday,Sunny,Combo Deal,5.9,54.63,7,244,108,169,8.33,915.59,877.01,38.58,2.64,4.49
2025-01-22,BB05,Birmingham,High Street,Weekday,Sunny,Social Media,5.9,113.44,8,246,115,163,6.85,753.68,908.09,-154.42,2.51,4.4
2025-01-22,BB06,Birmingham,Shopping Centre,Weekday,Sunny,No Promotion,5.9,0.72,5,203,76,115,7.95,617.7,627.47,-9.77,2.55,4.28
2025-01-22,BB07,Bristol,High Street,Weekday,Sunny,No Promotion,5.9,14.55,6,200,83,125,7.23,558.22,659.26,-101.04,2.67,4.19
2025-01-22,BB08,Bristol,Shopping Centre,Weekday,Sunny,Social Media,5.9,96.92,6,218,94,152,7.4,690.35,801.09,-110.74,2.57,4.5
2025-01-23,BB01,London,High Street,Weekday,Rainy,No Promotion,8.5,14.53,6,241,103,142,8.04,799.47,781.81,17.65,2.71,4.39
2025-01-23,BB02,London,Shopping Centre,Weekday,Rainy,Social Media,8.5,80.62,7,263,127,180,8.98,1179.35,1004.2,175.15,2.27,4.29
2025-01-23,BB03,Manchester,High Street,Weekday,Rainy,No Promotion,8.5,7.49,4,154,68,101,7.04,499.28,519.24,-19.96,2.98,4.26
2025-01-23,BB04,Manchester,Shopping Centre,Weekday,Rainy,Combo Deal,8.5,25.36,6,221,97,152,7.08,664.84,726.37,-61.53,2.83,4.26
2025-01-23,BB05,Birmingham,High Street,Weekday,Rainy,No Promotion,8.5,0.11,4,145,61,89,6.9,397.65,471.97,-74.32,2.71,4.26
2025-01-23,BB06,Birmingham,Shopping Centre,Weekday,Rainy,No Promotion,8.5,1.08,7,173,80,106,7.38,548.79,700.64,-151.85,2.57,4.37
2025-01-23,BB07,Bristol,High Street,Weekday,Rainy,No Promotion,8.5,10.22,5,168,77,115,6.68,512.62,593.68,-81.06,2.72,4.36
2025-01-23,BB08,Bristol,Shopping Centre,Weekday,Rainy,Social Media,8.5,56.51,6,208,81,119,8.55,691.85,751.58,-59.73,2.87,4.46
2025-01-24,BB01,London,High Street,Weekday,Sunny,Combo Deal,5.8,36.17,6,256,112,210,8.02,902.52,839.77,62.75,3.14,4.3
2025-01-24,BB02,London,Shopping Centre,Weekday,Sunny,Combo Deal,5.8,62.37,8,362,170,291,7.84,1309.56,1079.22,230.35,3.76,4.25
2025-01-24,BB03,Manchester,High Street,Weekday,Sunny,Local Flyer,5.8,75.61,6,224,99,145,6.45,620.53,726.77,-106.24,2.87,4.26
2025-01-24,BB04,Manchester,Shopping Centre,Weekday,Sunny,No Promotion,5.8,3.37,6,224,90,138,7.62,683.75,721.68,-37.93,2.88,4.37
2025-01-24,BB05,Birmingham,High Street,Weekday,Sunny,No Promotion,5.8,11.35,5,203,76,108,7.37,546.23,605.26,-59.03,2.86,4.25
2025-01-24,BB06,Birmingham,Shopping Centre,Weekday,Sunny,Combo Deal,5.8,69.62,7,265,94,153,6.92,635.97,797.32,-161.35,1.94,4.9
2025-01-24,BB07,Bristol,High Street,Weekday,Sunny,No Promotion,5.8,15.24,6,194,73,100,7.02,466.48,613.34,-146.86,2.59,4.49
2025-01-24,BB08,Bristol,Shopping Centre,Weekday,Sunny,Social Media,5.8,114.16,8,218,105,156,8.29,896.69,969.12,-72.42,2.58,4.36
2025-01-25,BB01,London,High Street,Weekend,Rainy,No Promotion,8.0,0.39,5,171,73,111,8.21,620.19,647.86,-27.67,2.9,4.35
2025-01-25,BB02,London,Shopping Centre,Weekend,Rainy,Local Flyer,8.0,39.58,9,305,152,240,8.61,1313.85,1100.45,213.4,2.97,4.37
2025-01-25,BB03,Manchester,High Street,Weekend,Rainy,Social Media,8.0,111.41,6,189,88,115,7.24,652.49,802.44,-149.95,2.0,4.31
2025-01-25,BB04,Manchester,Shopping Centre,Weekend,Rainy,No Promotion,8.0,17.68,7,260,106,161,7.86,831.15,798.28,32.87,2.95,4.32
2025-01-25,BB05,Birmingham,High Street,Weekend,Rainy,No Promotion,8.0,13.19,5,168,73,111,7.62,577.08,637.23,-60.15,2.61,4.26
2025-01-25,BB06,Birmingham,Shopping Centre,Weekend,Rainy,No Promotion,8.0,5.74,7,234,100,129,7.58,783.11,804.89,-21.79,2.38,4.27
2025-01-25,BB07,Bristol,High Street,Weekend,Rainy,No Promotion,8.0,16.02,6,164,80,114,7.03,560.45,622.56,-62.11,2.6,4.38
2025-01-25,BB08,Bristol,Shopping Centre,Weekend,Rainy,No Promotion,8.0,6.49,6,189,79,118,8.38,659.33,660.99,-1.66,2.73,4.22
2025-01-26,BB01,London,High Street,Weekend,Cloudy,No Promotion,10.8,9.79,6,232,96,140,8.3,804.72,768.57,36.15,2.31,4.48
2025-01-26,BB02,London,Shopping Centre,Weekend,Cloudy,No Promotion,10.8,17.47,7,335,125,177,8.04,1011.6,868.77,142.83,2.94,4.45
2025-01-26,BB03,Manchester,High Street,Weekend,Cloudy,No Promotion,10.8,16.21,7,232,110,182,8.41,917.66,824.1,93.56,3.0,4.41
2025-01-26,BB04,Manchester,Shopping Centre,Weekend,Cloudy,Local Flyer,10.8,80.09,6,295,127,191,8.01,1032.91,857.1,175.81,3.34,4.26
2025-01-26,BB05,Birmingham,High Street,Weekend,Cloudy,No Promotion,10.8,7.55,5,197,76,107,7.61,589.03,613.92,-24.89,2.66,4.22
2025-01-26,BB06,Birmingham,Shopping Centre,Weekend,Cloudy,No Promotion,10.8,10.96,6,226,98,146,7.7,768.98,713.92,55.06,2.09,4.44
2025-01-26,BB07,Bristol,High Street,Weekend,Cloudy,Combo Deal,10.8,47.12,7,243,122,219,6.61,820.31,810.82,9.48,3.22,4.23
2025-01-26,BB08,Bristol,Shopping Centre,Weekend,Cloudy,No Promotion,10.8,14.83,7,248,99,149,8.09,800.28,783.06,17.22,2.12,4.49
2025-01-27,BB01,London,High Street,Weekday,Sunny,No Promotion,11.5,16.52,6,218,84,123,8.0,651.34,700.41,-49.07,2.92,4.52
2025-01-27,BB02,London,Shopping Centre,Weekday,Sunny,No Promotion,11.5,16.1,6,269,112,142,8.04,920.59,802.75,117.84,2.87,4.2
2025-01-27,BB03,Manchester,High Street,Weekday,Sunny,Combo Deal,11.5,66.02,8,251,111,181,7.66,831.05,880.98,-49.93,2.42,4.31
2025-01-27,BB04,Manchester,Shopping Centre,Weekday,Sunny,No Promotion,11.5,8.4,7,250,114,156,7.04,779.95,775.97,3.98,2.6,4.27
2025-01-27,BB05,Birmingham,High Street,Weekday,Sunny,Local Flyer,11.5,69.11,6,217,98,150,7.53,770.28,760.21,10.07,2.95,4.11
2025-01-27,BB06,Birmingham,Shopping Centre,Weekday,Sunny,Social Media,11.5,114.82,7,215,95,135,7.15,692.2,849.4,-157.19,2.67,4.48
2025-01-27,BB07,Bristol,High Street,Weekday,Sunny,Social Media,11.5,104.18,5,167,77,115,7.84,617.42,710.11,-92.69,2.94,4.46
2025-01-27,BB08,Bristol,Shopping Centre,Weekday,Sunny,No Promotion,11.5,13.4,6,214,93,140,7.52,719.11,721.19,-2.08,2.86,4.27
2025-01-28,BB01,London,High Street,Weekday,Rainy,No Promotion,7.4,5.37,6,209,89,123,7.54,676.24,713.97,-37.73,2.16,4.22
2025-01-28,BB02,London,Shopping Centre,Weekday,Rainy,No Promotion,7.4,11.42,6,241,108,158,9.08,996.84,823.22,173.62,2.69,4.44
2025-01-28,BB03,Manchester,High Street,Weekday,Rainy,No Promotion,7.4,3.59,5,176,72,97,7.21,552.6,610.8,-58.2,2.81,4.17
2025-01-28,BB04,Manchester,Shopping Centre,Weekday,Rainy,No Promotion,7.4,14.83,6,176,85,109,7.24,655.2,674.99,-19.79,2.81,4.58
2025-01-28,BB05,Birmingham,High Street,Weekday,Rainy,No Promotion,7.4,4.11,5,152,61,94,7.81,486.71,583.8,-97.09,2.9,4.69
2025-01-28,BB06,Birmingham,Shopping Centre,Weekday,Rainy,Social Media,7.4,46.38,6,177,83,121,7.5,593.34,679.64,-86.3,3.07,4.2
2025-01-28,BB07,Bristol,High Street,Weekday,Rainy,Social Media,7.4,103.15,6,170,82,122,7.7,648.0,756.04,-108.05,2.58,4.31
2025-01-28,BB08,Bristol,Shopping Centre,Weekday,Rainy,No Promotion,7.4,8.93,7,187,88,120,7.81,676.09,724.6,-48.51,2.74,4.3
2025-01-29,BB01,London,High Street,Weekday,Rainy,No Promotion,9.1,8.36,7,217,100,140,8.6,890.72,829.2,61.52,3.26,4.3
2025-01-29,BB02,London,Shopping Centre,Weekday,Rainy,No Promotion,9.1,7.88,7,214,93,119,9.23,855.08,803.23,51.85,2.92,4.09
2025-01-29,BB03,Manchester,High Street,Weekday,Rainy,No Promotion,9.1,12.53,6,149,64,95,6.56,428.74,594.84,-166.11,2.34,4.4
2025-01-29,BB04,Manchester,Shopping Centre,Weekday,Rainy,Local Flyer,9.1,52.62,5,168,82,115,8.42,674.18,711.68,-37.5,2.45,4.28
2025-01-29,BB05,Birmingham,High Street,Weekday,Rainy,No Promotion,9.1,9.42,5,157,72,102,6.52,484.01,564.15,-80.14,2.77,4.3
2025-01-29,BB06,Birmingham,Shopping Centre,Weekday,Rainy,Combo Deal,9.1,28.37,6,196,102,172,7.21,721.97,723.75,-1.78,2.89,4.48
2025-01-29,BB07,Bristol,High Street,Weekday,Rainy,Combo Deal,9.1,47.38,6,158,79,129,6.99,577.5,678.49,-101.0,2.38,4.34
2025-01-29,BB08,Bristol,Shopping Centre,Weekday,Rainy,Social Media,9.1,70.43,5,181,80,111,7.83,607.44,679.87,-72.43,3.19,4.38
2025-01-30,BB01,London,High Street,Weekday,Rainy,Local Flyer,11.4,32.52,7,222,104,138,8.4,892.81,872.17,20.64,3.38,4.1
2025-01-30,BB02,London,Shopping Centre,Weekday,Rainy,Combo Deal,11.4,43.65,7,277,121,187,7.59,872.38,862.88,9.5,3.16,4.25
2025-01-30,BB03,Manchester,High Street,Weekday,Rainy,Local Flyer,11.4,80.66,7,191,94,132,6.74,652.62,833.12,-180.51,2.34,4.1
2025-01-30,BB04,Manchester,Shopping Centre,Weekday,Rainy,Local Flyer,11.4,83.38,6,191,84,127,7.77,634.33,708.41,-74.08,2.03,4.35
2025-01-30,BB05,Birmingham,High Street,Weekday,Rainy,Social Media,11.4,88.69,5,155,56,72,6.47,361.46,624.78,-263.32,2.57,4.25
2025-01-30,BB06,Birmingham,Shopping Centre,Weekday,Rainy,Social Media,11.4,74.22,6,186,97,132,7.96,774.46,770.58,3.88,2.61,4.33
2025-01-30,BB07,Bristol,High Street,Weekday,Rainy,No Promotion,11.4,4.51,6,150,65,92,7.84,483.16,610.81,-127.65,2.01,4.34
2025-01-30,BB08,Bristol,Shopping Centre,Weekday,Rainy,Combo Deal,11.4,54.9,6,159,84,136,7.51,629.92,680.39,-50.47,3.08,4.36
2025-01-31,BB01,London,High Street,Weekday,Rainy,Social Media,11.7,83.26,6,186,89,134,8.78,786.85,806.81,-19.96,2.39,4.36
2025-01-31,BB02,London,Shopping Centre,Weekday,Rainy,No Promotion,11.7,10.51,6,236,107,154,8.68,956.92,797.35,159.57,2.73,4.19
2025-01-31,BB03,Manchester,High Street,Weekday,Rainy,Combo Deal,11.7,33.27,6,192,84,134,6.8,574.31,684.77,-110.45,2.49,4.51
2025-01-31,BB04,Manchester,Shopping Centre,Weekday,Rainy,No Promotion,11.7,17.94,5,217,88,136,7.43,613.2,667.17,-53.97,2.79,4.2
2025-01-31,BB05,Birmingham,High Street,Weekday,Rainy,No Promotion,11.7,9.72,5,143,63,90,6.96,449.85,581.71,-131.86,1.76,4.44
2025-01-31,BB06,Birmingham,Shopping Centre,Weekday,Rainy,No Promotion,11.7,0.13,5,211,93,142,7.8,708.23,665.35,42.87,3.05,4.08
2025-01-31,BB07,Bristol,High Street,Weekday,Rainy,No Promotion,11.7,8.27,6,142,59,83,7.2,423.45,626.01,-202.56,2.1,4.31
2025-01-31,BB08,Bristol,Shopping Centre,Weekday,Rainy,No Promotion,11.7,11.55,5,168,72,107,7.84,568.64,588.2,-19.56,3.13,4.36
2025-02-01,BB01,London,High Street,Weekend,Cloudy,No Promotion,12.5,9.6,6,195,82,127,9.01,718.5,723.45,-4.96,2.31,4.54
2025-02-01,BB02,London,Shopping Centre,Weekend,Cloudy,No Promotion,12.5,2.22,7,348,144,184,8.7,1271.01,968.84,302.17,2.82,4.35
2025-02-01,BB03,Manchester,High Street,Weekend,Cloudy,Combo Deal,12.5,60.98,7,273,113,184,6.9,773.55,800.73,-27.19,2.86,4.32
2025-02-01,BB04,Manchester,Shopping Centre,Weekend,Cloudy,No Promotion,12.5,2.31,6,290,113,168,7.97,928.18,785.59,142.59,2.87,4.23
2025-02-01,BB05,Birmingham,High Street,Weekend,Cloudy,No Promotion,12.5,4.43,6,201,81,104,6.9,563.64,661.73,-98.09,2.98,4.35
2025-02-01,BB06,Birmingham,Shopping Centre,Weekend,Cloudy,Combo Deal,12.5,49.24,7,303,134,219,7.4,991.59,856.08,135.51,2.86,4.1
2025-02-01,BB07,Bristol,High Street,Weekend,Cloudy,No Promotion,12.5,9.78,5,176,77,102,7.62,610.2,616.89,-6.69,2.72,4.12
2025-02-01,BB08,Bristol,Shopping Centre,Weekend,Cloudy,Combo Deal,12.5,32.46,7,262,124,198,8.7,1071.67,911.25,160.42,2.94,4.36
2025-02-02,BB01,London,High Street,Weekend,Sunny,No Promotion,13.7,16.34,7,279,139,194,8.95,1202.65,938.24,264.41,3.2,4.15
2025-02-02,BB02,London,Shopping Centre,Weekend,Sunny,Social Media,13.7,90.73,8,380,160,220,9.16,1482.81,1155.74,327.07,2.65,4.35
2025-02-02,BB03,Manchester,High Street,Weekend,Sunny,No Promotion,13.7,1.39,5,226,94,140,7.82,748.29,661.71,86.57,2.63,4.35
2025-02-02,BB04,Manchester,Shopping Centre,Weekend,Sunny,Combo Deal,13.7,50.81,8,359,157,252,7.76,1217.45,1005.83,211.63,3.47,4.2
2025-02-02,BB05,Birmingham,High Street,Weekend,Sunny,Social Media,13.7,64.84,6,231,114,174,8.31,915.37,812.18,103.19,3.09,4.18
2025-02-02,BB06,Birmingham,Shopping Centre,Weekend,Sunny,Social Media,13.7,76.74,7,284,125,187,8.97,1097.92,916.16,181.76,3.01,4.32
2025-02-02,BB07,Bristol,High Street,Weekend,Sunny,No Promotion,13.7,14.11,5,202,94,144,6.9,653.2,657.49,-4.29,2.69,4.3
2025-02-02,BB08,Bristol,Shopping Centre,Weekend,Sunny,No Promotion,13.7,14.44,7,266,104,150,8.14,863.13,794.26,68.87,2.77,4.56
2025-02-03,BB01,London,High Street,Weekday,Cloudy,No Promotion,16.3,12.76,6,269,112,155,7.75,877.8,772.99,104.82,2.78,4.39
2025-02-03,BB02,London,Shopping Centre,Weekday,Cloudy,No Promotion,16.3,4.96,6,268,102,155,8.54,890.36,749.15,141.21,3.27,4.2
2025-02-03,BB03,Manchester,High Street,Weekday,Cloudy,Social Media,16.3,76.26,7,224,103,158,7.22,711.07,815.59,-104.52,3.39,4.26
2025-02-03,BB04,Manchester,Shopping Centre,Weekday,Cloudy,No Promotion,16.3,16.67,6,225,87,139,7.36,623.16,667.68,-44.53,2.25,4.62
2025-02-03,BB05,Birmingham,High Street,Weekday,Cloudy,Social Media,16.3,59.12,6,204,88,123,7.19,646.35,722.6,-76.25,2.74,4.39
2025-02-03,BB06,Birmingham,Shopping Centre,Weekday,Cloudy,Local Flyer,16.3,62.23,6,186,84,123,7.28,652.19,724.37,-72.18,2.49,4.45
2025-02-03,BB07,Bristol,High Street,Weekday,Cloudy,Social Media,16.3,110.08,7,186,87,129,8.36,714.41,825.26,-110.86,2.34,4.44
2025-02-03,BB08,Bristol,Shopping Centre,Weekday,Cloudy,Social Media,16.3,84.42,7,233,97,143,8.4,816.86,855.17,-38.31,2.81,4.5
2025-02-04,BB01,London,High Street,Weekday,Rainy,No Promotion,11.8,0.18,6,221,85,137,8.4,693.58,738.49,-44.91,2.85,4.23
2025-02-04,BB02,London,Shopping Centre,Weekday,Rainy,Local Flyer,11.8,78.0,7,228,109,158,9.18,1006.27,930.98,75.29,3.17,4.15
2025-02-04,BB03,Manchester,High Street,Weekday,Rainy,Combo Deal,11.8,46.7,6,178,70,123,6.3,377.87,629.6,-251.73,2.69,4.32
2025-02-04,BB04,Manchester,Shopping Centre,Weekday,Rainy,No Promotion,11.8,14.39,6,211,90,139,8.87,790.81,739.36,51.45,2.69,4.3
2025-02-04,BB05,Birmingham,High Street,Weekday,Rainy,No Promotion,11.8,11.03,6,179,73,101,7.31,541.78,636.84,-95.06,2.06,4.6
2025-02-04,BB06,Birmingham,Shopping Centre,Weekday,Rainy,No Promotion,11.8,10.37,6,187,87,123,7.64,676.52,624.83,51.69,2.74,4.24
2025-02-04,BB07,Bristol,High Street,Weekday,Rainy,Combo Deal,11.8,60.34,6,175,74,113,7.4,585.45,690.94,-105.49,2.07,4.5
2025-02-04,BB08,Bristol,Shopping Centre,Weekday,Rainy,No Promotion,11.8,10.09,6,170,86,129,7.86,647.9,660.86,-12.96,2.92,4.48
2025-02-05,BB01,London,High Street,Weekday,Cloudy,Social Media,14.3,71.67,7,271,125,173,7.77,950.5,929.57,20.93,2.82,4.35
2025-02-05,BB02,London,Shopping Centre,Weekday,Cloudy,No Promotion,14.3,5.24,6,218,92,141,9.01,823.84,735.8,88.05,2.8,4.28
2025-02-05,BB03,Manchester,High Street,Weekday,Cloudy,Local Flyer,14.3,35.67,7,249,115,166,6.59,780.31,820.01,-39.7,2.94,4.39
2025-02-05,BB04,Manchester,Shopping Centre,Weekday,Cloudy,Combo Deal,14.3,37.79,6,285,143,236,7.68,1083.39,852.82,230.57,3.5,4.14
2025-02-05,BB05,Birmingham,High Street,Weekday,Cloudy,No Promotion,14.3,17.45,5,171,63,89,6.66,405.29,533.65,-128.36,2.86,4.34
2025-02-05,BB06,Birmingham,Shopping Centre,Weekday,Cloudy,No Promotion,14.3,4.68,6,216,86,125,8.43,699.69,692.62,7.07,2.67,4.23
2025-02-05,BB07,Bristol,High Street,Weekday,Cloudy,No Promotion,14.3,0.13,5,168,72,99,7.09,522.39,538.41,-16.02,2.78,4.33
2025-02-05,BB08,Bristol,Shopping Centre,Weekday,Cloudy,Combo Deal,14.3,58.43,6,190,91,154,7.17,629.75,722.84,-93.09,3.17,4.3
2025-02-06,BB01,London,High Street,Weekday,Sunny,No Promotion,14.2,4.85,5,267,120,169,8.25,1013.18,762.28,250.9,2.83,4.35
2025-02-06,BB02,London,Shopping Centre,Weekday,Sunny,Local Flyer,14.2,55.86,9,346,167,252,7.78,1326.9,1097.13,229.77,2.98,4.5
2025-02-06,BB03,Manchester,High Street,Weekday,Sunny,No Promotion,14.2,8.3,6,228,88,125,7.57,661.51,682.97,-21.47,3.05,4.2
2025-02-06,BB04,Manchester,Shopping Centre,Weekday,Sunny,No Promotion,14.2,15.98,7,269,106,157,8.09,885.9,818.75,67.15,2.82,4.3
2025-02-06,BB05,Birmingham,High Street,Weekday,Sunny,Social Media,14.2,51.26,6,200,74,116,7.15,558.54,694.08,-135.54,2.34,4.16
2025-02-06,BB06,Birmingham,Shopping Centre,Weekday,Sunny,Local Flyer,14.2,54.13,7,247,119,169,7.65,931.13,857.6,73.53,2.61,4.37
2025-02-06,BB07,Bristol,High Street,Weekday,Sunny,No Promotion,14.2,6.26,6,179,77,115,7.45,569.05,635.37,-66.31,2.54,4.35
2025-02-06,BB08,Bristol,Shopping Centre,Weekday,Sunny,No Promotion,14.2,0.34,6,195,75,103,7.82,561.25,626.81,-65.56,2.11,4.36
2025-02-07,BB01,London,High Street,Weekday,Sunny,No Promotion,14.4,1.2,6,266,123,186,8.26,988.4,831.14,157.26,3.04,4.26
2025-02-07,BB02,London,Shopping Centre,Weekday,Sunny,Social Media,14.4,110.11,7,321,141,201,7.81,1082.9,969.61,113.3,3.25,4.17
2025-02-07,BB03,Manchester,High Street,Weekday,Sunny,No Promotion,14.4,0.73,6,225,93,126,7.4,713.56,720.64,-7.08,3.2,4.33
2025-02-07,BB04,Manchester,Shopping Centre,Weekday,Sunny,No Promotion,14.4,1.9,7,216,82,122,7.44,621.93,716.53,-94.61,3.43,4.09
2025-02-07,BB05,Birmingham,High Street,Weekday,Sunny,No Promotion,14.4,17.85,6,176,73,101,7.08,553.67,645.12,-91.44,2.39,4.5
2025-02-07,BB06,Birmingham,Shopping Centre,Weekday,Sunny,No Promotion,14.4,13.07,7,240,100,150,7.52,748.68,780.88,-32.21,2.22,4.37
2025-02-07,BB07,Bristol,High Street,Weekday,Sunny,No Promotion,14.4,16.67,5,200,85,121,7.42,621.57,599.28,22.29,3.28,4.2
2025-02-07,BB08,Bristol,Shopping Centre,Weekday,Sunny,Combo Deal,14.4,56.03,8,267,112,196,7.42,826.95,905.29,-78.34,2.83,4.21
2025-02-08,BB01,London,High Street,Weekend,Rainy,No Promotion,7.1,11.75,7,236,102,158,8.46,878.61,832.1,46.51,2.7,4.36
2025-02-08,BB02,London,Shopping Centre,Weekend,Rainy,No Promotion,7.1,10.71,7,255,110,169,9.24,1037.99,888.75,149.24,3.09,4.33
2025-02-08,BB03,Manchester,High Street,Weekend,Rainy,No Promotion,7.1,10.07,5,173,66,96,7.77,516.3,579.99,-63.69,2.7,4.29
2025-02-08,BB04,Manchester,Shopping Centre,Weekend,Rainy,No Promotion,7.1,5.77,7,216,102,157,8.15,834.95,765.68,69.26,2.77,4.23
2025-02-08,BB05,Birmingham,High Street,Weekend,Rainy,Combo Deal,7.1,67.7,7,218,102,179,7.02,734.62,796.37,-61.74,2.9,4.35
2025-02-08,BB06,Birmingham,Shopping Centre,Weekend,Rainy,No Promotion,7.1,4.66,6,217,94,127,7.53,721.15,689.16,31.99,2.64,4.55
2025-02-08,BB07,Bristol,High Street,Weekend,Rainy,Social Media,7.1,72.21,5,171,68,109,8.1,541.52,669.02,-127.5,1.97,4.68
2025-02-08,BB08,Bristol,Shopping Centre,Weekend,Rainy,Combo Deal,7.1,47.53,7,251,117,191,8.53,987.45,862.19,125.25,3.0,4.42
2025-02-09,BB01,London,High Street,Weekend,Sunny,Local Flyer,13.9,78.33,8,324,140,206,8.27,1170.38,1056.21,114.16,2.61,4.44
2025-02-09,BB02,London,Shopping Centre,Weekend,Sunny,Local Flyer,13.9,43.22,10,425,215,303,8.66,1857.55,1305.39,552.16,3.5,4.27
2025-02-09,BB03,Manchester,High Street,Weekend,Sunny,No Promotion,13.9,12.69,7,239,108,149,7.36,820.87,822.84,-1.97,2.69,4.21
2025-02-09,BB04,Manchester,Shopping Centre,Weekend,Sunny,Social Media,13.9,106.61,7,262,129,172,8.31,1109.73,956.53,153.21,3.09,4.27
2025-02-09,BB05,Birmingham,High Street,Weekend,Sunny,No Promotion,13.9,10.21,5,194,83,121,6.75,539.04,590.71,-51.67,3.27,4.16
2025-02-09,BB06,Birmingham,Shopping Centre,Weekend,Sunny,No Promotion,13.9,0.58,8,241,113,163,8.81,1015.53,884.57,130.96,2.59,4.22
2025-02-09,BB07,Bristol,High Street,Weekend,Sunny,No Promotion,13.9,4.44,6,188,77,105,7.29,546.2,634.6,-88.39,2.15,4.26
2025-02-09,BB08,Bristol,Shopping Centre,Weekend,Sunny,Combo Deal,13.9,48.34,7,298,118,191,8.34,989.34,861.03,128.31,3.01,4.39
2025-02-10,BB01,London,High Street,Weekday,Sunny,No Promotion,8.2,2.56,8,274,129,202,7.66,1002.57,890.16,112.41,2.6,4.36
2025-02-10,BB02,London,Shopping Centre,Weekday,Sunny,No Promotion,8.2,8.18,7,263,107,158,8.71,912.0,847.46,64.54,2.42,4.34
2025-02-10,BB03,Manchester,High Street,Weekday,Sunny,Local Flyer,8.2,80.17,7,206,82,127,7.93,665.6,806.06,-140.47,2.23,4.45
2025-02-10,BB04,Manchester,Shopping Centre,Weekday,Sunny,Social Media,8.2,54.21,7,237,110,166,7.58,879.49,832.26,47.24,2.8,4.48
2025-02-10,BB05,Birmingham,High Street,Weekday,Sunny,No Promotion,8.2,10.8,6,206,75,112,6.99,520.75,639.52,-118.77,2.81,4.15
2025-02-10,BB06,Birmingham,Shopping Centre,Weekday,Sunny,Local Flyer,8.2,66.96,7,221,88,117,7.02,628.44,783.99,-155.55,1.88,4.31
2025-02-10,BB07,Bristol,High Street,Weekday,Sunny,No Promotion,8.2,6.82,6,198,85,121,7.01,568.99,669.8,-100.8,2.5,4.18
2025-02-10,BB08,Bristol,Shopping Centre,Weekday,Sunny,Social Media,8.2,78.86,7,252,117,163,7.93,857.48,844.27,13.21,2.74,4.37
2025-02-11,BB01,London,High Street,Weekday,Cloudy,No Promotion,10.0,3.24,7,245,102,145,8.39,823.21,826.78,-3.57,2.68,4.24
2025-02-11,BB02,London,Shopping Centre,Weekday,Cloudy,Social Media,10.0,59.08,7,279,132,192,8.64,1122.29,966.4,155.89,2.56,4.42
2025-02-11,BB03,Manchester,High Street,Weekday,Cloudy,No Promotion,10.0,6.08,6,189,69,92,6.8,464.93,580.32,-115.39,2.13,4.4
2025-02-11,BB04,Manchester,Shopping Centre,Weekday,Cloudy,No Promotion,10.0,13.05,7,207,81,114,8.13,655.5,708.52,-53.02,2.64,4.15
2025-02-11,BB05,Birmingham,High Street,Weekday,Cloudy,Social Media,10.0,86.66,5,202,90,132,6.83,615.05,707.41,-92.36,3.17,4.27
2025-02-11,BB06,Birmingham,Shopping Centre,Weekday,Cloudy,No Promotion,10.0,14.13,5,228,94,136,8.11,746.15,693.11,53.04,2.91,4.45
2025-02-11,BB07,Bristol,High Street,Weekday,Cloudy,Combo Deal,10.0,30.97,6,177,80,130,7.62,595.68,681.65,-85.97,2.51,4.36
2025-02-11,BB08,Bristol,Shopping Centre,Weekday,Cloudy,No Promotion,10.0,11.86,6,206,85,128,7.73,678.34,692.62,-14.28,2.77,4.3
2025-02-12,BB01,London,High Street,Weekday,Sunny,No Promotion,8.9,5.73,7,240,102,142,7.65,769.68,795.83,-26.15,2.21,4.43
2025-02-12,BB02,London,Shopping Centre,Weekday,Sunny,No Promotion,8.9,3.22,6,290,113,157,9.32,1045.64,836.17,209.47,2.15,4.33
2025-02-12,BB03,Manchester,High Street,Weekday,Sunny,No Promotion,8.9,14.63,7,196,73,102,7.27,537.91,673.08,-135.17,1.85,4.26
2025-02-12,BB04,Manchester,Shopping Centre,Weekday,Sunny,Social Media,8.9,106.77,6,287,122,171,8.09,990.64,907.12,83.52,3.21,4.28
2025-02-12,BB05,Birmingham,High Street,Weekday,Sunny,No Promotion,8.9,11.69,6,173,70,87,6.55,443.64,610.34,-166.71,2.63,4.17
2025-02-12,BB06,Birmingham,Shopping Centre,Weekday,Sunny,Combo Deal,8.9,54.82,7,235,109,166,7.17,753.8,808.39,-54.59,2.84,4.27
2025-02-12,BB07,Bristol,High Street,Weekday,Sunny,No Promotion,8.9,14.65,5,189,77,117,6.49,525.1,606.3,-81.2,2.92,4.28
2025-02-12,BB08,Bristol,Shopping Centre,Weekday,Sunny,No Promotion,8.9,10.4,6,229,81,112,8.95,667.29,736.99,-69.71,2.52,4.39
2025-02-13,BB01,London,High Street,Weekday,Cloudy,No Promotion,11.3,5.3,6,229,81,127,8.14,647.22,718.14,-70.92,2.29,4.33
2025-02-13,BB02,London,Shopping Centre,Weekday,Cloudy,No Promotion,11.3,9.81,7,224,104,147,9.22,958.74,862.32,96.42,2.79,4.51
2025-02-13,BB03,Manchester,High Street,Weekday,Cloudy,No Promotion,11.3,7.86,5,184,81,109,6.95,568.94,609.81,-40.87,2.78,4.19
2025-02-13,BB04,Manchester,Shopping Centre,Weekday,Cloudy,No Promotion,11.3,10.88,6,201,81,116,8.35,672.76,693.11,-20.35,2.45,4.16
2025-02-13,BB05,Birmingham,High Street,Weekday,Cloudy,No Promotion,11.3,13.16,6,182,78,111,6.18,488.48,598.97,-110.49,2.53,4.19
2025-02-13,BB06,Birmingham,Shopping Centre,Weekday,Cloudy,No Promotion,11.3,0.95,6,186,77,105,8.25,625.26,643.28,-18.03,2.63,4.52
2025-02-13,BB07,Bristol,High Street,Weekday,Cloudy,Social Media,11.3,49.3,6,245,117,157,7.55,892.38,809.16,83.22,3.02,4.25
2025-02-13,BB08,Bristol,Shopping Centre,Weekday,Cloudy,No Promotion,11.3,15.44,5,186,70,105,7.88,585.84,602.05,-16.21,2.69,4.4
2025-02-14,BB01,London,High Street,Weekday,Rainy,No Promotion,12.0,8.93,7,212,88,130,8.63,741.76,793.81,-52.05,2.54,4.28
2025-02-14,BB02,London,Shopping Centre,Weekday,Rainy,No Promotion,12.0,13.43,6,245,101,156,9.27,986.77,852.13,134.64,2.39,4.43
2025-02-14,BB03,Manchester,High Street,Weekday,Rainy,No Promotion,12.0,16.52,6,168,77,109,7.51,604.06,672.03,-67.97,2.12,4.55
2025-02-14,BB04,Manchester,Shopping Centre,Weekday,Rainy,Social Media,12.0,68.62,6,179,75,109,7.97,605.81,722.45,-116.63,2.31,4.41
2025-02-14,BB05,Birmingham,High Street,Weekday,Rainy,No Promotion,12.0,1.65,6,171,79,114,6.69,535.89,584.5,-48.61,2.19,4.17
2025-02-14,BB06,Birmingham,Shopping Centre,Weekday,Rainy,Combo Deal,12.0,46.01,5,187,73,118,7.58,584.56,669.34,-84.78,2.6,4.45
2025-02-14,BB07,Bristol,High Street,Weekday,Rainy,No Promotion,12.0,5.99,6,163,69,107,7.08,499.37,627.88,-128.5,2.79,4.48
2025-02-14,BB08,Bristol,Shopping Centre,Weekday,Rainy,Local Flyer,12.0,61.42,5,200,97,144,7.78,721.84,694.8,27.04,2.91,4.2
2025-02-15,BB01,London,High Street,Weekend,Cloudy,No Promotion,5.8,16.92,6,260,98,142,9.12,881.87,786.72,95.15,2.86,4.41
2025-02-15,BB02,London,Shopping Centre,Weekend,Cloudy,Social Media,5.8,89.26,7,280,125,187,9.27,1127.25,1004.02,123.23,3.0,4.21
2025-02-15,BB03,Manchester,High Street,Weekend,Cloudy,Social Media,5.8,89.14,6,210,89,133,7.74,659.54,759.79,-100.26,2.71,4.21
2025-02-15,BB04,Manchester,Shopping Centre,Weekend,Cloudy,No Promotion,5.8,15.02,7,317,140,204,8.41,1146.9,895.0,251.9,3.21,4.29
2025-02-15,BB05,Birmingham,High Street,Weekend,Cloudy,Social Media,5.8,47.58,6,175,86,128,7.75,676.46,702.15,-25.7,2.75,4.35
2025-02-15,BB06,Birmingham,Shopping Centre,Weekend,Cloudy,No Promotion,5.8,10.64,6,262,107,147,8.35,835.24,734.76,100.48,2.67,4.49
2025-02-15,BB07,Bristol,High Street,Weekend,Cloudy,No Promotion,5.8,15.06,5,182,81,123,7.55,585.58,616.24,-30.66,3.07,4.32
2025-02-15,BB08,Bristol,Shopping Centre,Weekend,Cloudy,Combo Deal,5.8,25.7,8,296,137,232,8.34,1127.07,938.47,188.6,2.35,4.39
2025-02-16,BB01,London,High Street,Weekend,Cloudy,Local Flyer,8.8,57.49,7,245,115,168,7.91,926.07,910.13,15.94,3.11,4.36
2025-02-16,BB02,London,Shopping Centre,Weekend,Cloudy,Combo Deal,8.8,59.66,9,399,179,298,7.95,1447.25,1194.39,252.87,3.29,4.45
2025-02-16,BB03,Manchester,High Street,Weekend,Cloudy,No Promotion,8.8,7.82,6,220,103,154,7.47,775.29,717.41,57.88,3.38,4.39
2025-02-16,BB04,Manchester,Shopping Centre,Weekend,Cloudy,No Promotion,8.8,3.58,7,243,102,147,7.27,730.51,757.03,-26.52,2.32,4.41
2025-02-16,BB05,Birmingham,High Street,Weekend,Cloudy,Local Flyer,8.8,69.59,5,203,73,107,7.54,547.41,641.75,-94.34,3.09,4.45
2025-02-16,BB06,Birmingham,Shopping Centre,Weekend,Cloudy,No Promotion,8.8,15.96,7,261,105,168,7.7,845.64,765.41,80.23,1.66,4.51
2025-02-16,BB07,Bristol,High Street,Weekend,Cloudy,No Promotion,8.8,13.14,5,169,59,83,7.6,446.69,534.74,-88.05,2.56,4.34
2025-02-16,BB08,Bristol,Shopping Centre,Weekend,Cloudy,No Promotion,8.8,9.56,5,249,101,145,8.31,832.75,687.99,144.77,3.28,4.31
2025-02-17,BB01,London,High Street,Weekday,Cloudy,No Promotion,9.7,12.66,5,205,91,127,8.03,709.98,678.45,31.53,3.05,4.29
2025-02-17,BB02,London,Shopping Centre,Weekday,Cloudy,Combo Deal,9.7,44.17,8,340,150,224,9.01,1374.24,1073.02,301.22,2.88,4.52
2025-02-17,BB03,Manchester,High Street,Weekday,Cloudy,Combo Deal,9.7,52.86,7,247,123,207,7.21,945.92,877.51,68.41,3.06,4.01
2025-02-17,BB04,Manchester,Shopping Centre,Weekday,Cloudy,Social Media,9.7,59.69,6,235,107,149,8.41,907.48,838.26,69.22,2.95,4.42
2025-02-17,BB05,Birmingham,High Street,Weekday,Cloudy,Social Media,9.7,65.46,7,240,104,150,7.55,769.85,861.7,-91.85,3.03,4.19
2025-02-17,BB06,Birmingham,Shopping Centre,Weekday,Cloudy,No Promotion,9.7,4.97,5,182,73,121,7.23,525.04,568.39,-43.35,2.97,4.21
2025-02-17,BB07,Bristol,High Street,Weekday,Cloudy,No Promotion,9.7,15.69,6,165,69,96,6.76,447.97,624.03,-176.06,2.16,4.38
2025-02-17,BB08,Bristol,Shopping Centre,Weekday,Cloudy,Combo Deal,9.7,46.79,6,227,97,165,8.09,828.36,769.66,58.69,2.54,4.64
2025-02-18,BB01,London,High Street,Weekday,Sunny,No Promotion,9.2,0.74,7,228,103,156,8.0,812.69,787.86,24.83,2.51,4.33
2025-02-18,BB02,London,Shopping Centre,Weekday,Sunny,No Promotion,9.2,8.99,7,342,158,240,8.49,1334.84,1009.87,324.97,3.08,4.56
2025-02-18,BB03,Manchester,High Street,Weekday,Sunny,No Promotion,9.2,10.17,6,216,81,123,7.64,610.68,673.17,-62.49,2.79,4.19
2025-02-18,BB04,Manchester,Shopping Centre,Weekday,Sunny,Social Media,9.2,60.55,7,269,129,173,8.25,1086.94,893.34,193.6,3.06,4.37
2025-02-18,BB05,Birmingham,High Street,Weekday,Sunny,Local Flyer,9.2,50.33,6,188,83,109,7.91,663.06,751.92,-88.86,2.58,4.2
2025-02-18,BB06,Birmingham,Shopping Centre,Weekday,Sunny,No Promotion,9.2,14.5,7,223,102,153,7.62,733.88,784.02,-50.13,2.8,4.3
2025-02-18,BB07,Bristol,High Street,Weekday,Sunny,No Promotion,9.2,7.37,6,185,69,102,7.56,501.25,632.56,-131.31,3.03,4.33
2025-02-18,BB08,Bristol,Shopping Centre,Weekday,Sunny,No Promotion,9.2,8.34,6,197,90,120,8.04,741.82,707.86,33.96,2.22,4.4
2025-02-19,BB01,London,High Street,Weekday,Sunny,Local Flyer,11.5,61.11,6,300,120,176,8.31,1015.71,888.48,127.22,2.8,4.33
2025-02-19,BB02,London,Shopping Centre,Weekday,Sunny,No Promotion,11.5,15.81,6,237,104,156,7.52,772.09,762.34,9.74,2.84,4.32
2025-02-19,BB03,Manchester,High Street,Weekday,Sunny,Combo Deal,11.5,62.21,7,243,116,185,6.12,689.7,808.85,-119.15,2.86,4.24
2025-02-19,BB04,Manchester,Shopping Centre,Weekday,Sunny,No Promotion,11.5,16.39,6,258,115,155,7.23,826.93,760.98,65.96,2.85,4.4
2025-02-19,BB05,Birmingham,High Street,Weekday,Sunny,No Promotion,11.5,14.74,6,182,87,120,6.95,584.34,645.39,-61.04,2.6,4.37
2025-02-19,BB06,Birmingham,Shopping Centre,Weekday,Sunny,Combo Deal,11.5,30.64,8,293,136,217,7.23,946.97,869.49,77.48,2.9,4.38
2025-02-19,BB07,Bristol,High Street,Weekday,Sunny,No Promotion,11.5,2.14,6,193,75,107,7.58,560.16,604.22,-44.05,2.64,4.5
2025-02-19,BB08,Bristol,Shopping Centre,Weekday,Sunny,Local Flyer,11.5,70.07,7,225,112,169,8.25,924.8,865.56,59.24,3.03,4.4
2025-02-20,BB01,London,High Street,Weekday,Sunny,No Promotion,11.3,12.74,7,259,112,157,8.27,929.51,858.68,70.83,3.49,4.44
2025-02-20,BB02,London,Shopping Centre,Weekday,Sunny,No Promotion,11.3,13.72,8,296,124,177,9.15,1111.7,953.47,158.23,2.37,4.43
2025-02-20,BB03,Manchester,High Street,Weekday,Sunny,No Promotion,11.3,1.25,8,257,131,185,7.21,914.82,837.07,77.74,2.97,4.31
2025-02-20,BB04,Manchester,Shopping Centre,Weekday,Sunny,No Promotion,11.3,16.66,6,258,108,161,7.76,856.94,745.8,111.14,2.84,4.5
2025-02-20,BB05,Birmingham,High Street,Weekday,Sunny,Combo Deal,11.3,46.41,7,229,99,159,7.32,737.55,793.35,-55.8,2.2,4.45
2025-02-20,BB06,Birmingham,Shopping Centre,Weekday,Sunny,No Promotion,11.3,1.23,7,232,94,134,7.32,721.06,744.97,-23.92,2.66,4.1
2025-02-20,BB07,Bristol,High Street,Weekday,Sunny,No Promotion,11.3,4.71,6,216,92,119,7.77,700.34,712.3,-11.96,2.48,4.45
2025-02-20,BB08,Bristol,Shopping Centre,Weekday,Sunny,Combo Deal,11.3,47.12,6,251,106,183,8.01,831.1,789.74,41.36,2.58,4.32
2025-02-21,BB01,London,High Street,Weekday,Cloudy,No Promotion,7.8,17.48,8,240,109,163,7.49,845.73,882.57,-36.84,2.72,4.28
2025-02-21,BB02,London,Shopping Centre,Weekday,Cloudy,No Promotion,7.8,6.43,7,247,98,141,8.42,843.51,825.66,17.85,2.67,4.07
2025-02-21,BB03,Manchester,High Street,Weekday,Cloudy,Social Media,7.8,63.66,6,243,104,158,7.52,773.07,776.27,-3.2,2.63,4.11
2025-02-21,BB04,Manchester,Shopping Centre,Weekday,Cloudy,No Promotion,7.8,11.07,7,244,96,131,7.74,750.04,792.71,-42.67,2.61,4.37
2025-02-21,BB05,Birmingham,High Street,Weekday,Cloudy,No Promotion,7.8,15.2,6,196,79,125,6.69,513.38,630.46,-117.08,2.25,4.31
2025-02-21,BB06,Birmingham,Shopping Centre,Weekday,Cloudy,No Promotion,7.8,11.25,6,238,104,143,7.73,858.75,738.38,120.37,2.53,4.49
2025-02-21,BB07,Bristol,High Street,Weekday,Cloudy,Social Media,7.8,75.36,5,179,80,119,7.44,578.42,666.27,-87.85,2.9,4.31
2025-02-21,BB08,Bristol,Shopping Centre,Weekday,Cloudy,No Promotion,7.8,7.42,5,181,75,111,7.95,637.83,634.43,3.4,2.8,4.13
2025-02-22,BB01,London,High Street,Weekend,Sunny,No Promotion,11.3,14.46,7,278,124,199,8.43,1071.27,888.12,183.14,3.37,4.0
2025-02-22,BB02,London,Shopping Centre,Weekend,Sunny,Social Media,11.3,111.02,8,411,200,308,8.98,1821.61,1311.0,510.61,3.67,4.12
2025-02-22,BB03,Manchester,High Street,Weekend,Sunny,No Promotion,11.3,14.52,7,220,89,126,7.72,713.21,736.63,-23.42,2.31,4.42
2025-02-22,BB04,Manchester,Shopping Centre,Weekend,Sunny,No Promotion,11.3,17.08,6,283,131,199,8.01,1040.72,794.03,246.69,4.05,4.15
2025-02-22,BB05,Birmingham,High Street,Weekend,Sunny,Social Media,11.3,93.35,6,212,89,136,7.45,667.49,733.82,-66.33,3.12,4.06
2025-02-22,BB06,Birmingham,Shopping Centre,Weekend,Sunny,No Promotion,11.3,17.6,7,315,136,216,7.23,952.3,867.39,84.91,3.07,4.13
2025-02-22,BB07,Bristol,High Street,Weekend,Sunny,Combo Deal,11.3,43.58,6,243,98,166,6.64,641.92,720.27,-78.34,2.55,4.53
2025-02-22,BB08,Bristol,Shopping Centre,Weekend,Sunny,No Promotion,11.3,0.49,6,227,94,128,8.7,814.39,757.69,56.7,2.97,4.41
2025-02-23,BB01,London,High Street,Weekend,Rainy,Combo Deal,9.0,39.37,6,252,109,163,8.06,864.79,779.74,85.05,3.05,4.54
2025-02-23,BB02,London,Shopping Centre,Weekend,Rainy,Combo Deal,9.0,66.54,7,284,123,199,8.52,1035.34,950.02,85.33,3.1,4.3
2025-02-23,BB03,Manchester,High Street,Weekend,Rainy,No Promotion,9.0,17.05,6,200,84,119,7.53,618.89,698.19,-79.3,2.21,4.36
2025-02-23,BB04,Manchester,Shopping Centre,Weekend,Rainy,No Promotion,9.0,15.41,5,229,93,137,8.09,768.82,700.08,68.74,2.51,4.21
2025-02-23,BB05,Birmingham,High Street,Weekend,Rainy,No Promotion,9.0,0.19,6,162,63,83,7.3,470.0,642.85,-172.85,2.48,4.38
2025-02-23,BB06,Birmingham,Shopping Centre,Weekend,Rainy,Local Flyer,9.0,71.15,7,252,116,163,7.52,885.7,856.22,29.48,2.75,4.22
2025-02-23,BB07,Bristol,High Street,Weekend,Rainy,No Promotion,9.0,16.75,6,153,68,100,8.38,601.73,661.77,-60.04,1.98,4.53
2025-02-23,BB08,Bristol,Shopping Centre,Weekend,Rainy,Combo Deal,9.0,36.87,6,257,122,198,8.49,1071.3,851.46,219.84,2.63,4.45
2025-02-24,BB01,London,High Street,Weekday,Sunny,Social Media,9.8,114.66,6,295,129,175,8.22,1085.24,968.03,117.21,3.29,4.26
2025-02-24,BB02,London,Shopping Centre,Weekday,Sunny,No Promotion,9.8,9.16,6,276,95,128,8.46,795.93,759.61,36.32,2.83,4.1
2025-02-24,BB03,Manchester,High Street,Weekday,Sunny,Social Media,9.8,72.59,6,239,106,168,7.86,820.51,849.45,-28.94,3.32,4.17
2025-02-24,BB04,Manchester,Shopping Centre,Weekday,Sunny,Social Media,9.8,67.74,7,268,126,183,8.16,1016.62,927.54,89.08,3.05,4.28
2025-02-24,BB05,Birmingham,High Street,Weekday,Sunny,No Promotion,9.8,3.2,5,200,84,123,6.55,550.69,557.43,-6.73,3.11,4.36
2025-02-24,BB06,Birmingham,Shopping Centre,Weekday,Sunny,No Promotion,9.8,12.33,6,241,94,143,7.13,648.69,662.09,-13.4,2.78,4.07
2025-02-24,BB07,Bristol,High Street,Weekday,Sunny,No Promotion,9.8,0.73,6,181,73,98,7.36,519.46,614.23,-94.78,1.86,4.56
2025-02-24,BB08,Bristol,Shopping Centre,Weekday,Sunny,No Promotion,9.8,16.25,6,214,92,137,7.99,726.49,709.97,16.53,2.52,4.2
2025-02-25,BB01,London,High Street,Weekday,Sunny,No Promotion,11.4,2.05,6,254,111,156,7.5,819.52,804.13,15.38,2.58,4.31
2025-02-25,BB02,London,Shopping Centre,Weekday,Sunny,Combo Deal,11.4,58.62,7,344,150,244,8.41,1270.37,979.9,290.47,3.26,4.51
2025-02-25,BB03,Manchester,High Street,Weekday,Sunny,Social Media,11.4,88.29,6,227,91,136,7.5,685.39,765.07,-79.68,2.76,4.56
2025-02-25,BB04,Manchester,Shopping Centre,Weekday,Sunny,No Promotion,11.4,11.68,6,246,98,150,7.68,753.66,673.88,79.79,2.97,4.18
2025-02-25,BB05,Birmingham,High Street,Weekday,Sunny,No Promotion,11.4,15.48,7,209,92,134,6.62,549.68,680.11,-130.42,2.15,4.27
2025-02-25,BB06,Birmingham,Shopping Centre,Weekday,Sunny,No Promotion,11.4,8.77,6,210,73,107,7.0,507.01,613.2,-106.19,2.61,4.44
2025-02-25,BB07,Bristol,High Street,Weekday,Sunny,No Promotion,11.4,8.91,6,207,89,135,7.38,672.18,663.74,8.44,2.54,4.14
2025-02-25,BB08,Bristol,Shopping Centre,Weekday,Sunny,Social Media,11.4,65.54,6,249,102,133,8.45,821.36,765.11,56.26,2.68,4.32
2025-02-26,BB01,London,High Street,Weekday,Cloudy,No Promotion,10.6,7.49,7,253,108,163,7.63,846.7,836.66,10.04,2.81,4.28
2025-02-26,BB02,London,Shopping Centre,Weekday,Cloudy,Social Media,10.6,60.69,8,305,135,202,8.56,1174.77,1019.68,155.09,2.38,4.35
2025-02-26,BB03,Manchester,High Street,Weekday,Cloudy,No Promotion,10.6,8.23,5,164,59,94,6.93,418.77,562.83,-144.06,2.03,4.23
2025-02-26,BB04,Manchester,Shopping Centre,Weekday,Cloudy,No Promotion,10.6,7.95,6,218,86,133,8.44,704.84,703.87,0.97,2.69,4.22
2025-02-26,BB05,Birmingham,High Street,Weekday,Cloudy,No Promotion,10.6,1.53,6,176,71,103,6.44,462.73,568.53,-105.8,2.2,4.47
2025-02-26,BB06,Birmingham,Shopping Centre,Weekday,Cloudy,Combo Deal,10.6,31.55,7,254,109,184,7.31,810.29,783.96,26.33,3.25,4.36
2025-02-26,BB07,Bristol,High Street,Weekday,Cloudy,Local Flyer,10.6,66.32,5,169,71,96,7.74,531.63,661.64,-130.01,2.62,4.05
2025-02-26,BB08,Bristol,Shopping Centre,Weekday,Cloudy,No Promotion,10.6,16.57,5,197,72,99,7.36,559.37,605.18,-45.81,2.49,4.4
2025-02-27,BB01,London,High Street,Weekday,Cloudy,Social Media,10.0,53.82,7,293,129,185,8.23,1065.75,970.88,94.87,2.55,4.35
2025-02-27,BB02,London,Shopping Centre,Weekday,Cloudy,Social Media,10.0,52.73,7,277,124,184,9.07,1137.95,959.85,178.1,2.56,4.57
2025-02-27,BB03,Manchester,High Street,Weekday,Cloudy,Local Flyer,10.0,59.33,6,202,86,136,7.05,574.47,720.99,-146.53,2.28,4.39
2025-02-27,BB04,Manchester,Shopping Centre,Weekday,Cloudy,Social Media,10.0,70.29,6,251,117,177,7.54,886.0,810.36,75.63,3.33,4.08
2025-02-27,BB05,Birmingham,High Street,Weekday,Cloudy,No Promotion,10.0,4.75,6,209,93,133,7.06,665.3,640.2,25.1,2.58,4.26
2025-02-27,BB06,Birmingham,Shopping Centre,Weekday,Cloudy,No Promotion,10.0,3.83,6,178,79,111,7.89,643.04,706.09,-63.06,2.62,4.05
2025-02-27,BB07,Bristol,High Street,Weekday,Cloudy,No Promotion,10.0,8.75,7,211,94,133,7.56,687.84,723.0,-35.17,2.8,4.39
2025-02-27,BB08,Bristol,Shopping Centre,Weekday,Cloudy,Social Media,10.0,108.02,5,212,88,119,7.7,683.82,769.26,-85.45,3.11,4.15
2025-02-28,BB01,London,High Street,Weekday,Sunny,No Promotion,8.0,9.74,5,242,88,125,7.35,657.09,651.89,5.2,2.75,4.28
2025-02-28,BB02,London,Shopping Centre,Weekday,Sunny,Social Media,8.0,48.7,7,311,123,195,9.53,1173.74,961.11,212.63,2.96,4.18
2025-02-28,BB03,Manchester,High Street,Weekday,Sunny,No Promotion,8.0,14.52,5,181,76,104,7.38,573.07,621.53,-48.46,2.72,4.38
2025-02-28,BB04,Manchester,Shopping Centre,Weekday,Sunny,No Promotion,8.0,4.6,7,251,114,164,7.87,917.59,806.03,111.57,2.67,4.44
2025-02-28,BB05,Birmingham,High Street,Weekday,Sunny,Combo Deal,8.0,58.85,7,258,104,166,6.71,720.58,783.57,-62.98,2.39,4.5
2025-02-28,BB06,Birmingham,Shopping Centre,Weekday,Sunny,Combo Deal,8.0,55.38,7,272,107,171,7.55,834.66,793.28,41.38,2.97,4.65
2025-02-28,BB07,Bristol,High Street,Weekday,Sunny,Combo Deal,8.0,66.02,7,266,126,209,6.67,840.81,817.77,23.04,3.27,4.22
2025-02-28,BB08,Bristol,Shopping Centre,Weekday,Sunny,No Promotion,8.0,6.33,6,192,90,125,7.78,691.7,684.98,6.72,2.97,4.4
2025-03-01,BB01,London,High Street,Weekend,Cloudy,Local Flyer,14.0,44.37,7,272,114,191,8.05,937.96,862.74,75.22,2.77,4.24
2025-03-01,BB02,London,Shopping Centre,Weekend,Cloudy,No Promotion,14.0,8.58,8,369,147,199,9.1,1307.45,1000.44,307.0,3.0,4.37
2025-03-01,BB03,Manchester,High Street,Weekend,Cloudy,Social Media,14.0,101.89,7,252,122,176,6.82,844.4,888.1,-43.71,2.97,4.38
2025-03-01,BB04,Manchester,Shopping Centre,Weekend,Cloudy,Local Flyer,14.0,46.67,7,292,121,176,7.99,1013.43,920.04,93.39,2.67,4.4
2025-03-01,BB05,Birmingham,High Street,Weekend,Cloudy,No Promotion,14.0,15.66,6,188,72,98,7.53,546.63,639.71,-93.08,2.59,4.25
2025-03-01,BB06,Birmingham,Shopping Centre,Weekend,Cloudy,No Promotion,14.0,14.08,6,250,98,152,6.85,685.93,704.62,-18.68,2.22,4.69
2025-03-01,BB07,Bristol,High Street,Weekend,Cloudy,No Promotion,14.0,17.91,6,170,79,112,7.66,627.91,685.39,-57.48,2.59,4.35
2025-03-01,BB08,Bristol,Shopping Centre,Weekend,Cloudy,Social Media,14.0,96.62,6,285,131,198,8.44,1098.43,903.22,195.22,3.29,4.07
2025-03-02,BB01,London,High Street,Weekend,Sunny,No Promotion,10.5,6.13,7,293,133,180,7.8,1016.71,890.78,125.93,3.1,4.28
2025-03-02,BB02,London,Shopping Centre,Weekend,Sunny,Combo Deal,10.5,66.36,9,423,189,329,8.88,1660.35,1248.74,411.61,3.05,4.35
2025-03-02,BB03,Manchester,High Street,Weekend,Sunny,Social Media,10.5,45.74,6,239,109,147,8.75,958.32,841.21,117.11,2.85,4.37
2025-03-02,BB04,Manchester,Shopping Centre,Weekend,Sunny,No Promotion,10.5,14.21,8,324,140,201,7.69,1078.87,883.36,195.51,3.15,4.29
2025-03-02,BB05,Birmingham,High Street,Weekend,Sunny,Combo Deal,10.5,59.9,7,274,123,200,7.0,833.14,852.02,-18.89,3.26,4.33
2025-03-02,BB06,Birmingham,Shopping Centre,Weekend,Sunny,No Promotion,10.5,3.52,6,238,100,137,6.67,650.62,654.45,-3.83,2.11,4.25
2025-03-02,BB07,Bristol,High Street,Weekend,Sunny,No Promotion,10.5,8.18,7,191,84,123,8.37,705.43,741.26,-35.84,2.76,4.27
2025-03-02,BB08,Bristol,Shopping Centre,Weekend,Sunny,No Promotion,10.5,17.82,6,248,110,163,8.89,978.85,814.82,164.04,3.17,4.26
2025-03-03,BB01,London,High Street,Weekday,Rainy,No Promotion,15.7,9.98,6,213,91,126,7.97,714.97,762.49,-47.52,2.62,4.35
2025-03-03,BB02,London,Shopping Centre,Weekday,Rainy,Social Media,15.7,113.4,7,260,124,198,8.89,1088.0,978.07,109.92,3.13,3.96
2025-03-03,BB03,Manchester,High Street,Weekday,Rainy,No Promotion,15.7,0.83,7,180,82,123,7.81,609.88,712.67,-102.79,2.34,4.39
2025-03-03,BB04,Manchester,Shopping Centre,Weekday,Rainy,No Promotion,15.7,11.94,5,181,71,103,7.59,557.77,605.35,-47.58,2.17,4.3
2025-03-03,BB05,Birmingham,High Street,Weekday,Rainy,No Promotion,15.7,16.58,6,173,81,121,7.36,577.75,653.7,-75.95,2.48,4.29
2025-03-03,BB06,Birmingham,Shopping Centre,Weekday,Rainy,No Promotion,15.7,8.0,5,168,67,98,7.6,490.9,597.39,-106.49,2.73,4.33
2025-03-03,BB07,Bristol,High Street,Weekday,Rainy,No Promotion,15.7,1.48,5,162,63,92,7.64,484.59,597.54,-112.96,2.8,4.22
2025-03-03,BB08,Bristol,Shopping Centre,Weekday,Rainy,Social Media,15.7,94.39,6,187,79,114,7.93,665.06,780.75,-115.69,2.26,4.25
2025-03-04,BB01,London,High Street,Weekday,Cloudy,Combo Deal,9.6,35.21,6,259,108,179,6.83,733.61,773.09,-39.48,3.01,4.21
2025-03-04,BB02,London,Shopping Centre,Weekday,Cloudy,Social Media,9.6,76.5,7,338,146,213,8.78,1297.59,1034.19,263.39,2.97,4.39
2025-03-04,BB03,Manchester,High Street,Weekday,Cloudy,Combo Deal,9.6,26.05,6,218,99,168,6.73,645.96,708.04,-62.08,2.32,4.26
2025-03-04,BB04,Manchester,Shopping Centre,Weekday,Cloudy,No Promotion,9.6,9.62,6,224,85,126,7.89,665.58,688.86,-23.29,2.51,4.21
2025-03-04,BB05,Birmingham,High Street,Weekday,Cloudy,Local Flyer,9.6,33.85,7,209,101,154,7.7,766.65,778.48,-11.83,2.97,4.38
2025-03-04,BB06,Birmingham,Shopping Centre,Weekday,Cloudy,Local Flyer,9.6,53.77,6,224,94,122,6.82,618.84,717.85,-99.02,2.66,4.23
2025-03-04,BB07,Bristol,High Street,Weekday,Cloudy,No Promotion,9.6,7.19,7,180,76,101,7.01,521.69,674.95,-153.26,1.93,4.5
2025-03-04,BB08,Bristol,Shopping Centre,Weekday,Cloudy,Social Media,9.6,57.26,6,201,84,125,8.03,654.47,736.67,-82.2,2.86,4.26
2025-03-05,BB01,London,High Street,Weekday,Cloudy,No Promotion,9.6,16.49,5,176,62,85,8.11,507.5,622.91,-115.41,2.24,4.3
2025-03-05,BB02,London,Shopping Centre,Weekday,Cloudy,No Promotion,9.6,8.32,7,239,110,153,8.78,966.0,839.73,126.27,2.62,4.33
2025-03-05,BB03,Manchester,High Street,Weekday,Cloudy,No Promotion,9.6,9.87,5,220,83,121,7.5,633.6,642.92,-9.31,2.76,4.5
2025-03-05,BB04,Manchester,Shopping Centre,Weekday,Cloudy,Social Media,9.6,70.07,6,241,101,132,8.27,805.98,804.2,1.78,2.18,4.31
2025-03-05,BB05,Birmingham,High Street,Weekday,Cloudy,No Promotion,9.6,0.08,6,183,83,124,7.32,606.15,686.47,-80.33,3.07,4.31
2025-03-05,BB06,Birmingham,Shopping Centre,Weekday,Cloudy,Combo Deal,9.6,32.52,7,260,117,188,7.26,876.45,837.68,38.77,2.78,4.38
2025-03-05,BB07,Bristol,High Street,Weekday,Cloudy,No Promotion,9.6,7.24,6,207,89,124,7.63,685.61,686.46,-0.85,3.11,4.31
2025-03-05,BB08,Bristol,Shopping Centre,Weekday,Cloudy,No Promotion,9.6,17.83,5,157,57,76,8.61,485.12,572.28,-87.16,2.84,4.38
2025-03-06,BB01,London,High Street,Weekday,Cloudy,Social Media,12.6,71.77,6,247,88,129,8.79,788.52,811.94,-23.42,2.65,4.11
2025-03-06,BB02,London,Shopping Centre,Weekday,Cloudy,No Promotion,12.6,5.34,7,263,116,183,8.31,955.24,804.64,150.6,2.49,4.18
2025-03-06,BB03,Manchester,High Street,Weekday,Cloudy,Social Media,12.6,46.66,7,219,103,159,7.08,729.75,780.41,-50.66,2.61,4.16
2025-03-06,BB04,Manchester,Shopping Centre,Weekday,Cloudy,No Promotion,12.6,0.11,6,238,96,140,7.97,730.0,724.11,5.89,3.0,4.23
2025-03-06,BB05,Birmingham,High Street,Weekday,Cloudy,No Promotion,12.6,12.99,6,205,89,125,6.64,592.91,667.88,-74.96,3.02,4.24
2025-03-06,BB06,Birmingham,Shopping Centre,Weekday,Cloudy,No Promotion,12.6,13.23,6,229,102,156,6.86,726.03,702.86,23.17,3.15,4.42
2025-03-06,BB07,Bristol,High Street,Weekday,Cloudy,No Promotion,12.6,6.75,6,198,81,118,7.41,564.94,690.29,-125.35,1.87,4.47
2025-03-06,BB08,Bristol,Shopping Centre,Weekday,Cloudy,No Promotion,12.6,8.81,7,181,88,121,8.32,739.92,750.66,-10.74,2.51,4.64
2025-03-07,BB01,London,High Street,Weekday,Cloudy,Social Media,8.0,90.56,7,270,124,167,7.86,944.15,942.79,1.36,2.72,4.13
2025-03-07,BB02,London,Shopping Centre,Weekday,Cloudy,No Promotion,8.0,10.84,6,274,109,154,7.72,817.56,781.27,36.28,2.92,4.07
2025-03-07,BB03,Manchester,High Street,Weekday,Cloudy,No Promotion,8.0,5.44,6,199,93,126,7.74,736.65,729.57,7.07,2.46,4.49
2025-03-07,BB04,Manchester,Shopping Centre,Weekday,Cloudy,Local Flyer,8.0,74.9,7,248,109,148,7.36,773.07,823.58,-50.51,3.03,4.24
2025-03-07,BB05,Birmingham,High Street,Weekday,Cloudy,No Promotion,8.0,17.07,5,202,86,119,7.29,613.87,614.5,-0.64,2.55,4.39
2025-03-07,BB06,Birmingham,Shopping Centre,Weekday,Cloudy,No Promotion,8.0,6.8,4,183,79,116,7.47,587.13,568.63,18.5,2.59,4.46
2025-03-07,BB07,Bristol,High Street,Weekday,Cloudy,No Promotion,8.0,10.85,6,166,67,99,8.69,527.84,622.2,-94.37,1.73,4.41
2025-03-07,BB08,Bristol,Shopping Centre,Weekday,Cloudy,No Promotion,8.0,6.41,5,189,74,105,7.2,506.59,562.81,-56.22,3.18,4.29
2025-03-08,BB01,London,High Street,Weekend,Cloudy,No Promotion,8.1,3.38,7,234,104,165,8.55,878.47,820.13,58.35,2.45,4.28
2025-03-08,BB02,London,Shopping Centre,Weekend,Cloudy,No Promotion,8.1,16.77,8,326,144,207,9.24,1346.98,1036.03,310.95,2.37,4.26
2025-03-08,BB03,Manchester,High Street,Weekend,Cloudy,Combo Deal,8.1,49.69,7,250,118,203,7.69,908.38,872.12,36.27,2.86,4.15
2025-03-08,BB04,Manchester,Shopping Centre,Weekend,Cloudy,Social Media,8.1,110.03,8,325,149,191,8.57,1285.21,1114.57,170.63,2.48,4.31
2025-03-08,BB05,Birmingham,High Street,Weekend,Cloudy,Combo Deal,8.1,52.03,6,251,109,177,6.52,693.22,732.9,-39.68,3.31,4.09
2025-03-08,BB06,Birmingham,Shopping Centre,Weekend,Cloudy,No Promotion,8.1,1.6,7,274,123,193,6.98,856.83,812.45,44.38,3.27,4.29
2025-03-08,BB07,Bristol,High Street,Weekend,Cloudy,No Promotion,8.1,6.57,5,150,59,81,8.09,465.15,544.87,-79.72,3.04,4.18
2025-03-08,BB08,Bristol,Shopping Centre,Weekend,Cloudy,Social Media,8.1,91.57,7,271,114,170,8.57,1011.14,901.28,109.85,2.21,4.43
2025-03-09,BB01,London,High Street,Weekend,Cloudy,Local Flyer,10.7,70.3,6,287,125,188,8.54,1091.0,888.5,202.5,3.72,4.02
2025-03-09,BB02,London,Shopping Centre,Weekend,Cloudy,Local Flyer,10.7,84.47,8,356,146,210,8.86,1279.24,1112.14,167.09,2.7,4.47
2025-03-09,BB03,Manchester,High Street,Weekend,Cloudy,Social Media,10.7,104.49,7,244,110,153,8.04,897.0,908.43,-11.43,2.24,4.6
2025-03-09,BB04,Manchester,Shopping Centre,Weekend,Cloudy,Social Media,10.7,114.19,8,261,123,176,8.71,1068.53,1002.25,66.28,3.03,4.16
2025-03-09,BB05,Birmingham,High Street,Weekend,Cloudy,Local Flyer,10.7,43.25,6,185,88,125,6.82,624.21,663.71,-39.5,2.24,4.44
2025-03-09,BB06,Birmingham,Shopping Centre,Weekend,Cloudy,Social Media,10.7,90.72,7,315,142,194,8.7,1238.95,970.67,268.28,2.99,4.26
2025-03-09,BB07,Bristol,High Street,Weekend,Cloudy,No Promotion,10.7,8.72,7,194,88,121,8.07,747.27,749.32,-2.05,2.58,4.11
2025-03-09,BB08,Bristol,Shopping Centre,Weekend,Cloudy,No Promotion,10.7,9.34,8,272,131,185,8.59,1152.03,933.27,218.76,3.18,4.26
2025-03-10,BB01,London,High Street,Weekday,Sunny,Social Media,11.6,47.45,7,304,133,170,8.67,1172.27,975.13,197.14,3.37,4.16
2025-03-10,BB02,London,Shopping Centre,Weekday,Sunny,No Promotion,11.6,10.39,6,254,106,155,8.75,934.64,827.31,107.34,3.01,4.37
2025-03-10,BB03,Manchester,High Street,Weekday,Sunny,Social Media,11.6,70.13,6,197,92,122,8.11,738.55,763.92,-25.37,2.73,4.45
2025-03-10,BB04,Manchester,Shopping Centre,Weekday,Sunny,No Promotion,11.6,13.19,6,219,91,136,7.22,646.08,707.32,-61.24,3.06,4.25
2025-03-10,BB05,Birmingham,High Street,Weekday,Sunny,No Promotion,11.6,2.24,6,212,83,118,7.22,610.21,670.64,-60.43,2.94,4.29
2025-03-10,BB06,Birmingham,Shopping Centre,Weekday,Sunny,No Promotion,11.6,16.66,6,225,93,123,7.34,700.96,719.49,-18.53,2.22,4.22
2025-03-10,BB07,Bristol,High Street,Weekday,Sunny,No Promotion,11.6,6.21,6,232,84,118,7.38,646.12,651.65,-5.53,2.73,4.37
2025-03-10,BB08,Bristol,Shopping Centre,Weekday,Sunny,No Promotion,11.6,13.06,5,236,88,136,9.13,811.62,723.71,87.91,2.85,4.43
2025-03-11,BB01,London,High Street,Weekday,Rainy,No Promotion,8.6,15.44,6,218,95,120,8.0,766.39,754.36,12.03,2.37,4.11
2025-03-11,BB02,London,Shopping Centre,Weekday,Rainy,Local Flyer,8.6,56.38,7,169,82,112,8.04,676.11,782.63,-106.52,2.19,4.35
2025-03-11,BB03,Manchester,High Street,Weekday,Rainy,Combo Deal,8.6,67.79,7,222,94,147,7.51,698.46,809.59,-111.13,2.33,4.43
2025-03-11,BB04,Manchester,Shopping Centre,Weekday,Rainy,Combo Deal,8.6,44.02,7,219,106,169,6.68,699.12,791.02,-91.9,2.9,4.31
2025-03-11,BB05,Birmingham,High Street,Weekday,Rainy,Social Media,8.6,60.22,5,163,74,109,6.78,484.35,636.42,-152.07,3.04,4.21
2025-03-11,BB06,Birmingham,Shopping Centre,Weekday,Rainy,No Promotion,8.6,16.02,6,175,74,107,7.84,597.68,680.79,-83.11,2.9,4.31
2025-03-11,BB07,Bristol,High Street,Weekday,Rainy,No Promotion,8.6,7.71,5,131,62,94,6.96,439.61,561.97,-122.36,2.36,4.39
2025-03-11,BB08,Bristol,Shopping Centre,Weekday,Rainy,No Promotion,8.6,13.39,5,148,65,100,7.16,453.44,530.52,-77.07,2.29,4.41
2025-03-12,BB01,London,High Street,Weekday,Rainy,No Promotion,4.9,1.98,7,211,83,121,8.6,680.45,751.93,-71.48,2.45,4.22
2025-03-12,BB02,London,Shopping Centre,Weekday,Rainy,Combo Deal,4.9,48.01,7,297,131,221,8.19,1079.35,932.26,147.09,2.83,4.12
2025-03-12,BB03,Manchester,High Street,Weekday,Rainy,No Promotion,4.9,17.87,6,160,72,118,7.14,486.66,620.77,-134.11,2.58,4.36
2025-03-12,BB04,Manchester,Shopping Centre,Weekday,Rainy,Social Media,4.9,68.53,7,224,98,141,8.39,808.5,846.42,-37.92,2.59,4.37
2025-03-12,BB05,Birmingham,High Street,Weekday,Rainy,Combo Deal,4.9,65.88,6,194,103,163,6.85,708.73,736.09,-27.36,2.27,4.35
2025-03-12,BB06,Birmingham,Shopping Centre,Weekday,Rainy,No Promotion,4.9,14.02,6,206,95,141,7.31,693.94,687.04,6.9,2.17,4.25
2025-03-12,BB07,Bristol,High Street,Weekday,Rainy,Social Media,4.9,50.24,5,163,62,92,8.28,527.19,654.75,-127.56,2.29,4.35
2025-03-12,BB08,Bristol,Shopping Centre,Weekday,Rainy,Local Flyer,4.9,69.45,6,159,74,95,8.44,619.86,730.99,-111.13,2.11,4.29
2025-03-13,BB01,London,High Street,Weekday,Cloudy,Combo Deal,10.7,42.89,7,332,135,236,6.99,968.55,905.62,62.92,3.18,4.32
2025-03-13,BB02,London,Shopping Centre,Weekday,Cloudy,No Promotion,10.7,12.54,6,263,102,153,8.41,830.45,776.66,53.79,2.95,4.28
2025-03-13,BB03,Manchester,High Street,Weekday,Cloudy,No Promotion,10.7,15.9,5,198,82,112,7.62,624.67,645.65,-20.98,2.63,4.51
2025-03-13,BB04,Manchester,Shopping Centre,Weekday,Cloudy,No Promotion,10.7,13.0,7,263,116,162,8.05,930.82,822.62,108.2,2.76,4.53
2025-03-13,BB05,Birmingham,High Street,Weekday,Cloudy,Combo Deal,10.7,42.19,5,243,95,150,6.63,646.71,648.3,-1.59,2.72,4.37
2025-03-13,BB06,Birmingham,Shopping Centre,Weekday,Cloudy,No Promotion,10.7,13.07,6,217,96,135,6.74,649.02,687.06,-38.04,2.73,4.36
2025-03-13,BB07,Bristol,High Street,Weekday,Cloudy,No Promotion,10.7,10.94,6,217,87,131,7.23,589.04,662.59,-73.55,2.49,4.59
2025-03-13,BB08,Bristol,Shopping Centre,Weekday,Cloudy,Combo Deal,10.7,36.18,7,249,128,211,7.79,994.04,856.48,137.56,2.66,4.35
2025-03-14,BB01,London,High Street,Weekday,Cloudy,No Promotion,7.1,5.97,7,250,101,148,7.73,773.43,796.02,-22.59,2.76,4.25
2025-03-14,BB02,London,Shopping Centre,Weekday,Cloudy,No Promotion,7.1,2.65,7,268,108,158,8.36,907.64,819.41,88.23,3.38,4.4
2025-03-14,BB03,Manchester,High Street,Weekday,Cloudy,No Promotion,7.1,16.62,7,227,103,139,6.8,719.79,753.76,-33.97,2.5,4.58
2025-03-14,BB04,Manchester,Shopping Centre,Weekday,Cloudy,Local Flyer,7.1,69.12,6,249,111,166,7.67,840.79,809.84,30.95,2.57,4.47
2025-03-14,BB05,Birmingham,High Street,Weekday,Cloudy,No Promotion,7.1,10.4,6,174,76,106,7.17,515.12,613.02,-97.9,2.05,4.54
2025-03-14,BB06,Birmingham,Shopping Centre,Weekday,Cloudy,Social Media,7.1,74.31,7,266,105,144,8.11,825.91,841.99,-16.07,2.53,4.14
2025-03-14,BB07,Bristol,High Street,Weekday,Cloudy,No Promotion,7.1,17.89,5,170,72,98,8.05,607.1,653.38,-46.27,2.62,4.4
2025-03-14,BB08,Bristol,Shopping Centre,Weekday,Cloudy,Local Flyer,7.1,37.58,6,171,81,116,8.0,669.01,742.73,-73.72,2.46,4.17
2025-03-15,BB01,London,High Street,Weekend,Rainy,No Promotion,12.1,6.57,6,227,99,155,8.31,788.79,778.24,10.55,3.14,4.13
2025-03-15,BB02,London,Shopping Centre,Weekend,Rainy,Social Media,12.1,55.91,7,318,145,212,8.81,1237.02,989.86,247.16,2.93,4.41
2025-03-15,BB03,Manchester,High Street,Weekend,Rainy,Social Media,12.1,55.98,6,215,100,156,7.91,804.32,751.95,52.37,2.43,4.49
2025-03-15,BB04,Manchester,Shopping Centre,Weekend,Rainy,No Promotion,12.1,5.64,7,253,103,153,8.72,911.81,834.98,76.84,2.63,4.3
2025-03-15,BB05,Birmingham,High Street,Weekend,Rainy,No Promotion,12.1,10.75,6,172,73,122,6.78,483.7,658.56,-174.85,2.41,4.24
2025-03-15,BB06,Birmingham,Shopping Centre,Weekend,Rainy,No Promotion,12.1,6.42,6,227,96,137,8.24,804.13,713.92,90.21,2.64,4.35
2025-03-15,BB07,Bristol,High Street,Weekend,Rainy,Social Media,12.1,86.05,6,191,94,134,7.81,689.33,756.82,-67.49,2.32,4.39
2025-03-15,BB08,Bristol,Shopping Centre,Weekend,Rainy,Local Flyer,12.1,81.16,7,206,101,153,8.63,852.92,873.15,-20.23,2.32,4.31
2025-03-16,BB01,London,High Street,Weekend,Sunny,Social Media,9.3,101.33,7,301,112,163,8.38,954.58,946.37,8.21,2.96,4.25
2025-03-16,BB02,London,Shopping Centre,Weekend,Sunny,No Promotion,9.3,3.23,9,394,173,246,8.75,1534.58,1113.84,420.74,3.64,4.23
2025-03-16,BB03,Manchester,High Street,Weekend,Sunny,Local Flyer,9.3,82.36,6,275,119,165,7.59,926.48,846.91,79.58,2.74,4.18
2025-03-16,BB04,Manchester,Shopping Centre,Weekend,Sunny,Combo Deal,9.3,38.08,8,330,145,226,8.15,1202.23,983.7,218.53,2.51,4.18
2025-03-16,BB05,Birmingham,High Street,Weekend,Sunny,Social Media,9.3,109.57,6,243,109,168,7.55,815.6,841.9,-26.3,2.93,4.32
2025-03-16,BB06,Birmingham,Shopping Centre,Weekend,Sunny,Social Media,9.3,47.19,8,340,157,215,8.33,1349.81,1040.65,309.16,3.52,4.13
2025-03-16,BB07,Bristol,High Street,Weekend,Sunny,No Promotion,9.3,1.25,6,232,99,141,7.44,741.13,700.45,40.69,3.06,4.19
2025-03-16,BB08,Bristol,Shopping Centre,Weekend,Sunny,No Promotion,9.3,7.54,6,253,101,144,7.91,837.62,727.05,110.57,2.74,4.28
2025-03-17,BB01,London,High Street,Weekday,Cloudy,Local Flyer,7.0,47.41,7,277,134,211,8.82,1220.11,986.4,233.71,3.23,4.37
2025-03-17,BB02,London,Shopping Centre,Weekday,Cloudy,Combo Deal,7.0,68.63,8,330,165,277,8.42,1408.48,1114.04,294.44,3.77,4.36
2025-03-17,BB03,Manchester,High Street,Weekday,Cloudy,No Promotion,7.0,14.65,5,227,86,119,6.85,599.65,613.04,-13.39,2.77,4.31
2025-03-17,BB04,Manchester,Shopping Centre,Weekday,Cloudy,No Promotion,7.0,7.71,7,199,88,121,7.65,702.81,743.02,-40.21,2.25,4.63
2025-03-17,BB05,Birmingham,High Street,Weekday,Cloudy,No Promotion,7.0,11.69,5,194,74,111,6.81,501.23,598.35,-97.11,3.02,4.29
2025-03-17,BB06,Birmingham,Shopping Centre,Weekday,Cloudy,No Promotion,7.0,3.52,6,230,96,128,7.46,713.63,726.07,-12.44,2.95,4.22
2025-03-17,BB07,Bristol,High Street,Weekday,Cloudy,No Promotion,7.0,15.09,6,195,81,118,6.76,576.33,697.21,-120.89,2.21,4.23
2025-03-17,BB08,Bristol,Shopping Centre,Weekday,Cloudy,Local Flyer,7.0,65.44,7,228,91,130,7.12,602.17,762.09,-159.92,3.18,4.1
2025-03-18,BB01,London,High Street,Weekday,Cloudy,Social Media,13.4,104.01,7,298,112,164,8.36,907.79,925.69,-17.9,2.72,4.3
2025-03-18,BB02,London,Shopping Centre,Weekday,Cloudy,No Promotion,13.4,6.88,7,219,86,126,9.51,810.2,812.98,-2.79,2.53,4.57
2025-03-18,BB03,Manchester,High Street,Weekday,Cloudy,Social Media,13.4,110.45,6,194,83,112,7.6,645.14,763.06,-117.92,2.74,4.28
2025-03-18,BB04,Manchester,Shopping Centre,Weekday,Cloudy,Combo Deal,13.4,25.99,8,266,121,194,7.02,831.07,864.12,-33.06,2.79,4.28
2025-03-18,BB05,Birmingham,High Street,Weekday,Cloudy,Social Media,13.4,47.2,5,214,88,124,7.09,620.94,676.35,-55.41,2.93,4.31
2025-03-18,BB06,Birmingham,Shopping Centre,Weekday,Cloudy,No Promotion,13.4,15.6,6,216,99,149,7.33,671.97,679.59,-7.62,2.59,4.47
2025-03-18,BB07,Bristol,High Street,Weekday,Cloudy,No Promotion,13.4,9.23,5,208,75,108,7.78,551.42,616.66,-65.24,2.5,4.56
2025-03-18,BB08,Bristol,Shopping Centre,Weekday,Cloudy,Combo Deal,13.4,61.72,6,225,93,145,7.4,683.11,717.1,-33.99,2.79,4.38
2025-03-19,BB01,London,High Street,Weekday,Cloudy,Combo Deal,9.6,40.85,7,297,139,216,8.16,1148.55,966.01,182.53,3.47,4.33
2025-03-19,BB02,London,Shopping Centre,Weekday,Cloudy,No Promotion,9.6,5.92,6,250,99,138,8.84,886.21,778.46,107.75,2.41,4.4
2025-03-19,BB03,Manchester,High Street,Weekday,Cloudy,Combo Deal,9.6,39.3,7,254,112,183,6.65,749.75,807.35,-57.61,3.04,4.19
2025-03-19,BB04,Manchester,Shopping Centre,Weekday,Cloudy,No Promotion,9.6,11.59,6,220,96,149,7.89,754.06,736.51,17.55,2.69,4.51
2025-03-19,BB05,Birmingham,High Street,Weekday,Cloudy,Social Media,9.6,97.76,6,203,92,140,6.32,593.74,761.11,-167.37,2.7,4.19
2025-03-19,BB06,Birmingham,Shopping Centre,Weekday,Cloudy,No Promotion,9.6,0.86,7,205,82,123,7.82,628.9,690.82,-61.91,1.91,4.68
2025-03-19,BB07,Bristol,High Street,Weekday,Cloudy,No Promotion,9.6,14.13,5,171,78,109,7.46,592.51,592.62,-0.11,2.8,4.44
2025-03-19,BB08,Bristol,Shopping Centre,Weekday,Cloudy,Combo Deal,9.6,45.11,6,205,84,121,7.26,642.18,717.61,-75.44,2.88,4.32
2025-03-20,BB01,London,High Street,Weekday,Cloudy,Social Media,5.2,50.46,7,254,118,174,7.91,944.84,914.58,30.27,2.52,4.26
2025-03-20,BB02,London,Shopping Centre,Weekday,Cloudy,No Promotion,5.2,8.17,6,240,106,171,8.41,853.56,783.0,70.56,3.01,4.37
2025-03-20,BB03,Manchester,High Street,Weekday,Cloudy,Combo Deal,5.2,64.43,7,257,124,203,6.95,849.1,866.95,-17.84,2.84,4.64
2025-03-20,BB04,Manchester,Shopping Centre,Weekday,Cloudy,No Promotion,5.2,9.04,7,240,111,160,7.31,805.02,760.87,44.15,2.45,4.27
2025-03-20,BB05,Birmingham,High Street,Weekday,Cloudy,Social Media,5.2,112.13,7,214,100,148,7.25,729.06,874.26,-145.2,2.59,4.21
2025-03-20,BB06,Birmingham,Shopping Centre,Weekday,Cloudy,Combo Deal,5.2,60.36,7,269,123,200,6.92,816.49,839.73,-23.25,2.63,4.4
2025-03-20,BB07,Bristol,High Street,Weekday,Cloudy,No Promotion,5.2,1.25,6,175,79,113,7.59,598.61,612.27,-13.66,2.31,4.15
2025-03-20,BB08,Bristol,Shopping Centre,Weekday,Cloudy,Social Media,5.2,62.33,6,191,67,100,7.71,522.68,685.32,-162.65,2.65,4.39
2025-03-21,BB01,London,High Street,Weekday,Rainy,Local Flyer,7.1,30.75,6,207,108,147,8.52,883.48,781.11,102.37,2.84,4.21
2025-03-21,BB02,London,Shopping Centre,Weekday,Rainy,No Promotion,7.1,17.62,7,219,95,117,8.08,795.86,776.17,19.7,3.35,4.0
2025-03-21,BB03,Manchester,High Street,Weekday,Rainy,Combo Deal,7.1,45.22,6,193,85,126,6.49,565.92,693.5,-127.58,2.64,4.53
2025-03-21,BB04,Manchester,Shopping Centre,Weekday,Rainy,No Promotion,7.1,11.02,7,201,89,127,7.58,651.72,711.24,-59.53,3.22,4.1
2025-03-21,BB05,Birmingham,High Street,Weekday,Rainy,No Promotion,7.1,5.19,6,163,80,118,6.31,518.76,637.14,-118.38,2.59,4.27
2025-03-21,BB06,Birmingham,Shopping Centre,Weekday,Rainy,Combo Deal,7.1,31.98,6,205,114,197,7.39,850.13,741.0,109.14,3.06,4.38
2025-03-21,BB07,Bristol,High Street,Weekday,Rainy,No Promotion,7.1,17.4,6,150,69,96,6.74,449.48,612.13,-162.65,2.62,4.23
2025-03-21,BB08,Bristol,Shopping Centre,Weekday,Rainy,No Promotion,7.1,10.2,6,184,80,121,7.52,649.36,686.24,-36.87,2.24,4.27
2025-03-22,BB01,London,High Street,Weekend,Cloudy,Local Flyer,9.2,46.63,7,279,129,196,8.72,1108.6,945.64,162.96,2.98,4.14
2025-03-22,BB02,London,Shopping Centre,Weekend,Cloudy,Combo Deal,9.2,27.45,9,394,177,285,8.78,1547.69,1169.75,377.94,3.0,4.36
2025-03-22,BB03,Manchester,High Street,Weekend,Cloudy,Social Media,9.2,59.35,6,208,89,123,7.06,622.74,694.05,-71.3,2.74,4.31
2025-03-22,BB04,Manchester,Shopping Centre,Weekend,Cloudy,No Promotion,9.2,0.0,7,288,128,191,7.75,1002.91,853.06,149.85,2.2,4.61
2025-03-22,BB05,Birmingham,High Street,Weekend,Cloudy,No Promotion,9.2,14.79,5,172,69,104,8.07,549.76,583.68,-33.92,2.6,4.17
2025-03-22,BB06,Birmingham,Shopping Centre,Weekend,Cloudy,Social Media,9.2,79.51,7,295,128,176,8.35,1092.87,933.35,159.52,2.91,4.28
2025-03-22,BB07,Bristol,High Street,Weekend,Cloudy,Combo Deal,9.2,65.82,7,249,102,162,8.65,855.1,845.69,9.41,2.38,4.42
2025-03-22,BB08,Bristol,Shopping Centre,Weekend,Cloudy,No Promotion,9.2,11.81,6,227,86,123,9.08,773.92,707.42,66.49,3.06,4.17
2025-03-23,BB01,London,High Street,Weekend,Cloudy,Social Media,11.5,99.28,7,258,126,194,8.46,1069.47,991.46,78.01,2.78,4.36
2025-03-23,BB02,London,Shopping Centre,Weekend,Cloudy,Local Flyer,11.5,74.47,8,356,154,219,9.54,1446.56,1131.26,315.3,3.08,4.21
2025-03-23,BB03,Manchester,High Street,Weekend,Cloudy,Combo Deal,11.5,52.29,7,272,117,182,7.84,914.83,866.29,48.54,3.07,4.21
2025-03-23,BB04,Manchester,Shopping Centre,Weekend,Cloudy,No Promotion,11.5,2.92,6,253,101,142,8.53,817.9,729.3,88.61,3.1,4.21
2025-03-23,BB05,Birmingham,High Street,Weekend,Cloudy,No Promotion,11.5,13.14,6,216,81,118,6.89,538.92,647.76,-108.85,2.69,4.21
2025-03-23,BB06,Birmingham,Shopping Centre,Weekend,Cloudy,No Promotion,11.5,1.41,7,269,121,181,8.81,1048.14,863.57,184.57,3.38,4.45
2025-03-23,BB07,Bristol,High Street,Weekend,Cloudy,Local Flyer,11.5,81.25,6,185,88,131,8.13,731.68,780.08,-48.4,2.56,4.46
2025-03-23,BB08,Bristol,Shopping Centre,Weekend,Cloudy,No Promotion,11.5,6.02,7,244,84,110,8.35,709.7,711.98,-2.28,2.27,4.32
2025-03-24,BB01,London,High Street,Weekday,Rainy,Social Media,16.2,50.64,6,248,116,179,8.29,947.8,853.28,94.52,2.83,4.54
2025-03-24,BB02,London,Shopping Centre,Weekday,Rainy,No Promotion,16.2,13.93,5,234,93,133,8.51,794.39,726.24,68.15,2.67,4.38
2025-03-24,BB03,Manchester,High Street,Weekday,Rainy,Combo Deal,16.2,33.71,6,223,108,171,6.68,720.63,732.14,-11.51,3.04,4.15
2025-03-24,BB04,Manchester,Shopping Centre,Weekday,Rainy,Social Media,16.2,50.36,7,217,106,150,7.75,813.3,836.28,-22.99,2.56,4.35
2025-03-24,BB05,Birmingham,High Street,Weekday,Rainy,No Promotion,16.2,8.91,7,173,83,131,6.63,541.82,676.96,-135.15,2.23,4.38
2025-03-24,BB06,Birmingham,Shopping Centre,Weekday,Rainy,No Promotion,16.2,16.21,5,166,75,113,7.42,555.42,632.96,-77.54,2.3,4.55
2025-03-24,BB07,Bristol,High Street,Weekday,Rainy,Social Media,16.2,76.76,7,206,100,134,8.15,830.84,864.79,-33.95,2.37,4.27
2025-03-24,BB08,Bristol,Shopping Centre,Weekday,Rainy,No Promotion,16.2,3.7,5,161,74,107,8.02,557.09,602.01,-44.92,3.31,4.09
2025-03-25,BB01,London,High Street,Weekday,Rainy,No Promotion,6.6,14.93,7,213,95,143,7.8,708.27,784.77,-76.5,2.02,4.26
2025-03-25,BB02,London,Shopping Centre,Weekday,Rainy,Social Media,6.6,56.38,7,270,131,192,8.98,1174.21,994.68,179.52,3.39,4.14
2025-03-25,BB03,Manchester,High Street,Weekday,Rainy,Social Media,6.6,91.15,5,190,83,118,7.42,629.97,718.43,-88.46,2.91,3.95
2025-03-25,BB04,Manchester,Shopping Centre,Weekday,Rainy,No Promotion,6.6,15.2,6,193,90,133,8.1,763.21,743.2,20.02,3.35,4.34
2025-03-25,BB05,Birmingham,High Street,Weekday,Rainy,No Promotion,6.6,11.12,5,156,60,86,6.88,405.14,572.65,-167.51,2.25,4.38
2025-03-25,BB06,Birmingham,Shopping Centre,Weekday,Rainy,Combo Deal,6.6,52.03,7,232,107,174,6.92,758.87,772.14,-13.26,2.43,4.24
2025-03-25,BB07,Bristol,High Street,Weekday,Rainy,No Promotion,6.6,5.88,6,148,67,96,7.42,502.53,627.68,-125.15,2.13,4.59
2025-03-25,BB08,Bristol,Shopping Centre,Weekday,Rainy,Combo Deal,6.6,47.87,6,194,93,150,7.52,677.68,744.96,-67.28,2.75,4.63
2025-03-26,BB01,London,High Street,Weekday,Cloudy,No Promotion,10.1,7.53,8,275,124,169,7.85,967.84,908.63,59.21,2.68,4.41
2025-03-26,BB02,London,Shopping Centre,Weekday,Cloudy,No Promotion,10.1,8.2,7,316,123,172,8.87,1042.65,868.61,174.04,2.65,4.18
2025-03-26,BB03,Manchester,High Street,Weekday,Cloudy,Social Media,10.1,53.77,7,237,102,152,7.72,782.71,840.64,-57.93,2.97,4.34
2025-03-26,BB04,Manchester,Shopping Centre,Weekday,Cloudy,Social Media,10.1,107.99,7,250,117,149,7.68,897.69,890.42,7.26,3.17,4.27
2025-03-26,BB05,Birmingham,High Street,Weekday,Cloudy,No Promotion,10.1,15.6,5,146,60,86,6.69,439.12,567.08,-127.96,2.12,4.31
2025-03-26,BB06,Birmingham,Shopping Centre,Weekday,Cloudy,Social Media,10.1,76.42,7,236,105,148,7.75,828.94,882.04,-53.11,3.36,4.06
2025-03-26,BB07,Bristol,High Street,Weekday,Cloudy,Social Media,10.1,90.46,7,221,91,135,7.52,678.88,784.85,-105.97,1.93,4.33
2025-03-26,BB08,Bristol,Shopping Centre,Weekday,Cloudy,No Promotion,10.1,5.81,6,185,75,113,7.91,564.71,642.85,-78.14,2.42,4.32
2025-03-27,BB01,London,High Street,Weekday,Sunny,No Promotion,10.8,15.94,6,270,97,137,8.15,831.07,748.96,82.11,2.72,4.58
2025-03-27,BB02,London,Shopping Centre,Weekday,Sunny,No Promotion,10.8,14.38,8,314,144,201,7.71,1105.14,927.39,177.75,3.08,4.19
2025-03-27,BB03,Manchester,High Street,Weekday,Sunny,No Promotion,10.8,7.78,6,225,91,134,7.4,638.79,700.33,-61.55,3.06,4.23
2025-03-27,BB04,Manchester,Shopping Centre,Weekday,Sunny,No Promotion,10.8,13.99,6,201,90,124,8.14,705.05,702.3,2.75,2.65,4.31
2025-03-27,BB05,Birmingham,High Street,Weekday,Sunny,No Promotion,10.8,6.77,7,231,105,145,7.2,799.02,767.7,31.32,2.52,4.35
2025-03-27,BB06,Birmingham,Shopping Centre,Weekday,Sunny,No Promotion,10.8,10.04,6,230,97,135,6.81,663.75,694.28,-30.53,3.04,4.28
2025-03-27,BB07,Bristol,High Street,Weekday,Sunny,No Promotion,10.8,14.34,6,205,92,125,7.07,706.78,715.03,-8.25,3.16,4.35
2025-03-27,BB08,Bristol,Shopping Centre,Weekday,Sunny,No Promotion,10.8,2.04,5,182,73,106,7.97,599.75,599.72,0.03,2.65,4.34
2025-03-28,BB01,London,High Street,Weekday,Cloudy,No Promotion,9.9,7.96,7,232,93,138,7.57,679.69,731.87,-52.17,2.69,4.4
2025-03-28,BB02,London,Shopping Centre,Weekday,Cloudy,Social Media,9.9,87.35,6,255,113,158,7.85,890.09,858.93,31.17,2.78,4.18
2025-03-28,BB03,Manchester,High Street,Weekday,Cloudy,No Promotion,9.9,9.64,6,219,94,139,7.91,749.52,729.28,20.24,3.51,4.23
2025-03-28,BB04,Manchester,Shopping Centre,Weekday,Cloudy,No Promotion,9.9,2.83,6,243,105,163,8.33,867.93,754.3,113.64,2.88,4.19
2025-03-28,BB05,Birmingham,High Street,Weekday,Cloudy,Social Media,9.9,74.08,7,219,94,135,6.37,608.78,767.86,-159.07,2.49,4.46
2025-03-28,BB06,Birmingham,Shopping Centre,Weekday,Cloudy,No Promotion,9.9,3.65,6,215,91,141,7.35,620.7,679.36,-58.67,2.49,4.33
2025-03-28,BB07,Bristol,High Street,Weekday,Cloudy,No Promotion,9.9,6.71,6,185,82,120,7.77,608.33,668.51,-60.18,2.32,4.58
2025-03-28,BB08,Bristol,Shopping Centre,Weekday,Cloudy,No Promotion,9.9,15.57,7,200,77,110,7.36,570.7,698.21,-127.51,2.41,4.48
2025-03-29,BB01,London,High Street,Weekend,Cloudy,Social Media,10.8,45.39,6,297,121,188,8.26,1030.76,872.21,158.55,3.04,4.32
2025-03-29,BB02,London,Shopping Centre,Weekend,Cloudy,No Promotion,10.8,12.59,8,340,128,196,9.41,1210.38,997.22,213.16,3.29,4.01
2025-03-29,BB03,Manchester,High Street,Weekend,Cloudy,No Promotion,10.8,7.19,7,246,93,133,7.15,687.84,762.18,-74.34,2.89,4.34
2025-03-29,BB04,Manchester,Shopping Centre,Weekend,Cloudy,Social Media,10.8,62.59,8,355,153,217,7.59,1154.9,1004.99,149.91,3.04,4.29
2025-03-29,BB05,Birmingham,High Street,Weekend,Cloudy,Local Flyer,10.8,59.58,6,214,95,139,6.97,685.09,729.89,-44.8,3.22,4.33
2025-03-29,BB06,Birmingham,Shopping Centre,Weekend,Cloudy,Combo Deal,10.8,38.76,7,292,127,203,7.74,989.37,874.18,115.19,2.69,4.37
2025-03-29,BB07,Bristol,High Street,Weekend,Cloudy,Combo Deal,10.8,39.86,7,210,94,139,7.14,649.84,754.26,-104.42,3.08,4.36
2025-03-29,BB08,Bristol,Shopping Centre,Weekend,Cloudy,Combo Deal,10.8,64.36,7,297,126,205,7.78,963.09,879.34,83.75,2.93,4.21
2025-03-30,BB01,London,High Street,Weekend,Cloudy,No Promotion,7.6,9.55,7,280,128,181,7.48,934.23,832.9,101.33,3.07,4.07
2025-03-30,BB02,London,Shopping Centre,Weekend,Cloudy,No Promotion,7.6,0.46,7,329,135,160,8.37,1150.51,934.73,215.78,3.26,4.42
2025-03-30,BB03,Manchester,High Street,Weekend,Cloudy,No Promotion,7.6,0.1,7,222,102,146,7.53,763.83,756.62,7.21,3.15,4.3
2025-03-30,BB04,Manchester,Shopping Centre,Weekend,Cloudy,Local Flyer,7.6,84.85,7,341,142,183,8.33,1182.78,992.46,190.31,3.18,4.25
2025-03-30,BB05,Birmingham,High Street,Weekend,Cloudy,Social Media,7.6,54.22,6,219,107,159,7.64,756.87,789.36,-32.49,3.07,4.43
2025-03-30,BB06,Birmingham,Shopping Centre,Weekend,Cloudy,Combo Deal,7.6,65.76,7,315,147,251,7.35,1097.32,900.46,196.86,3.7,4.3
2025-03-30,BB07,Bristol,High Street,Weekend,Cloudy,No Promotion,7.6,7.98,7,193,91,132,7.71,698.86,731.89,-33.03,2.34,4.52
2025-03-30,BB08,Bristol,Shopping Centre,Weekend,Cloudy,No Promotion,7.6,2.09,6,223,76,111,7.54,577.54,646.16,-68.62,2.99,4.37
2025-03-31,BB01,London,High Street,Weekday,Cloudy,Local Flyer,14.2,32.93,7,261,114,171,7.96,921.91,896.82,25.09,2.67,4.27
2025-03-31,BB02,London,Shopping Centre,Weekday,Cloudy,No Promotion,14.2,8.82,6,242,105,150,8.78,903.09,776.7,126.39,2.84,4.26
2025-03-31,BB03,Manchester,High Street,Weekday,Cloudy,Combo Deal,14.2,56.48,7,262,112,191,6.82,788.95,812.33,-23.38,2.82,4.3
2025-03-31,BB04,Manchester,Shopping Centre,Weekday,Cloudy,No Promotion,14.2,10.56,6,262,107,143,8.25,883.48,784.68,98.8,3.32,4.45
2025-03-31,BB05,Birmingham,High Street,Weekday,Cloudy,No Promotion,14.2,8.4,5,174,71,105,7.09,488.55,557.51,-68.96,2.86,4.24
2025-03-31,BB06,Birmingham,Shopping Centre,Weekday,Cloudy,Local Flyer,14.2,57.88,7,197,96,137,8.0,772.27,801.82,-29.55,2.3,4.69
2025-03-31,BB07,Bristol,High Street,Weekday,Cloudy,No Promotion,14.2,17.5,6,226,89,140,7.5,644.61,713.49,-68.87,2.71,4.48
2025-03-31,BB08,Bristol,Shopping Centre,Weekday,Cloudy,No Promotion,14.2,1.45,5,203,95,132,7.52,717.46,607.66,109.8,3.1,4.16
2025-04-01,BB01,London,High Street,Weekday,Rainy,Combo Deal,9.9,59.34,6,212,91,153,6.91,609.25,741.75,-132.49,3.06,4.38
2025-04-01,BB02,London,Shopping Centre,Weekday,Rainy,No Promotion,9.9,10.95,6,208,89,129,7.56,665.12,698.73,-33.61,2.78,4.39
2025-04-01,BB03,Manchester,High Street,Weekday,Rainy,Social Media,9.9,64.95,6,205,110,155,7.58,816.27,789.52,26.74,2.83,4.31
2025-04-01,BB04,Manchester,Shopping Centre,Weekday,Rainy,Combo Deal,9.9,39.36,7,222,101,144,7.53,729.24,768.3,-39.06,2.59,4.48
2025-04-01,BB05,Birmingham,High Street,Weekday,Rainy,Combo Deal,9.9,46.31,6,178,77,129,5.33,389.09,600.45,-211.36,2.47,4.34
2025-04-01,BB06,Birmingham,Shopping Centre,Weekday,Rainy,Social Media,9.9,101.9,8,241,117,177,8.08,913.91,942.45,-28.54,2.59,4.24
2025-04-01,BB07,Bristol,High Street,Weekday,Rainy,Combo Deal,9.9,41.06,6,195,92,144,6.75,656.51,735.3,-78.79,2.74,4.42
2025-04-01,BB08,Bristol,Shopping Centre,Weekday,Rainy,Social Media,9.9,64.23,6,207,104,158,7.55,761.32,799.92,-38.6,3.16,4.3
2025-04-02,BB01,London,High Street,Weekday,Cloudy,Combo Deal,17.4,28.54,8,290,131,217,7.54,1019.95,949.67,70.29,2.4,4.36
2025-04-02,BB02,London,Shopping Centre,Weekday,Cloudy,No Promotion,17.4,4.7,7,277,126,191,8.59,1058.32,914.7,143.62,2.38,4.34
2025-04-02,BB03,Manchester,High Street,Weekday,Cloudy,Social Media,17.4,92.47,7,253,116,174,6.45,713.43,834.15,-120.72,3.03,4.38
2025-04-02,BB04,Manchester,Shopping Centre,Weekday,Cloudy,No Promotion,17.4,5.18,6,219,81,127,8.19,664.6,688.47,-23.87,2.89,4.08
2025-04-02,BB05,Birmingham,High Street,Weekday,Cloudy,No Promotion,17.4,12.56,6,224,79,109,6.74,544.78,656.61,-111.84,2.55,4.31
2025-04-02,BB06,Birmingham,Shopping Centre,Weekday,Cloudy,Social Media,17.4,88.74,6,173,94,139,7.22,670.25,778.44,-108.19,3.48,4.31
2025-04-02,BB07,Bristol,High Street,Weekday,Cloudy,Combo Deal,17.4,69.65,6,219,101,152,6.62,681.64,739.18,-57.54,2.51,4.31
2025-04-02,BB08,Bristol,Shopping Centre,Weekday,Cloudy,No Promotion,17.4,1.9,6,193,80,124,7.43,595.14,646.07,-50.93,2.28,4.46
2025-04-03,BB01,London,High Street,Weekday,Cloudy,No Promotion,11.5,3.1,8,277,123,169,7.45,935.76,887.1,48.66,3.17,4.24
2025-04-03,BB02,London,Shopping Centre,Weekday,Cloudy,No Promotion,11.5,4.5,6,216,89,137,8.12,680.7,687.68,-6.99,2.81,4.24
2025-04-03,BB03,Manchester,High Street,Weekday,Cloudy,No Promotion,11.5,16.87,6,239,102,142,7.28,689.67,692.92,-3.25,3.11,3.92
2025-04-03,BB04,Manchester,Shopping Centre,Weekday,Cloudy,Social Media,11.5,109.41,6,254,114,179,8.16,979.08,880.48,98.6,3.09,4.22
2025-04-03,BB05,Birmingham,High Street,Weekday,Cloudy,Social Media,11.5,99.36,7,223,106,153,6.79,687.06,819.18,-132.12,2.76,4.19
2025-04-03,BB06,Birmingham,Shopping Centre,Weekday,Cloudy,Social Media,11.5,53.68,6,213,93,138,7.89,716.82,743.12,-26.3,3.24,4.11
2025-04-03,BB07,Bristol,High Street,Weekday,Cloudy,Social Media,11.5,107.94,6,211,97,128,7.86,753.9,820.15,-66.25,2.35,4.25
2025-04-03,BB08,Bristol,Shopping Centre,Weekday,Cloudy,No Promotion,11.5,6.68,7,215,99,135,8.01,782.54,762.08,20.46,2.59,4.27
2025-04-04,BB01,London,High Street,Weekday,Cloudy,No Promotion,14.5,3.81,6,244,97,140,7.72,739.5,719.44,20.06,2.95,4.35
2025-04-04,BB02,London,Shopping Centre,Weekday,Cloudy,No Promotion,14.5,15.58,8,300,150,220,8.34,1267.03,985.79,281.23,3.24,4.27
2025-04-04,BB03,Manchester,High Street,Weekday,Cloudy,Social Media,14.5,77.15,6,253,103,140,7.49,786.24,804.14,-17.9,2.59,4.43
2025-04-04,BB04,Manchester,Shopping Centre,Weekday,Cloudy,No Promotion,14.5,9.96,6,239,97,138,7.75,787.6,755.56,32.03,2.37,4.38
2025-04-04,BB05,Birmingham,High Street,Weekday,Cloudy,No Promotion,14.5,0.72,7,209,105,159,6.75,708.08,722.34,-14.26,3.13,4.12
2025-04-04,BB06,Birmingham,Shopping Centre,Weekday,Cloudy,No Promotion,14.5,14.07,6,222,96,148,7.58,752.34,706.86,45.49,2.61,4.37
2025-04-04,BB07,Bristol,High Street,Weekday,Cloudy,Combo Deal,14.5,61.26,6,213,95,145,6.71,638.45,720.77,-82.32,2.76,4.46
2025-04-04,BB08,Bristol,Shopping Centre,Weekday,Cloudy,Combo Deal,14.5,50.26,6,181,89,142,7.07,683.09,737.17,-54.08,2.73,4.49
2025-04-05,BB01,London,High Street,Weekend,Cloudy,Social Media,10.4,57.79,8,346,161,227,9.07,1475.2,1135.98,339.22,2.77,4.2
2025-04-05,BB02,London,Shopping Centre,Weekend,Cloudy,Combo Deal,10.4,52.46,9,414,209,324,7.95,1665.12,1245.77,419.34,3.65,4.16
2025-04-05,BB03,Manchester,High Street,Weekend,Cloudy,No Promotion,10.4,6.01,7,208,85,113,7.98,630.55,748.04,-117.49,2.15,4.59
2025-04-05,BB04,Manchester,Shopping Centre,Weekend,Cloudy,No Promotion,10.4,12.68,7,280,116,170,7.79,889.95,817.87,72.09,2.91,4.43
2025-04-05,BB05,Birmingham,High Street,Weekend,Cloudy,No Promotion,10.4,5.86,6,200,85,118,6.73,593.72,645.54,-51.81,2.57,4.51
2025-04-05,BB06,Birmingham,Shopping Centre,Weekend,Cloudy,Social Media,10.4,70.86,8,304,149,207,8.81,1301.69,1053.52,248.17,3.14,4.34
2025-04-05,BB07,Bristol,High Street,Weekend,Cloudy,No Promotion,10.4,10.31,5,201,85,124,7.58,651.78,648.1,3.68,2.61,4.57
2025-04-05,BB08,Bristol,Shopping Centre,Weekend,Cloudy,Combo Deal,10.4,45.74,7,276,112,182,8.73,988.49,870.2,118.29,2.51,4.47
2025-04-06,BB01,London,High Street,Weekend,Cloudy,Local Flyer,12.4,31.76,6,234,105,143,7.75,799.71,775.31,24.4,2.49,4.58
2025-04-06,BB02,London,Shopping Centre,Weekend,Cloudy,No Promotion,12.4,14.37,5,268,99,130,8.62,861.31,710.88,150.42,3.27,4.21
2025-04-06,BB03,Manchester,High Street,Weekend,Cloudy,No Promotion,12.4,11.66,7,230,96,141,8.44,812.27,791.29,20.98,2.64,4.24
2025-04-06,BB04,Manchester,Shopping Centre,Weekend,Cloudy,No Promotion,12.4,12.14,7,292,108,171,8.35,892.42,816.64,75.78,2.53,4.36
2025-04-06,BB05,Birmingham,High Street,Weekend,Cloudy,Social Media,12.4,99.56,6,219,102,153,7.41,777.43,824.1,-46.67,3.6,4.2
2025-04-06,BB06,Birmingham,Shopping Centre,Weekend,Cloudy,No Promotion,12.4,16.18,6,231,100,137,7.44,750.87,707.87,43.0,3.14,4.27
2025-04-06,BB07,Bristol,High Street,Weekend,Cloudy,No Promotion,12.4,16.44,7,209,87,119,7.62,676.41,751.07,-74.67,2.47,4.29
2025-04-06,BB08,Bristol,Shopping Centre,Weekend,Cloudy,No Promotion,12.4,8.23,6,265,114,159,7.53,875.81,766.09,109.73,4.23,4.23
2025-04-07,BB01,London,High Street,Weekday,Rainy,No Promotion,10.3,11.65,6,230,97,147,8.5,824.66,759.53,65.14,3.01,4.02
2025-04-07,BB02,London,Shopping Centre,Weekday,Rainy,No Promotion,10.3,2.83,6,220,89,135,9.39,846.23,739.44,106.79,2.43,4.36
2025-04-07,BB03,Manchester,High Street,Weekday,Rainy,No Promotion,10.3,5.78,6,156,78,115,7.13,534.72,676.11,-141.39,2.38,4.36
2025-04-07,BB04,Manchester,Shopping Centre,Weekday,Rainy,No Promotion,10.3,17.79,6,203,89,135,8.23,720.38,731.24,-10.86,2.02,4.48
2025-04-07,BB05,Birmingham,High Street,Weekday,Rainy,No Promotion,10.3,11.04,6,185,81,118,7.14,593.44,625.59,-32.14,2.72,4.34
2025-04-07,BB06,Birmingham,Shopping Centre,Weekday,Rainy,No Promotion,10.3,4.07,6,206,97,131,7.39,744.61,688.4,56.21,3.02,4.37
2025-04-07,BB07,Bristol,High Street,Weekday,Rainy,Local Flyer,10.3,32.64,5,152,74,108,7.44,553.95,604.54,-50.59,2.51,4.5
2025-04-07,BB08,Bristol,Shopping Centre,Weekday,Rainy,Social Media,10.3,85.4,5,194,82,123,8.43,696.82,721.24,-24.42,2.46,4.59
2025-04-08,BB01,London,High Street,Weekday,Cloudy,No Promotion,16.8,11.94,6,271,110,142,8.15,907.38,792.45,114.93,3.0,4.17
2025-04-08,BB02,London,Shopping Centre,Weekday,Cloudy,Combo Deal,16.8,69.29,8,344,138,241,8.5,1172.85,1041.83,131.02,2.69,4.58
2025-04-08,BB03,Manchester,High Street,Weekday,Cloudy,No Promotion,16.8,10.82,6,217,87,143,6.77,585.08,641.38,-56.3,2.79,4.18
2025-04-08,BB04,Manchester,Shopping Centre,Weekday,Cloudy,Combo Deal,16.8,67.4,8,282,130,205,7.15,974.45,944.96,29.5,2.69,4.3
2025-04-08,BB05,Birmingham,High Street,Weekday,Cloudy,Local Flyer,16.8,47.14,7,232,101,146,6.7,683.24,728.75,-45.51,2.18,4.51
2025-04-08,BB06,Birmingham,Shopping Centre,Weekday,Cloudy,No Promotion,16.8,14.15,6,221,94,135,7.65,711.61,715.7,-4.08,1.99,4.51
2025-04-08,BB07,Bristol,High Street,Weekday,Cloudy,Social Media,16.8,45.75,6,224,99,146,7.52,755.69,771.11,-15.42,2.47,4.68
2025-04-08,BB08,Bristol,Shopping Centre,Weekday,Cloudy,Local Flyer,16.8,50.98,6,223,92,135,8.42,751.27,761.7,-10.43,2.22,4.4
2025-04-09,BB01,London,High Street,Weekday,Cloudy,No Promotion,15.8,15.65,6,251,100,149,7.65,761.78,721.38,40.4,2.83,4.45
2025-04-09,BB02,London,Shopping Centre,Weekday,Cloudy,Local Flyer,15.8,43.35,6,318,131,187,8.37,1103.36,879.72,223.64,2.65,4.23
2025-04-09,BB03,Manchester,High Street,Weekday,Cloudy,Local Flyer,15.8,73.65,7,241,113,175,7.71,850.68,836.83,13.85,3.07,4.18
2025-04-09,BB04,Manchester,Shopping Centre,Weekday,Cloudy,No Promotion,15.8,14.19,7,254,115,156,7.21,827.11,800.45,26.67,2.75,4.3
2025-04-09,BB05,Birmingham,High Street,Weekday,Cloudy,Local Flyer,15.8,43.94,6,206,90,136,6.86,610.53,692.58,-82.05,1.76,4.57
2025-04-09,BB06,Birmingham,Shopping Centre,Weekday,Cloudy,No Promotion,15.8,13.87,7,252,105,162,6.73,691.4,744.4,-53.0,2.67,4.08
2025-04-09,BB07,Bristol,High Street,Weekday,Cloudy,No Promotion,15.8,12.99,7,216,96,138,8.05,748.93,777.01,-28.08,3.04,4.13
2025-04-09,BB08,Bristol,Shopping Centre,Weekday,Cloudy,No Promotion,15.8,10.47,6,200,79,107,8.35,662.42,671.08,-8.65,2.04,4.27
2025-04-10,BB01,London,High Street,Weekday,Rainy,No Promotion,13.7,7.14,6,233,89,138,9.43,881.67,775.68,105.99,2.73,4.13
2025-04-10,BB02,London,Shopping Centre,Weekday,Rainy,No Promotion,13.7,8.9,6,243,115,168,8.56,988.59,833.38,155.21,2.62,4.19
2025-04-10,BB03,Manchester,High Street,Weekday,Rainy,Social Media,13.7,104.35,6,238,99,131,8.26,812.89,806.17,6.71,3.13,4.5
2025-04-10,BB04,Manchester,Shopping Centre,Weekday,Rainy,No Promotion,13.7,6.43,6,214,91,131,8.56,774.24,750.07,24.17,2.71,4.23
2025-04-10,BB05,Birmingham,High Street,Weekday,Rainy,Social Media,13.7,95.23,5,206,94,135,6.77,619.3,722.8,-103.49,3.3,4.3
2025-04-10,BB06,Birmingham,Shopping Centre,Weekday,Rainy,No Promotion,13.7,1.04,6,184,78,105,8.15,624.29,615.71,8.58,2.2,4.31
2025-04-10,BB07,Bristol,High Street,Weekday,Rainy,Local Flyer,13.7,67.11,6,159,85,112,7.69,675.19,744.72,-69.53,2.4,4.54
2025-04-10,BB08,Bristol,Shopping Centre,Weekday,Rainy,Social Media,13.7,53.38,6,165,75,104,7.57,545.79,668.97,-123.18,2.71,4.23
2025-04-11,BB01,London,High Street,Weekday,Rainy,Social Media,13.5,72.12,6,245,120,181,8.41,997.06,877.31,119.75,2.88,4.29
2025-04-11,BB02,London,Shopping Centre,Weekday,Rainy,Local Flyer,13.5,58.81,7,262,131,194,8.54,1108.86,977.26,131.6,3.37,4.17
2025-04-11,BB03,Manchester,High Street,Weekday,Rainy,No Promotion,13.5,16.29,7,183,88,130,7.49,633.75,695.16,-61.41,2.9,4.19
2025-04-11,BB04,Manchester,Shopping Centre,Weekday,Rainy,Social Media,13.5,57.42,6,202,95,119,7.76,774.46,764.42,10.04,2.67,4.42
2025-04-11,BB05,Birmingham,High Street,Weekday,Rainy,No Promotion,13.5,16.2,6,178,83,128,6.67,534.92,632.72,-97.81,2.93,4.39
2025-04-11,BB06,Birmingham,Shopping Centre,Weekday,Rainy,No Promotion,13.5,14.72,5,201,93,141,6.55,598.05,606.57,-8.52,3.29,4.31
2025-04-11,BB07,Bristol,High Street,Weekday,Rainy,No Promotion,13.5,10.35,5,149,70,98,7.44,542.59,603.19,-60.6,2.52,4.37
2025-04-11,BB08,Bristol,Shopping Centre,Weekday,Rainy,Social Media,13.5,66.41,6,194,85,121,8.16,711.31,730.42,-19.11,2.06,4.27
2025-04-12,BB01,London,High Street,Weekend,Rainy,No Promotion,11.9,0.85,7,264,124,168,8.04,995.04,858.5,136.54,3.27,4.28
2025-04-12,BB02,London,Shopping Centre,Weekend,Rainy,Local Flyer,11.9,41.2,8,325,171,251,9.14,1595.53,1187.31,408.22,3.17,4.26
2025-04-12,BB03,Manchester,High Street,Weekend,Rainy,Combo Deal,11.9,62.2,6,225,105,176,6.79,673.76,722.5,-48.74,3.09,4.43
2025-04-12,BB04,Manchester,Shopping Centre,Weekend,Rainy,No Promotion,11.9,15.82,6,229,102,165,8.39,832.32,766.07,66.25,2.59,4.18
2025-04-12,BB05,Birmingham,High Street,Weekend,Rainy,No Promotion,11.9,11.93,5,194,83,126,7.64,627.97,635.46,-7.49,2.16,4.28
2025-04-12,BB06,Birmingham,Shopping Centre,Weekend,Rainy,No Promotion,11.9,10.26,6,270,103,146,8.9,968.4,816.97,151.43,2.9,4.32
2025-04-12,BB07,Bristol,High Street,Weekend,Rainy,No Promotion,11.9,13.73,6,160,70,101,8.45,576.01,677.82,-101.81,2.67,4.25
2025-04-12,BB08,Bristol,Shopping Centre,Weekend,Rainy,Local Flyer,11.9,49.26,7,240,118,175,8.29,985.82,862.23,123.59,3.04,4.19
2025-04-13,BB01,London,High Street,Weekend,Sunny,No Promotion,13.6,10.02,8,279,111,149,8.19,933.35,908.5,24.85,2.51,4.4
2025-04-13,BB02,London,Shopping Centre,Weekend,Sunny,No Promotion,13.6,10.13,7,387,170,242,8.88,1481.73,1032.57,449.16,3.82,4.07
2025-04-13,BB03,Manchester,High Street,Weekend,Sunny,No Promotion,13.6,13.47,7,270,120,179,7.47,876.66,830.38,46.28,3.15,4.39
2025-04-13,BB04,Manchester,Shopping Centre,Weekend,Sunny,Local Flyer,13.6,74.3,9,401,189,269,7.63,1445.49,1174.65,270.84,3.32,4.12
2025-04-13,BB05,Birmingham,High Street,Weekend,Sunny,No Promotion,13.6,13.2,6,217,92,133,7.01,647.94,663.71,-15.78,2.96,4.53
2025-04-13,BB06,Birmingham,Shopping Centre,Weekend,Sunny,Local Flyer,13.6,65.42,8,277,126,194,8.28,1030.03,965.29,64.75,2.84,4.12
2025-04-13,BB07,Bristol,High Street,Weekend,Sunny,No Promotion,13.6,2.82,7,215,85,116,8.18,690.17,705.85,-15.68,2.33,4.35
2025-04-13,BB08,Bristol,Shopping Centre,Weekend,Sunny,No Promotion,13.6,7.4,6,299,130,202,8.08,1046.06,812.1,233.96,2.95,4.07
2025-04-14,BB01,London,High Street,Weekday,Rainy,No Promotion,13.2,15.35,7,225,104,144,8.42,860.1,817.22,42.88,2.38,4.34
2025-04-14,BB02,London,Shopping Centre,Weekday,Rainy,No Promotion,13.2,10.11,6,210,93,143,7.29,689.9,717.41,-27.51,2.1,4.6
2025-04-14,BB03,Manchester,High Street,Weekday,Rainy,No Promotion,13.2,8.01,6,175,85,125,7.63,602.32,633.6,-31.28,2.55,4.61
2025-04-14,BB04,Manchester,Shopping Centre,Weekday,Rainy,Local Flyer,13.2,78.76,7,222,103,157,8.61,942.86,892.84,50.01,2.23,4.5
2025-04-14,BB05,Birmingham,High Street,Weekday,Rainy,Social Media,13.2,50.82,6,223,102,150,7.34,736.78,734.5,2.28,3.24,4.36
2025-04-14,BB06,Birmingham,Shopping Centre,Weekday,Rainy,Local Flyer,13.2,54.69,6,194,90,118,7.29,658.19,718.75,-60.55,2.66,4.5
2025-04-14,BB07,Bristol,High Street,Weekday,Rainy,Social Media,13.2,71.65,6,199,93,128,7.88,692.39,790.11,-97.73,2.43,4.19
2025-04-14,BB08,Bristol,Shopping Centre,Weekday,Rainy,Social Media,13.2,79.22,6,200,90,125,7.96,715.89,774.03,-58.14,2.17,4.44
2025-04-15,BB01,London,High Street,Weekday,Rainy,Combo Deal,12.2,25.61,7,262,123,208,8.09,1012.55,900.8,111.75,3.29,4.11
2025-04-15,BB02,London,Shopping Centre,Weekday,Rainy,Social Media,12.2,97.22,7,271,126,185,8.49,1077.86,975.6,102.26,2.77,4.45
2025-04-15,BB03,Manchester,High Street,Weekday,Rainy,Local Flyer,12.2,67.19,6,195,90,131,7.25,658.74,768.98,-110.24,2.96,4.4
2025-04-15,BB04,Manchester,Shopping Centre,Weekday,Rainy,Social Media,12.2,58.09,7,216,109,148,7.69,820.35,832.29,-11.94,2.22,4.5
2025-04-15,BB05,Birmingham,High Street,Weekday,Rainy,Social Media,12.2,62.62,6,167,82,118,6.54,539.96,719.55,-179.58,2.66,4.12
2025-04-15,BB06,Birmingham,Shopping Centre,Weekday,Rainy,No Promotion,12.2,10.59,6,190,81,116,8.32,639.69,673.1,-33.4,2.23,4.41
2025-04-15,BB07,Bristol,High Street,Weekday,Rainy,Local Flyer,12.2,49.41,5,156,69,110,6.94,503.11,639.28,-136.17,2.91,4.2
2025-04-15,BB08,Bristol,Shopping Centre,Weekday,Rainy,No Promotion,12.2,0.44,6,197,80,127,8.0,632.97,677.49,-44.53,2.42,4.32
2025-04-16,BB01,London,High Street,Weekday,Sunny,No Promotion,14.6,0.39,7,257,100,146,6.92,714.24,783.78,-69.53,3.37,4.52
2025-04-16,BB02,London,Shopping Centre,Weekday,Sunny,No Promotion,14.6,5.82,7,346,139,202,8.46,1187.93,937.37,250.55,2.72,4.26
2025-04-16,BB03,Manchester,High Street,Weekday,Sunny,No Promotion,14.6,5.07,6,192,94,139,6.93,659.17,668.26,-9.09,2.97,4.35
2025-04-16,BB04,Manchester,Shopping Centre,Weekday,Sunny,Local Flyer,14.6,61.75,7,260,122,183,6.97,807.04,866.65,-59.61,3.32,4.24
2025-04-16,BB05,Birmingham,High Street,Weekday,Sunny,No Promotion,14.6,8.46,6,214,86,129,6.15,501.49,632.4,-130.91,2.6,4.12
2025-04-16,BB06,Birmingham,Shopping Centre,Weekday,Sunny,Combo Deal,14.6,63.15,7,274,128,226,6.86,879.89,850.75,29.14,3.23,4.46
2025-04-16,BB07,Bristol,High Street,Weekday,Sunny,No Promotion,14.6,14.83,6,223,100,140,7.45,728.39,707.06,21.33,2.51,4.36
2025-04-16,BB08,Bristol,Shopping Centre,Weekday,Sunny,No Promotion,14.6,2.59,6,241,106,151,7.53,778.13,723.17,54.96,2.61,4.41
2025-04-17,BB01,London,High Street,Weekday,Cloudy,No Promotion,12.7,2.31,7,289,114,159,8.58,948.55,832.67,115.88,2.61,4.23
2025-04-17,BB02,London,Shopping Centre,Weekday,Cloudy,No Promotion,12.7,5.09,8,321,149,219,8.67,1303.92,1021.96,281.96,2.23,4.35
2025-04-17,BB03,Manchester,High Street,Weekday,Cloudy,Local Flyer,12.7,57.09,7,259,106,148,6.85,748.96,838.72,-89.76,2.86,4.16
2025-04-17,BB04,Manchester,Shopping Centre,Weekday,Cloudy,No Promotion,12.7,4.31,7,265,112,168,7.86,881.62,787.98,93.64,3.04,4.15
2025-04-17,BB05,Birmingham,High Street,Weekday,Cloudy,Social Media,12.7,98.59,7,248,103,160,7.31,760.56,832.85,-72.29,3.19,4.25
2025-04-17,BB06,Birmingham,Shopping Centre,Weekday,Cloudy,Combo Deal,12.7,49.13,7,243,105,162,6.93,735.43,783.37,-47.94,2.49,4.33
2025-04-17,BB07,Bristol,High Street,Weekday,Cloudy,No Promotion,12.7,5.14,5,198,78,114,7.46,594.43,580.25,14.18,2.91,4.22
2025-04-17,BB08,Bristol,Shopping Centre,Weekday,Cloudy,Combo Deal,12.7,61.8,7,223,108,160,7.2,777.25,826.89,-49.64,2.66,4.46
2025-04-18,BB01,London,High Street,Weekday,Cloudy,Social Media,15.4,77.05,7,304,125,171,7.64,910.25,910.24,0.01,2.99,4.3
2025-04-18,BB02,London,Shopping Centre,Weekday,Cloudy,No Promotion,15.4,0.2,6,270,99,148,7.82,728.21,750.24,-22.03,2.51,4.31
2025-04-18,BB03,Manchester,High Street,Weekday,Cloudy,No Promotion,15.4,0.63,7,263,104,149,6.47,632.24,708.27,-76.03,2.06,4.49
2025-04-18,BB04,Manchester,Shopping Centre,Weekday,Cloudy,No Promotion,15.4,13.05,6,234,98,141,7.66,736.75,718.27,18.47,3.0,4.41
2025-04-18,BB05,Birmingham,High Street,Weekday,Cloudy,No Promotion,15.4,3.15,6,234,94,125,7.02,676.09,702.2,-26.11,2.04,4.5
2025-04-18,BB06,Birmingham,Shopping Centre,Weekday,Cloudy,Combo Deal,15.4,50.34,7,220,96,145,7.1,663.31,746.19,-82.87,2.78,4.43
2025-04-18,BB07,Bristol,High Street,Weekday,Cloudy,No Promotion,15.4,16.23,6,176,67,95,8.11,539.37,629.33,-89.95,2.81,4.45
2025-04-18,BB08,Bristol,Shopping Centre,Weekday,Cloudy,No Promotion,15.4,17.3,5,229,88,130,7.53,620.88,627.31,-6.43,3.5,4.26
2025-04-19,BB01,London,High Street,Weekend,Rainy,Combo Deal,11.7,60.65,7,294,130,235,7.03,888.85,845.71,43.14,2.76,4.31
2025-04-19,BB02,London,Shopping Centre,Weekend,Rainy,Social Media,11.7,100.14,7,305,142,219,8.99,1283.43,1060.29,223.14,2.91,4.39
2025-04-19,BB03,Manchester,High Street,Weekend,Rainy,Social Media,11.7,103.4,7,203,103,145,7.84,813.17,849.24,-36.07,2.92,4.25
2025-04-19,BB04,Manchester,Shopping Centre,Weekend,Rainy,No Promotion,11.7,1.74,8,273,125,182,8.01,999.48,863.03,136.45,2.49,4.41
2025-04-19,BB05,Birmingham,High Street,Weekend,Rainy,No Promotion,11.7,6.98,6,194,79,122,7.45,607.33,668.56,-61.23,3.06,4.3
2025-04-19,BB06,Birmingham,Shopping Centre,Weekend,Rainy,No Promotion,11.7,1.76,6,218,101,149,7.89,748.86,725.13,23.73,2.45,4.38
2025-04-19,BB07,Bristol,High Street,Weekend,Rainy,Social Media,11.7,76.83,6,199,93,130,8.72,820.29,827.55,-7.25,2.71,4.33
2025-04-19,BB08,Bristol,Shopping Centre,Weekend,Rainy,Combo Deal,11.7,47.59,7,287,127,220,7.68,1003.71,895.11,108.59,2.83,4.2
2025-04-20,BB01,London,High Street,Weekend,Sunny,No Promotion,12.6,5.97,8,297,140,204,8.66,1167.83,988.69,179.14,2.8,4.35
2025-04-20,BB02,London,Shopping Centre,Weekend,Sunny,Social Media,12.6,61.01,9,426,191,296,9.75,1852.99,1305.25,547.74,3.29,4.22
2025-04-20,BB03,Manchester,High Street,Weekend,Sunny,No Promotion,12.6,12.49,6,237,106,155,7.51,849.72,732.65,117.07,3.16,4.49
2025-04-20,BB04,Manchester,Shopping Centre,Weekend,Sunny,Combo Deal,12.6,50.67,7,260,121,203,8.55,1050.63,900.39,150.24,3.18,4.2
2025-04-20,BB05,Birmingham,High Street,Weekend,Sunny,No Promotion,12.6,2.4,7,228,90,122,8.24,743.94,721.18,22.75,3.1,4.4
2025-04-20,BB06,Birmingham,Shopping Centre,Weekend,Sunny,No Promotion,12.6,8.55,7,271,108,152,8.24,908.75,803.75,105.0,2.65,3.94
2025-04-20,BB07,Bristol,High Street,Weekend,Sunny,Social Media,12.6,97.74,7,236,114,169,8.53,944.93,905.47,39.47,2.89,4.41
2025-04-20,BB08,Bristol,Shopping Centre,Weekend,Sunny,Social Media,12.6,97.4,7,317,121,163,8.92,1103.69,968.51,135.19,3.42,4.17
2025-04-21,BB01,London,High Street,Weekday,Rainy,No Promotion,14.7,11.55,7,222,93,132,8.45,776.68,771.82,4.86,2.95,4.23
2025-04-21,BB02,London,Shopping Centre,Weekday,Rainy,Social Media,14.7,109.64,8,296,128,196,9.09,1148.45,1069.18,79.27,2.62,4.26
2025-04-21,BB03,Manchester,High Street,Weekday,Rainy,No Promotion,14.7,9.24,6,197,81,113,7.99,624.59,655.27,-30.67,2.57,4.47
2025-04-21,BB04,Manchester,Shopping Centre,Weekday,Rainy,Combo Deal,14.7,38.28,6,204,94,147,8.15,754.44,737.22,17.23,2.66,4.11
2025-04-21,BB05,Birmingham,High Street,Weekday,Rainy,Combo Deal,14.7,54.14,6,189,92,149,7.14,644.87,749.33,-104.47,2.54,4.33
2025-04-21,BB06,Birmingham,Shopping Centre,Weekday,Rainy,Local Flyer,14.7,81.03,6,193,79,110,7.28,562.01,739.86,-177.85,2.9,4.33
2025-04-21,BB07,Bristol,High Street,Weekday,Rainy,No Promotion,14.7,6.96,5,159,69,103,7.05,469.64,561.92,-92.28,2.78,4.02
2025-04-21,BB08,Bristol,Shopping Centre,Weekday,Rainy,Combo Deal,14.7,40.19,6,194,93,153,8.2,747.08,754.44,-7.36,2.17,4.37
2025-04-22,BB01,London,High Street,Weekday,Cloudy,No Promotion,16.4,14.5,7,264,109,134,7.86,881.48,857.54,23.94,3.1,4.28
2025-04-22,BB02,London,Shopping Centre,Weekday,Cloudy,No Promotion,16.4,3.12,8,268,118,166,8.6,1024.75,932.66,92.08,2.94,4.08
2025-04-22,BB03,Manchester,High Street,Weekday,Cloudy,No Promotion,16.4,11.07,5,230,93,126,6.97,671.33,631.83,39.5,2.57,4.24
2025-04-22,BB04,Manchester,Shopping Centre,Weekday,Cloudy,Social Media,16.4,93.93,7,264,121,180,7.94,976.59,929.67,46.93,2.67,4.62
2025-04-22,BB05,Birmingham,High Street,Weekday,Cloudy,No Promotion,16.4,12.56,6,190,77,112,7.08,539.7,685.5,-145.8,2.78,4.01
2025-04-22,BB06,Birmingham,Shopping Centre,Weekday,Cloudy,No Promotion,16.4,3.03,6,233,91,131,7.48,670.98,669.43,1.54,2.65,4.31
2025-04-22,BB07,Bristol,High Street,Weekday,Cloudy,No Promotion,16.4,16.78,6,181,86,131,7.02,601.66,642.31,-40.65,2.72,4.19
2025-04-22,BB08,Bristol,Shopping Centre,Weekday,Cloudy,Local Flyer,16.4,81.81,7,230,101,141,7.89,789.13,852.47,-63.34,3.02,4.3
2025-04-23,BB01,London,High Street,Weekday,Rainy,No Promotion,10.1,16.78,6,227,95,147,7.99,770.07,779.44,-9.36,2.95,4.3
2025-04-23,BB02,London,Shopping Centre,Weekday,Rainy,Combo Deal,10.1,36.06,8,316,153,236,7.62,1185.72,1018.09,167.63,3.37,4.26
2025-04-23,BB03,Manchester,High Street,Weekday,Rainy,No Promotion,10.1,9.75,5,160,72,97,6.76,486.5,557.28,-70.77,2.34,4.36
2025-04-23,BB04,Manchester,Shopping Centre,Weekday,Rainy,Combo Deal,10.1,41.54,7,234,101,159,7.73,775.15,795.84,-20.69,3.01,4.33
2025-04-23,BB05,Birmingham,High Street,Weekday,Rainy,Combo Deal,10.1,54.21,6,191,89,146,7.04,602.06,684.44,-82.38,2.05,4.53
2025-04-23,BB06,Birmingham,Shopping Centre,Weekday,Rainy,No Promotion,10.1,17.06,6,193,91,124,7.89,691.15,654.22,36.93,2.49,4.48
2025-04-23,BB07,Bristol,High Street,Weekday,Rainy,Combo Deal,10.1,33.71,7,193,108,184,7.56,815.54,823.08,-7.54,2.82,4.5
2025-04-23,BB08,Bristol,Shopping Centre,Weekday,Rainy,Combo Deal,10.1,37.82,6,208,93,144,7.78,723.86,724.79,-0.93,2.84,4.14
2025-04-24,BB01,London,High Street,Weekday,Rainy,Local Flyer,13.8,69.74,7,231,112,160,7.58,864.1,883.83,-19.73,2.86,4.37
2025-04-24,BB02,London,Shopping Centre,Weekday,Rainy,Social Media,13.8,102.81,7,263,138,200,9.03,1232.32,1055.54,176.78,3.07,3.9
2025-04-24,BB03,Manchester,High Street,Weekday,Rainy,Local Flyer,13.8,79.47,6,159,72,93,7.17,544.39,738.14,-193.74,2.11,4.32
2025-04-24,BB04,Manchester,Shopping Centre,Weekday,Rainy,No Promotion,13.8,12.02,6,213,85,136,7.45,640.14,670.52,-30.38,2.55,4.74
2025-04-24,BB05,Birmingham,High Street,Weekday,Rainy,No Promotion,13.8,10.65,6,144,63,104,6.66,422.33,620.43,-198.1,2.61,4.19
2025-04-24,BB06,Birmingham,Shopping Centre,Weekday,Rainy,No Promotion,13.8,5.96,6,195,81,130,6.7,559.01,647.82,-88.82,2.9,4.59
2025-04-24,BB07,Bristol,High Street,Weekday,Rainy,No Promotion,13.8,4.24,6,149,65,91,7.14,455.42,611.32,-155.9,2.64,4.29
2025-04-24,BB08,Bristol,Shopping Centre,Weekday,Rainy,No Promotion,13.8,14.33,7,213,103,138,7.96,819.87,785.33,34.54,2.84,4.42
2025-04-25,BB01,London,High Street,Weekday,Cloudy,Social Media,12.5,107.5,6,237,84,112,7.62,644.86,822.29,-177.44,1.85,4.71
2025-04-25,BB02,London,Shopping Centre,Weekday,Cloudy,Social Media,12.5,103.23,8,332,141,194,8.26,1188.83,1094.07,94.77,2.88,4.26
2025-04-25,BB03,Manchester,High Street,Weekday,Cloudy,Social Media,12.5,70.11,6,210,88,129,7.14,647.28,746.7,-99.42,2.58,4.42
2025-04-25,BB04,Manchester,Shopping Centre,Weekday,Cloudy,No Promotion,12.5,10.58,6,246,106,155,7.1,721.3,679.6,41.7,2.76,4.33
2025-04-25,BB05,Birmingham,High Street,Weekday,Cloudy,No Promotion,12.5,10.58,6,166,73,107,7.07,558.16,617.68,-59.52,2.5,4.43
2025-04-25,BB06,Birmingham,Shopping Centre,Weekday,Cloudy,No Promotion,12.5,12.76,6,220,97,134,8.38,782.02,740.25,41.77,3.36,4.22
2025-04-25,BB07,Bristol,High Street,Weekday,Cloudy,No Promotion,12.5,17.79,6,183,62,97,6.95,397.97,605.5,-207.53,2.02,4.28
2025-04-25,BB08,Bristol,Shopping Centre,Weekday,Cloudy,No Promotion,12.5,8.69,6,189,81,117,7.4,554.06,629.43,-75.36,3.04,4.26
2025-04-26,BB01,London,High Street,Weekend,Rainy,Combo Deal,12.8,49.62,6,268,120,204,7.41,861.71,802.11,59.61,3.19,4.55
2025-04-26,BB02,London,Shopping Centre,Weekend,Rainy,Social Media,12.8,67.06,8,316,160,234,9.49,1508.53,1161.84,346.69,3.47,4.5
2025-04-26,BB03,Manchester,High Street,Weekend,Rainy,No Promotion,12.8,7.15,6,189,87,124,6.49,563.93,672.05,-108.12,2.23,4.33
2025-04-26,BB04,Manchester,Shopping Centre,Weekend,Rainy,No Promotion,12.8,17.8,7,264,124,179,7.91,1004.94,869.25,135.7,3.38,4.37
2025-04-26,BB05,Birmingham,High Street,Weekend,Rainy,Local Flyer,12.8,44.2,6,177,69,106,7.39,522.43,686.48,-164.05,2.88,4.23
2025-04-26,BB06,Birmingham,Shopping Centre,Weekend,Rainy,No Promotion,12.8,1.23,7,250,111,145,8.96,975.08,844.66,130.42,3.0,4.43
2025-04-26,BB07,Bristol,High Street,Weekend,Rainy,Combo Deal,12.8,55.06,6,224,106,179,7.8,875.69,767.18,108.51,2.21,4.2
2025-04-26,BB08,Bristol,Shopping Centre,Weekend,Rainy,Combo Deal,12.8,40.39,6,250,119,193,7.74,936.88,819.0,117.88,3.41,4.38
2025-04-27,BB01,London,High Street,Weekend,Sunny,Social Media,15.2,97.34,7,300,141,216,8.3,1172.65,1038.83,133.82,2.96,4.21
2025-04-27,BB02,London,Shopping Centre,Weekend,Sunny,No Promotion,15.2,6.4,8,386,150,241,8.78,1353.93,1044.67,309.26,2.65,4.23
2025-04-27,BB03,Manchester,High Street,Weekend,Sunny,No Promotion,15.2,17.93,7,251,119,169,7.96,954.7,825.42,129.27,2.93,4.25
2025-04-27,BB04,Manchester,Shopping Centre,Weekend,Sunny,No Promotion,15.2,4.65,8,386,160,227,8.14,1296.0,976.26,319.74,3.97,4.17
2025-04-27,BB05,Birmingham,High Street,Weekend,Sunny,Combo Deal,15.2,63.32,8,296,138,213,7.78,1079.44,962.3,117.14,2.95,4.24
2025-04-27,BB06,Birmingham,Shopping Centre,Weekend,Sunny,No Promotion,15.2,9.74,8,345,130,185,8.41,1079.62,930.92,148.7,2.81,4.26
2025-04-27,BB07,Bristol,High Street,Weekend,Sunny,Social Media,15.2,48.64,7,224,96,131,8.07,756.76,770.28,-13.52,2.58,4.51
2025-04-27,BB08,Bristol,Shopping Centre,Weekend,Sunny,No Promotion,15.2,3.03,8,260,108,159,9.02,1001.39,886.35,115.04,2.85,4.18
2025-04-28,BB01,London,High Street,Weekday,Cloudy,No Promotion,14.7,14.3,6,270,114,160,7.51,852.96,773.12,79.83,3.25,4.32
2025-04-28,BB02,London,Shopping Centre,Weekday,Cloudy,No Promotion,14.7,15.41,6,211,87,129,8.55,755.31,767.29,-11.98,3.09,4.4
2025-04-28,BB03,Manchester,High Street,Weekday,Cloudy,No Promotion,14.7,0.72,6,211,88,145,6.62,567.84,644.83,-76.99,2.1,4.48
2025-04-28,BB04,Manchester,Shopping Centre,Weekday,Cloudy,No Promotion,14.7,2.6,6,226,97,131,7.49,731.96,730.74,1.21,2.63,4.17
2025-04-28,BB05,Birmingham,High Street,Weekday,Cloudy,Combo Deal,14.7,67.71,6,232,113,197,6.94,752.3,776.66,-24.37,2.96,4.41
2025-04-28,BB06,Birmingham,Shopping Centre,Weekday,Cloudy,No Promotion,14.7,3.19,7,240,102,153,7.74,831.11,796.9,34.2,1.98,4.41
2025-04-28,BB07,Bristol,High Street,Weekday,Cloudy,No Promotion,14.7,2.4,6,209,86,122,7.3,648.5,653.35,-4.85,2.81,4.4
2025-04-28,BB08,Bristol,Shopping Centre,Weekday,Cloudy,No Promotion,14.7,7.27,5,218,89,147,8.74,759.42,653.54,105.88,2.59,4.5
2025-04-29,BB01,London,High Street,Weekday,Rainy,No Promotion,15.0,12.41,7,220,99,139,8.64,854.82,804.65,50.17,2.26,4.29
2025-04-29,BB02,London,Shopping Centre,Weekday,Rainy,Social Media,15.0,71.59,6,213,101,138,9.4,924.07,859.37,64.7,2.47,4.42
2025-04-29,BB03,Manchester,High Street,Weekday,Rainy,Combo Deal,15.0,34.22,6,206,97,149,5.74,545.24,681.27,-136.04,2.78,4.26
2025-04-29,BB04,Manchester,Shopping Centre,Weekday,Rainy,Local Flyer,15.0,78.94,7,224,105,162,7.49,800.35,860.74,-60.39,2.28,4.26
2025-04-29,BB05,Birmingham,High Street,Weekday,Rainy,No Promotion,15.0,4.99,6,168,76,121,6.87,530.03,628.68,-98.65,2.31,4.38
2025-04-29,BB06,Birmingham,Shopping Centre,Weekday,Rainy,Social Media,15.0,97.73,7,209,85,114,7.42,645.51,822.38,-176.88,2.51,4.39
2025-04-29,BB07,Bristol,High Street,Weekday,Rainy,No Promotion,15.0,5.31,5,187,91,131,6.92,631.23,606.96,24.26,3.12,4.13
2025-04-29,BB08,Bristol,Shopping Centre,Weekday,Rainy,No Promotion,15.0,6.81,6,150,64,95,8.07,536.6,650.56,-113.96,1.94,4.52
2025-04-30,BB01,London,High Street,Weekday,Cloudy,Combo Deal,18.2,51.63,7,276,112,187,7.02,768.32,866.8,-98.48,3.13,4.42
2025-04-30,BB02,London,Shopping Centre,Weekday,Cloudy,No Promotion,18.2,5.68,6,290,116,184,8.36,972.07,817.17,154.9,2.75,4.34
2025-04-30,BB03,Manchester,High Street,Weekday,Cloudy,Social Media,18.2,105.0,6,217,90,128,7.84,746.45,820.25,-73.8,2.48,4.6
2025-04-30,BB04,Manchester,Shopping Centre,Weekday,Cloudy,No Promotion,18.2,1.34,7,250,101,142,8.28,843.13,758.29,84.84,2.52,4.4
2025-04-30,BB05,Birmingham,High Street,Weekday,Cloudy,No Promotion,18.2,2.66,6,227,94,139,7.32,687.18,684.55,2.63,2.77,4.5
2025-04-30,BB06,Birmingham,Shopping Centre,Weekday,Cloudy,No Promotion,18.2,14.57,6,230,92,136,7.66,701.89,719.8,-17.91,2.35,4.22
2025-04-30,BB07,Bristol,High Street,Weekday,Cloudy,Combo Deal,18.2,69.48,5,202,79,129,6.92,559.55,640.2,-80.64,2.72,4.29
2025-04-30,BB08,Bristol,Shopping Centre,Weekday,Cloudy,No Promotion,18.2,9.4,7,201,95,140,8.4,803.59,776.87,26.72,2.68,4.42
2025-05-01,BB01,London,High Street,Weekday,Sunny,No Promotion,17.5,9.29,8,300,129,186,8.24,1049.03,940.48,108.55,2.4,4.55
2025-05-01,BB02,London,Shopping Centre,Weekday,Sunny,No Promotion,17.5,12.86,7,278,109,147,8.33,908.91,883.51,25.4,2.43,4.23
2025-05-01,BB03,Manchester,High Street,Weekday,Sunny,No Promotion,17.5,1.16,6,215,87,132,7.6,659.34,682.64,-23.3,2.5,4.28
2025-05-01,BB04,Manchester,Shopping Centre,Weekday,Sunny,Local Flyer,17.5,50.79,7,259,111,167,7.92,883.17,845.29,37.88,2.63,4.16
2025-05-01,BB05,Birmingham,High Street,Weekday,Sunny,Social Media,17.5,96.14,6,251,116,166,6.74,777.65,805.56,-27.9,3.09,4.36
2025-05-01,BB06,Birmingham,Shopping Centre,Weekday,Sunny,Combo Deal,17.5,69.2,7,267,117,192,6.21,748.53,799.79,-51.26,2.9,4.53
2025-05-01,BB07,Bristol,High Street,Weekday,Sunny,No Promotion,17.5,17.27,6,227,94,135,7.71,688.86,702.5,-13.64,2.05,4.41
2025-05-01,BB08,Bristol,Shopping Centre,Weekday,Sunny,No Promotion,17.5,10.01,6,192,84,109,8.11,712.63,732.27,-19.64,3.11,4.3
2025-05-02,BB01,London,High Street,Weekday,Sunny,Local Flyer,19.2,75.57,8,292,135,185,7.96,1087.06,1002.95,84.1,2.94,4.15
2025-05-02,BB02,London,Shopping Centre,Weekday,Sunny,Social Media,19.2,83.11,7,300,129,194,8.47,1104.18,959.41,144.77,3.62,4.3
2025-05-02,BB03,Manchester,High Street,Weekday,Sunny,Local Flyer,19.2,71.71,7,236,106,156,6.72,728.06,817.32,-89.26,2.21,4.48
2025-05-02,BB04,Manchester,Shopping Centre,Weekday,Sunny,Combo Deal,19.2,29.8,7,307,132,201,7.44,1003.67,883.0,120.67,3.08,4.3
2025-05-02,BB05,Birmingham,High Street,Weekday,Sunny,Local Flyer,19.2,30.17,6,220,90,140,7.02,637.07,705.85,-68.77,2.82,4.41
2025-05-02,BB06,Birmingham,Shopping Centre,Weekday,Sunny,Combo Deal,19.2,35.16,6,230,98,153,6.89,682.15,697.53,-15.38,2.06,4.35
2025-05-02,BB07,Bristol,High Street,Weekday,Sunny,No Promotion,19.2,8.12,6,230,95,133,6.89,651.52,653.81,-2.29,2.17,4.25
2025-05-02,BB08,Bristol,Shopping Centre,Weekday,Sunny,No Promotion,19.2,8.86,7,254,111,164,7.95,878.09,800.08,78.01,2.83,4.45
2025-05-03,BB01,London,High Street,Weekend,Rainy,No Promotion,18.3,15.68,8,252,112,167,8.48,959.44,901.15,58.29,2.27,4.58
2025-05-03,BB02,London,Shopping Centre,Weekend,Rainy,Social Media,18.3,104.32,9,330,159,254,9.12,1435.56,1179.98,255.58,3.11,4.33
2025-05-03,BB03,Manchester,High Street,Weekend,Rainy,Local Flyer,18.3,77.46,7,195,94,129,7.52,714.16,831.42,-117.26,2.47,4.31
2025-05-03,BB04,Manchester,Shopping Centre,Weekend,Rainy,Social Media,18.3,102.56,7,293,133,189,9.0,1228.45,1023.97,204.48,2.77,4.34
2025-05-03,BB05,Birmingham,High Street,Weekend,Rainy,Social Media,18.3,110.98,5,183,80,109,6.86,525.1,688.67,-163.57,2.77,4.11
2025-05-03,BB06,Birmingham,Shopping Centre,Weekend,Rainy,No Promotion,18.3,9.4,7,194,77,116,8.33,630.85,723.91,-93.06,2.73,4.2
2025-05-03,BB07,Bristol,High Street,Weekend,Rainy,Local Flyer,18.3,74.39,5,150,77,113,7.27,508.55,670.06,-161.51,3.16,4.31
2025-05-03,BB08,Bristol,Shopping Centre,Weekend,Rainy,No Promotion,18.3,11.52,6,225,94,138,8.9,852.07,727.7,124.37,2.54,4.27
2025-05-04,BB01,London,High Street,Weekend,Cloudy,Combo Deal,13.3,50.25,9,322,141,230,7.41,1063.33,1021.72,41.62,2.68,4.24
2025-05-04,BB02,London,Shopping Centre,Weekend,Cloudy,No Promotion,13.3,14.48,7,333,138,196,8.4,1149.68,923.26,226.42,3.43,4.28
2025-05-04,BB03,Manchester,High Street,Weekend,Cloudy,Social Media,13.3,51.88,7,253,100,152,8.05,800.09,827.28,-27.2,2.2,4.34
2025-05-04,BB04,Manchester,Shopping Centre,Weekend,Cloudy,Social Media,13.3,104.48,7,357,149,233,9.09,1355.2,1052.72,302.48,3.14,4.36
2025-05-04,BB05,Birmingham,High Street,Weekend,Cloudy,Local Flyer,13.3,41.11,7,236,101,137,7.36,738.63,791.91,-53.29,2.56,4.52
2025-05-04,BB06,Birmingham,Shopping Centre,Weekend,Cloudy,No Promotion,13.3,11.34,6,262,110,155,7.44,806.81,716.75,90.06,3.05,4.25
2025-05-04,BB07,Bristol,High Street,Weekend,Cloudy,No Promotion,13.3,0.3,6,213,95,139,7.01,690.78,701.16,-10.38,2.39,4.27
2025-05-04,BB08,Bristol,Shopping Centre,Weekend,Cloudy,No Promotion,13.3,15.7,8,316,114,157,9.04,1046.59,900.04,146.55,2.76,4.26
2025-05-05,BB01,London,High Street,Weekday,Sunny,No Promotion,19.4,2.39,7,275,128,176,8.21,1073.37,913.7,159.67,3.25,4.65
2025-05-05,BB02,London,Shopping Centre,Weekday,Sunny,No Promotion,19.4,2.94,6,283,118,167,9.01,1005.91,785.77,220.14,2.91,4.34
2025-05-05,BB03,Manchester,High Street,Weekday,Sunny,No Promotion,19.4,5.53,7,248,102,152,6.92,744.63,774.66,-30.02,2.44,4.4
2025-05-05,BB04,Manchester,Shopping Centre,Weekday,Sunny,Social Media,19.4,72.89,7,291,136,184,8.03,1099.19,971.42,127.76,3.27,4.07
2025-05-05,BB05,Birmingham,High Street,Weekday,Sunny,Social Media,19.4,52.16,6,208,95,126,6.95,624.88,678.22,-53.33,2.59,4.28
2025-05-05,BB06,Birmingham,Shopping Centre,Weekday,Sunny,Combo Deal,19.4,63.16,6,299,127,214,7.17,911.2,792.32,118.88,3.72,4.24
2025-05-05,BB07,Bristol,High Street,Weekday,Sunny,No Promotion,19.4,12.25,5,189,76,111,7.8,595.18,637.06,-41.89,2.81,4.18
2025-05-05,BB08,Bristol,Shopping Centre,Weekday,Sunny,No Promotion,19.4,15.13,7,225,114,160,7.34,856.1,793.11,62.99,3.56,4.16
2025-05-06,BB01,London,High Street,Weekday,Sunny,No Promotion,15.7,11.72,7,266,112,166,8.5,959.55,872.18,87.37,2.53,4.18
2025-05-06,BB02,London,Shopping Centre,Weekday,Sunny,No Promotion,15.7,9.84,6,330,146,215,8.47,1204.32,880.04,324.28,3.17,4.08
2025-05-06,BB03,Manchester,High Street,Weekday,Sunny,No Promotion,15.7,5.25,5,231,86,117,7.1,633.91,587.13,46.78,2.77,4.41
2025-05-06,BB04,Manchester,Shopping Centre,Weekday,Sunny,Social Media,15.7,69.99,7,262,123,194,7.97,975.92,853.61,122.31,2.73,4.38
2025-05-06,BB05,Birmingham,High Street,Weekday,Sunny,No Promotion,15.7,11.3,6,209,83,110,6.2,512.98,650.77,-137.78,3.12,4.18
2025-05-06,BB06,Birmingham,Shopping Centre,Weekday,Sunny,No Promotion,15.7,13.5,7,271,111,147,6.99,801.27,754.32,46.95,2.46,4.5
2025-05-06,BB07,Bristol,High Street,Weekday,Sunny,No Promotion,15.7,13.1,6,199,83,118,7.32,564.9,649.21,-84.31,2.83,4.15
2025-05-06,BB08,Bristol,Shopping Centre,Weekday,Sunny,No Promotion,15.7,2.53,7,226,106,141,8.39,856.95,779.64,77.31,2.52,4.5
2025-05-07,BB01,London,High Street,Weekday,Sunny,No Promotion,20.6,4.69,6,259,103,154,7.8,824.32,773.68,50.64,3.06,4.24
2025-05-07,BB02,London,Shopping Centre,Weekday,Sunny,Social Media,20.6,87.56,8,329,152,235,9.24,1401.4,1177.08,224.32,2.77,4.18
2025-05-07,BB03,Manchester,High Street,Weekday,Sunny,No Promotion,20.6,0.28,7,220,92,137,7.79,741.15,757.47,-16.32,2.16,4.39
2025-05-07,BB04,Manchester,Shopping Centre,Weekday,Sunny,No Promotion,20.6,8.72,7,252,100,160,7.98,802.43,771.4,31.03,2.5,4.48
2025-05-07,BB05,Birmingham,High Street,Weekday,Sunny,No Promotion,20.6,13.12,6,233,88,122,6.86,565.33,645.59,-80.26,3.46,4.29
2025-05-07,BB06,Birmingham,Shopping Centre,Weekday,Sunny,Social Media,20.6,52.64,8,310,146,196,7.88,1161.47,1012.41,149.06,2.65,4.25
2025-05-07,BB07,Bristol,High Street,Weekday,Sunny,No Promotion,20.6,8.6,6,216,79,112,7.56,610.32,657.5,-47.17,2.79,4.08
2025-05-07,BB08,Bristol,Shopping Centre,Weekday,Sunny,No Promotion,20.6,13.91,7,228,92,138,8.39,761.14,750.86,10.29,2.55,4.15
2025-05-08,BB01,London,High Street,Weekday,Cloudy,Local Flyer,17.6,63.75,7,279,136,191,8.73,1178.65,1014.7,163.95,3.16,4.41
2025-05-08,BB02,London,Shopping Centre,Weekday,Cloudy,Combo Deal,17.6,41.76,8,316,138,223,8.87,1192.67,1012.96,179.72,2.37,4.45
2025-05-08,BB03,Manchester,High Street,Weekday,Cloudy,No Promotion,17.6,6.12,6,205,88,131,7.53,640.67,673.6,-32.93,2.97,4.43
2025-05-08,BB04,Manchester,Shopping Centre,Weekday,Cloudy,No Promotion,17.6,15.31,6,223,95,134,7.81,743.58,707.54,36.03,3.06,4.25
2025-05-08,BB05,Birmingham,High Street,Weekday,Cloudy,No Promotion,17.6,3.76,6,213,98,130,6.97,690.57,680.46,10.12,2.98,4.28
2025-05-08,BB06,Birmingham,Shopping Centre,Weekday,Cloudy,No Promotion,17.6,1.67,7,223,101,157,7.37,745.28,744.86,0.42,2.98,4.22
2025-05-08,BB07,Bristol,High Street,Weekday,Cloudy,No Promotion,17.6,14.16,6,189,72,100,6.69,512.23,620.72,-108.49,2.39,4.25
2025-05-08,BB08,Bristol,Shopping Centre,Weekday,Cloudy,Combo Deal,17.6,65.48,6,239,98,158,7.37,726.34,748.38,-22.05,2.83,4.31
2025-05-09,BB01,London,High Street,Weekday,Rainy,Social Media,19.1,111.97,5,209,105,142,7.92,828.66,831.46,-2.8,3.66,4.11
2025-05-09,BB02,London,Shopping Centre,Weekday,Rainy,Social Media,19.1,61.54,6,235,118,169,8.48,959.6,857.82,101.78,3.18,4.4
2025-05-09,BB03,Manchester,High Street,Weekday,Rainy,No Promotion,19.1,11.6,6,203,87,135,6.99,607.05,646.15,-39.11,2.88,4.08
2025-05-09,BB04,Manchester,Shopping Centre,Weekday,Rainy,No Promotion,19.1,8.04,7,186,85,125,7.84,667.5,723.5,-56.0,2.12,4.44
2025-05-09,BB05,Birmingham,High Street,Weekday,Rainy,No Promotion,19.1,16.12,5,174,77,118,7.58,583.5,620.26,-36.76,2.83,4.17
2025-05-09,BB06,Birmingham,Shopping Centre,Weekday,Rainy,No Promotion,19.1,3.12,5,158,56,85,7.1,369.34,523.63,-154.28,2.3,4.45
2025-05-09,BB07,Bristol,High Street,Weekday,Rainy,No Promotion,19.1,9.26,5,140,70,102,5.78,406.59,570.41,-163.82,2.59,4.44
2025-05-09,BB08,Bristol,Shopping Centre,Weekday,Rainy,Combo Deal,19.1,29.93,5,196,90,150,8.28,781.19,667.85,113.34,3.11,4.31
2025-05-10,BB01,London,High Street,Weekend,Rainy,Social Media,16.4,46.68,6,235,103,160,8.58,886.29,848.13,38.16,3.05,4.3
2025-05-10,BB02,London,Shopping Centre,Weekend,Rainy,No Promotion,16.4,17.41,7,314,146,224,8.8,1261.59,978.16,283.44,3.24,4.4
2025-05-10,BB03,Manchester,High Street,Weekend,Rainy,Combo Deal,16.4,43.12,7,231,109,168,7.14,746.13,789.18,-43.05,2.51,4.48
2025-05-10,BB04,Manchester,Shopping Centre,Weekend,Rainy,Social Media,16.4,47.59,7,263,126,173,9.01,1107.68,906.91,200.77,2.79,4.31
2025-05-10,BB05,Birmingham,High Street,Weekend,Rainy,No Promotion,16.4,5.12,6,192,93,135,7.57,702.32,667.27,35.04,2.91,4.38
2025-05-10,BB06,Birmingham,Shopping Centre,Weekend,Rainy,Social Media,16.4,112.74,7,297,138,184,8.26,1171.99,982.09,189.9,2.97,4.22
2025-05-10,BB07,Bristol,High Street,Weekend,Rainy,No Promotion,16.4,1.75,6,159,70,106,7.39,563.82,626.91,-63.09,2.54,4.6
2025-05-10,BB08,Bristol,Shopping Centre,Weekend,Rainy,Combo Deal,16.4,66.86,8,250,119,205,8.55,1028.07,953.11,74.96,2.89,4.47
2025-05-11,BB01,London,High Street,Weekend,Sunny,No Promotion,18.7,5.07,7,289,128,193,7.72,977.94,861.28,116.65,2.89,4.18
2025-05-11,BB02,London,Shopping Centre,Weekend,Sunny,Social Media,18.7,73.39,9,438,185,278,8.96,1680.01,1249.16,430.86,2.62,3.92
2025-05-11,BB03,Manchester,High Street,Weekend,Sunny,No Promotion,18.7,4.43,6,263,115,176,7.97,920.87,806.91,113.96,2.93,4.28
2025-05-11,BB04,Manchester,Shopping Centre,Weekend,Sunny,Combo Deal,18.7,42.94,8,383,177,271,7.77,1334.99,1043.81,291.18,3.07,4.18
2025-05-11,BB05,Birmingham,High Street,Weekend,Sunny,Social Media,18.7,94.3,7,257,122,177,8.06,984.84,905.61,79.23,3.51,4.27
2025-05-11,BB06,Birmingham,Shopping Centre,Weekend,Sunny,No Promotion,18.7,5.4,8,324,147,219,8.37,1209.95,954.38,255.57,2.66,4.39
2025-05-11,BB07,Bristol,High Street,Weekend,Sunny,No Promotion,18.7,0.1,6,220,98,150,6.84,654.4,672.83,-18.44,2.51,4.4
2025-05-11,BB08,Bristol,Shopping Centre,Weekend,Sunny,Social Media,18.7,103.15,8,298,155,214,8.85,1364.86,1109.82,255.04,2.58,4.22
2025-05-12,BB01,London,High Street,Weekday,Cloudy,Social Media,17.7,62.66,7,257,112,161,8.0,860.36,880.28,-19.91,2.43,4.36
2025-05-12,BB02,London,Shopping Centre,Weekday,Cloudy,No Promotion,17.7,17.95,7,261,106,147,8.96,913.63,818.62,95.02,2.58,4.03
2025-05-12,BB03,Manchester,High Street,Weekday,Cloudy,Social Media,17.7,58.91,7,247,101,144,7.08,726.13,808.65,-82.52,2.8,4.29
2025-05-12,BB04,Manchester,Shopping Centre,Weekday,Cloudy,No Promotion,17.7,4.79,8,253,122,174,7.28,872.29,846.7,25.59,2.18,4.38
2025-05-12,BB05,Birmingham,High Street,Weekday,Cloudy,Social Media,17.7,56.56,6,220,92,135,7.4,655.99,726.87,-70.88,2.86,4.36
2025-05-12,BB06,Birmingham,Shopping Centre,Weekday,Cloudy,Social Media,17.7,101.23,7,292,129,181,7.78,1036.68,923.26,113.41,2.55,4.12
2025-05-12,BB07,Bristol,High Street,Weekday,Cloudy,Combo Deal,17.7,30.04,6,252,104,167,8.0,820.9,717.73,103.16,2.85,4.55
2025-05-12,BB08,Bristol,Shopping Centre,Weekday,Cloudy,Local Flyer,17.7,71.68,5,183,81,124,8.46,672.33,701.32,-28.99,2.94,4.26
2025-05-13,BB01,London,High Street,Weekday,Sunny,No Promotion,20.6,8.54,8,320,135,208,8.23,1137.55,986.89,150.67,3.01,4.31
2025-05-13,BB02,London,Shopping Centre,Weekday,Sunny,Social Media,20.6,86.99,7,309,150,195,9.48,1401.45,1103.42,298.03,3.13,4.21
2025-05-13,BB03,Manchester,High Street,Weekday,Sunny,Social Media,20.6,100.33,7,264,117,180,7.07,835.08,866.42,-31.35,3.22,4.11
2025-05-13,BB04,Manchester,Shopping Centre,Weekday,Sunny,No Promotion,20.6,1.93,5,251,96,144,8.36,840.28,677.26,163.02,2.94,4.18
2025-05-13,BB05,Birmingham,High Street,Weekday,Sunny,No Promotion,20.6,4.77,6,207,88,137,6.95,621.72,661.98,-40.25,2.98,4.26
2025-05-13,BB06,Birmingham,Shopping Centre,Weekday,Sunny,No Promotion,20.6,9.77,6,201,83,112,7.35,579.29,649.32,-70.03,2.75,4.26
2025-05-13,BB07,Bristol,High Street,Weekday,Sunny,Local Flyer,20.6,53.37,6,240,104,149,7.64,808.74,756.42,52.33,2.91,4.08
2025-05-13,BB08,Bristol,Shopping Centre,Weekday,Sunny,Social Media,20.6,114.9,8,278,129,183,7.24,900.78,954.65,-53.87,3.03,4.29
2025-05-14,BB01,London,High Street,Weekday,Sunny,Combo Deal,18.2,65.79,8,319,147,243,7.52,1110.93,1018.32,92.61,3.21,4.45
2025-05-14,BB02,London,Shopping Centre,Weekday,Sunny,No Promotion,18.2,1.14,6,307,118,176,7.82,914.32,780.84,133.48,2.76,4.51
2025-05-14,BB03,Manchester,High Street,Weekday,Sunny,Combo Deal,18.2,29.36,8,269,135,219,7.19,944.11,887.29,56.82,2.63,4.53
2025-05-14,BB04,Manchester,Shopping Centre,Weekday,Sunny,Social Media,18.2,101.33,7,256,111,168,7.74,872.09,906.96,-34.87,2.69,4.27
2025-05-14,BB05,Birmingham,High Street,Weekday,Sunny,No Promotion,18.2,11.88,5,216,87,119,6.46,588.41,614.17,-25.76,3.22,4.2
2025-05-14,BB06,Birmingham,Shopping Centre,Weekday,Sunny,No Promotion,18.2,12.29,7,246,93,141,6.87,656.91,743.68,-86.77,2.86,4.28
2025-05-14,BB07,Bristol,High Street,Weekday,Sunny,No Promotion,18.2,8.74,6,203,83,119,7.51,639.53,649.51,-9.98,2.84,4.45
2025-05-14,BB08,Bristol,Shopping Centre,Weekday,Sunny,Combo Deal,18.2,47.39,6,267,121,199,7.41,917.51,838.45,79.06,3.5,4.09
2025-05-15,BB01,London,High Street,Weekday,Cloudy,No Promotion,14.8,3.97,6,242,116,157,8.51,1014.42,801.19,213.23,3.16,4.18
2025-05-15,BB02,London,Shopping Centre,Weekday,Cloudy,No Promotion,14.8,7.14,8,305,141,201,8.32,1177.9,984.0,193.9,2.68,4.64
2025-05-15,BB03,Manchester,High Street,Weekday,Cloudy,Combo Deal,14.8,43.06,6,230,95,159,7.02,664.36,674.17,-9.81,2.18,4.7
2025-05-15,BB04,Manchester,Shopping Centre,Weekday,Cloudy,No Promotion,14.8,9.31,7,238,101,137,7.86,766.55,775.06,-8.51,2.84,4.29
2025-05-15,BB05,Birmingham,High Street,Weekday,Cloudy,Social Media,14.8,76.09,6,215,93,142,7.15,663.42,740.4,-76.98,2.8,4.25
2025-05-15,BB06,Birmingham,Shopping Centre,Weekday,Cloudy,No Promotion,14.8,9.52,6,179,79,109,7.23,571.27,636.08,-64.81,1.76,4.35
2025-05-15,BB07,Bristol,High Street,Weekday,Cloudy,No Promotion,14.8,9.25,4,178,70,105,7.05,494.27,516.43,-22.16,3.36,4.27
2025-05-15,BB08,Bristol,Shopping Centre,Weekday,Cloudy,No Promotion,14.8,11.74,6,217,92,137,7.84,715.98,697.97,18.0,2.79,4.13
2025-05-16,BB01,London,High Street,Weekday,Rainy,Social Media,12.1,50.94,8,247,108,169,8.14,854.15,906.08,-51.94,2.72,4.19
2025-05-16,BB02,London,Shopping Centre,Weekday,Rainy,No Promotion,12.1,1.31,7,285,127,178,8.56,1093.05,901.75,191.29,3.34,4.39
2025-05-16,BB03,Manchester,High Street,Weekday,Rainy,Combo Deal,12.1,47.64,7,207,98,147,7.74,761.39,782.21,-20.81,2.21,4.44
2025-05-16,BB04,Manchester,Shopping Centre,Weekday,Rainy,Social Media,12.1,78.19,7,237,107,161,9.0,935.46,882.56,52.9,3.07,4.3
2025-05-16,BB05,Birmingham,High Street,Weekday,Rainy,No Promotion,12.1,6.51,5,169,75,110,6.94,481.08,561.03,-79.95,2.5,4.29
2025-05-16,BB06,Birmingham,Shopping Centre,Weekday,Rainy,No Promotion,12.1,9.04,6,200,77,115,7.2,553.61,662.21,-108.6,2.23,4.77
2025-05-16,BB07,Bristol,High Street,Weekday,Rainy,No Promotion,12.1,10.42,5,157,69,101,7.96,568.13,612.9,-44.77,2.31,4.31
2025-05-16,BB08,Bristol,Shopping Centre,Weekday,Rainy,No Promotion,12.1,16.28,6,187,83,119,9.22,755.91,741.13,14.78,2.31,4.19
2025-05-17,BB01,London,High Street,Weekend,Rainy,No Promotion,21.6,9.26,7,225,102,148,8.25,847.14,806.51,40.63,3.17,4.26
2025-05-17,BB02,London,Shopping Centre,Weekend,Rainy,No Promotion,21.6,16.38,7,324,126,173,9.01,1144.05,933.37,210.68,2.85,4.42
2025-05-17,BB03,Manchester,High Street,Weekend,Rainy,Local Flyer,21.6,65.74,6,194,87,124,7.59,637.54,725.34,-87.8,2.68,4.07
2025-05-17,BB04,Manchester,Shopping Centre,Weekend,Rainy,No Promotion,21.6,15.59,6,244,111,161,8.09,909.85,792.52,117.32,3.1,4.37
2025-05-17,BB05,Birmingham,High Street,Weekend,Rainy,Local Flyer,21.6,31.07,6,156,67,105,7.2,473.65,648.93,-175.28,2.89,4.3
2025-05-17,BB06,Birmingham,Shopping Centre,Weekend,Rainy,No Promotion,21.6,1.63,6,230,106,150,7.81,790.51,692.61,97.9,2.45,4.24
2025-05-17,BB07,Bristol,High Street,Weekend,Rainy,No Promotion,21.6,13.91,6,176,79,107,7.62,592.59,640.31,-47.72,2.14,4.27
2025-05-17,BB08,Bristol,Shopping Centre,Weekend,Rainy,No Promotion,21.6,9.36,6,220,88,128,8.16,757.01,726.74,30.27,2.41,4.42
2025-05-18,BB01,London,High Street,Weekend,Rainy,No Promotion,16.1,10.7,7,261,102,160,7.92,786.52,806.4,-19.88,2.5,4.71
2025-05-18,BB02,London,Shopping Centre,Weekend,Rainy,No Promotion,16.1,0.11,7,312,135,198,8.51,1199.51,905.81,293.69,3.12,4.2
2025-05-18,BB03,Manchester,High Street,Weekend,Rainy,No Promotion,16.1,5.34,6,181,69,99,7.13,473.54,625.54,-152.0,2.33,4.41
2025-05-18,BB04,Manchester,Shopping Centre,Weekend,Rainy,Local Flyer,16.1,74.61,7,311,132,208,8.15,1087.62,961.7,125.92,2.73,4.27
2025-05-18,BB05,Birmingham,High Street,Weekend,Rainy,Combo Deal,16.1,30.69,7,237,114,199,6.94,787.18,813.28,-26.1,2.69,4.13
2025-05-18,BB06,Birmingham,Shopping Centre,Weekend,Rainy,Combo Deal,16.1,45.67,7,309,152,249,7.81,1211.93,946.67,265.27,3.66,4.22
2025-05-18,BB07,Bristol,High Street,Weekend,Rainy,No Promotion,16.1,9.36,6,163,66,99,7.35,495.84,608.24,-112.4,2.12,4.45
2025-05-18,BB08,Bristol,Shopping Centre,Weekend,Rainy,No Promotion,16.1,1.06,6,233,92,124,7.66,678.05,671.61,6.44,2.63,4.35
2025-05-19,BB01,London,High Street,Weekday,Rainy,Combo Deal,19.1,60.73,7,268,119,198,7.61,887.75,885.13,2.61,3.66,4.24
2025-05-19,BB02,London,Shopping Centre,Weekday,Rainy,Local Flyer,19.1,60.9,7,297,138,202,8.32,1126.1,979.76,146.34,2.71,4.22
2025-05-19,BB03,Manchester,High Street,Weekday,Rainy,No Promotion,19.1,4.63,6,175,65,96,6.68,449.85,641.54,-191.68,2.6,4.11
2025-05-19,BB04,Manchester,Shopping Centre,Weekday,Rainy,Social Media,19.1,63.05,7,249,105,153,8.31,854.22,848.16,6.06,3.26,4.19
2025-05-19,BB05,Birmingham,High Street,Weekday,Rainy,No Promotion,19.1,15.86,5,159,65,93,7.47,508.25,645.71,-137.46,2.7,4.47
2025-05-19,BB06,Birmingham,Shopping Centre,Weekday,Rainy,Combo Deal,19.1,49.62,6,219,102,179,6.73,657.5,732.39,-74.89,2.71,4.41
2025-05-19,BB07,Bristol,High Street,Weekday,Rainy,No Promotion,19.1,8.0,6,168,68,95,7.69,526.4,618.3,-91.9,2.63,4.17
2025-05-19,BB08,Bristol,Shopping Centre,Weekday,Rainy,Combo Deal,19.1,56.49,6,206,87,144,7.45,656.86,770.47,-113.61,2.81,4.05
2025-05-20,BB01,London,High Street,Weekday,Sunny,No Promotion,22.7,5.31,7,276,118,173,7.69,919.5,834.53,84.98,2.17,4.39
2025-05-20,BB02,London,Shopping Centre,Weekday,Sunny,No Promotion,22.7,0.01,6,290,126,174,8.8,1113.41,851.71,261.7,3.45,4.24
2025-05-20,BB03,Manchester,High Street,Weekday,Sunny,No Promotion,22.7,3.86,7,266,108,150,6.78,709.91,736.79,-26.89,2.79,4.45
2025-05-20,BB04,Manchester,Shopping Centre,Weekday,Sunny,Combo Deal,22.7,45.87,8,340,142,226,7.75,1102.84,966.23,136.61,2.8,4.48
2025-05-20,BB05,Birmingham,High Street,Weekday,Sunny,Local Flyer,22.7,30.67,6,223,96,139,7.77,728.28,693.13,35.15,2.95,4.21
2025-05-20,BB06,Birmingham,Shopping Centre,Weekday,Sunny,No Promotion,22.7,9.77,6,262,103,138,7.88,806.05,744.12,61.93,2.63,4.21
2025-05-20,BB07,Bristol,High Street,Weekday,Sunny,No Promotion,22.7,6.5,6,185,73,101,6.45,491.74,612.42,-120.68,2.4,4.17
2025-05-20,BB08,Bristol,Shopping Centre,Weekday,Sunny,No Promotion,22.7,0.79,6,224,100,125,7.63,738.15,694.76,43.39,3.24,4.35
2025-05-21,BB01,London,High Street,Weekday,Sunny,No Promotion,18.8,15.27,7,283,104,156,8.06,825.71,837.3,-11.59,2.86,4.24
2025-05-21,BB02,London,Shopping Centre,Weekday,Sunny,No Promotion,18.8,1.1,8,331,153,213,9.38,1468.0,1085.81,382.19,3.11,4.26
2025-05-21,BB03,Manchester,High Street,Weekday,Sunny,Social Media,18.8,45.39,7,245,113,164,7.71,878.72,868.52,10.2,2.62,4.39
2025-05-21,BB04,Manchester,Shopping Centre,Weekday,Sunny,No Promotion,18.8,12.21,7,300,113,140,7.33,787.22,757.05,30.16,2.88,4.25
2025-05-21,BB05,Birmingham,High Street,Weekday,Sunny,No Promotion,18.8,3.01,6,206,74,111,6.02,458.64,583.14,-124.5,2.39,4.36
2025-05-21,BB06,Birmingham,Shopping Centre,Weekday,Sunny,No Promotion,18.8,10.73,7,248,104,148,6.91,728.52,757.24,-28.73,2.84,4.28
2025-05-21,BB07,Bristol,High Street,Weekday,Sunny,No Promotion,18.8,6.35,6,178,77,109,6.81,489.63,604.1,-114.46,2.33,4.38
2025-05-21,BB08,Bristol,Shopping Centre,Weekday,Sunny,No Promotion,18.8,10.59,6,246,95,146,8.25,790.68,728.34,62.35,3.06,4.25
2025-05-22,BB01,London,High Street,Weekday,Cloudy,Social Media,21.8,83.32,7,253,118,161,7.98,997.31,958.37,38.94,2.95,4.41
2025-05-22,BB02,London,Shopping Centre,Weekday,Cloudy,No Promotion,21.8,13.57,7,263,100,134,8.64,896.37,862.53,33.83,2.86,4.27
2025-05-22,BB03,Manchester,High Street,Weekday,Cloudy,No Promotion,21.8,3.81,7,235,106,151,6.96,729.25,746.96,-17.71,2.73,4.3
2025-05-22,BB04,Manchester,Shopping Centre,Weekday,Cloudy,No Promotion,21.8,3.74,7,243,104,141,7.91,813.85,772.62,41.23,2.53,4.34
2025-05-22,BB05,Birmingham,High Street,Weekday,Cloudy,Combo Deal,21.8,40.1,7,237,106,158,6.12,680.61,766.72,-86.11,3.32,4.15
2025-05-22,BB06,Birmingham,Shopping Centre,Weekday,Cloudy,Local Flyer,21.8,33.91,7,251,109,153,7.97,846.81,829.6,17.21,2.39,4.24
2025-05-22,BB07,Bristol,High Street,Weekday,Cloudy,Combo Deal,21.8,48.89,6,226,100,152,7.07,699.26,720.32,-21.06,2.96,4.11
2025-05-22,BB08,Bristol,Shopping Centre,Weekday,Cloudy,No Promotion,21.8,2.13,6,194,84,111,8.35,687.9,701.74,-13.84,1.96,4.29
2025-05-23,BB01,London,High Street,Weekday,Sunny,No Promotion,19.7,6.51,7,277,122,167,8.09,1020.55,880.15,140.39,2.73,4.26
2025-05-23,BB02,London,Shopping Centre,Weekday,Sunny,No Promotion,19.7,11.65,8,338,146,216,8.4,1223.16,1020.19,202.96,3.02,4.4
2025-05-23,BB03,Manchester,High Street,Weekday,Sunny,No Promotion,19.7,11.78,6,267,100,132,6.35,610.31,647.76,-37.45,3.62,4.14
2025-05-23,BB04,Manchester,Shopping Centre,Weekday,Sunny,Local Flyer,19.7,75.14,7,248,120,171,7.45,900.65,931.64,-30.99,2.88,4.36
2025-05-23,BB05,Birmingham,High Street,Weekday,Sunny,Local Flyer,19.7,33.17,5,220,93,135,7.21,686.84,681.09,5.75,2.99,4.32
2025-05-23,BB06,Birmingham,Shopping Centre,Weekday,Sunny,No Promotion,19.7,7.3,6,206,80,123,7.17,571.58,670.75,-99.16,2.18,4.45
2025-05-23,BB07,Bristol,High Street,Weekday,Sunny,No Promotion,19.7,13.9,5,187,79,110,7.71,623.07,579.66,43.4,3.16,4.17
2025-05-23,BB08,Bristol,Shopping Centre,Weekday,Sunny,No Promotion,19.7,3.76,6,227,94,145,7.61,761.61,723.74,37.88,3.0,4.21
2025-05-24,BB01,London,High Street,Weekend,Cloudy,Social Media,19.9,110.8,8,311,136,191,7.36,1018.72,975.78,42.94,3.09,4.18
2025-05-24,BB02,London,Shopping Centre,Weekend,Cloudy,No Promotion,19.9,6.93,8,401,162,230,9.81,1557.52,1121.32,436.2,2.85,4.25
2025-05-24,BB03,Manchester,High Street,Weekend,Cloudy,Social Media,19.9,84.66,8,262,133,191,7.18,947.88,914.87,33.01,3.36,4.34
2025-05-24,BB04,Manchester,Shopping Centre,Weekend,Cloudy,No Promotion,19.9,2.16,8,319,133,201,8.53,1131.57,913.26,218.31,2.62,4.52
2025-05-24,BB05,Birmingham,High Street,Weekend,Cloudy,No Promotion,19.9,15.19,5,187,82,127,7.35,598.38,591.81,6.58,2.71,4.49
2025-05-24,BB06,Birmingham,Shopping Centre,Weekend,Cloudy,No Promotion,19.9,8.0,8,272,116,169,8.41,959.28,840.38,118.9,2.83,4.22
2025-05-24,BB07,Bristol,High Street,Weekend,Cloudy,Combo Deal,19.9,66.74,6,216,91,149,7.91,754.83,785.1,-30.28,2.87,4.3
2025-05-24,BB08,Bristol,Shopping Centre,Weekend,Cloudy,Social Media,19.9,53.39,8,327,149,235,8.63,1258.48,1020.66,237.82,2.88,4.57
2025-05-25,BB01,London,High Street,Weekend,Cloudy,No Promotion,19.3,2.78,6,290,117,167,7.44,875.24,754.24,121.0,2.88,3.96
2025-05-25,BB02,London,Shopping Centre,Weekend,Cloudy,Social Media,19.3,61.42,9,452,198,284,8.93,1737.55,1242.59,494.96,3.53,4.19
2025-05-25,BB03,Manchester,High Street,Weekend,Cloudy,Combo Deal,19.3,35.15,7,273,116,199,7.16,836.56,826.3,10.25,2.92,4.33
2025-05-25,BB04,Manchester,Shopping Centre,Weekend,Cloudy,Combo Deal,19.3,32.13,9,387,170,269,7.84,1358.46,1093.31,265.15,3.86,4.07
2025-05-25,BB05,Birmingham,High Street,Weekend,Cloudy,Social Media,19.3,57.8,8,290,115,154,7.84,898.65,887.48,11.17,2.73,4.17
2025-05-25,BB06,Birmingham,Shopping Centre,Weekend,Cloudy,No Promotion,19.3,3.78,7,317,152,233,7.61,1131.62,848.08,283.55,2.92,4.71
2025-05-25,BB07,Bristol,High Street,Weekend,Cloudy,Combo Deal,19.3,54.93,8,287,129,220,7.28,909.3,911.46,-2.16,2.05,4.2
2025-05-25,BB08,Bristol,Shopping Centre,Weekend,Cloudy,Local Flyer,19.3,56.33,8,313,139,193,7.89,1091.9,970.36,121.54,2.74,4.32
2025-05-26,BB01,London,High Street,Weekday,Sunny,Combo Deal,21.5,54.39,8,371,167,285,7.44,1247.57,1082.76,164.81,2.68,4.4
2025-05-26,BB02,London,Shopping Centre,Weekday,Sunny,No Promotion,21.5,6.58,7,334,136,189,9.16,1233.66,942.88,290.78,3.29,4.21
2025-05-26,BB03,Manchester,High Street,Weekday,Sunny,Social Media,21.5,68.96,6,270,118,159,7.54,909.08,847.15,61.93,2.97,4.33
2025-05-26,BB04,Manchester,Shopping Centre,Weekday,Sunny,No Promotion,21.5,2.47,7,294,123,175,7.75,943.82,807.6,136.22,3.61,3.98
2025-05-26,BB05,Birmingham,High Street,Weekday,Sunny,No Promotion,21.5,17.04,6,200,85,123,7.18,632.13,657.21,-25.08,2.66,4.15
2025-05-26,BB06,Birmingham,Shopping Centre,Weekday,Sunny,No Promotion,21.5,11.74,6,225,76,109,7.06,531.02,626.03,-95.01,1.91,4.63
2025-05-26,BB07,Bristol,High Street,Weekday,Sunny,Local Flyer,21.5,35.04,6,222,98,160,6.97,649.25,706.67,-57.42,2.66,4.35
2025-05-26,BB08,Bristol,Shopping Centre,Weekday,Sunny,No Promotion,21.5,1.25,6,182,82,116,8.39,675.68,689.0,-13.32,2.6,4.19
2025-05-27,BB01,London,High Street,Weekday,Cloudy,No Promotion,17.1,7.22,7,274,116,172,7.51,852.2,838.66,13.54,3.45,4.25
2025-05-27,BB02,London,Shopping Centre,Weekday,Cloudy,No Promotion,17.1,12.58,7,293,132,171,7.78,1017.31,900.22,117.08,2.69,4.18
2025-05-27,BB03,Manchester,High Street,Weekday,Cloudy,No Promotion,17.1,3.71,7,243,108,159,7.43,789.26,784.37,4.89,2.45,4.72
2025-05-27,BB04,Manchester,Shopping Centre,Weekday,Cloudy,Local Flyer,17.1,48.45,7,231,98,135,8.02,780.37,837.46,-57.08,2.59,4.62
2025-05-27,BB05,Birmingham,High Street,Weekday,Cloudy,No Promotion,17.1,4.63,6,191,77,103,6.51,503.09,607.09,-104.01,2.71,4.23
2025-05-27,BB06,Birmingham,Shopping Centre,Weekday,Cloudy,Combo Deal,17.1,48.66,7,267,110,181,7.23,784.11,855.27,-71.16,2.48,4.31
2025-05-27,BB07,Bristol,High Street,Weekday,Cloudy,Social Media,17.1,98.94,6,189,87,127,7.63,686.21,794.65,-108.44,3.01,4.41
2025-05-27,BB08,Bristol,Shopping Centre,Weekday,Cloudy,No Promotion,17.1,5.88,5,226,83,115,8.3,651.61,641.44,10.17,3.0,4.34
2025-05-28,BB01,London,High Street,Weekday,Sunny,No Promotion,19.2,16.72,7,289,118,162,8.07,959.94,838.86,121.08,2.49,4.51
2025-05-28,BB02,London,Shopping Centre,Weekday,Sunny,No Promotion,19.2,10.71,6,350,124,176,8.91,1057.57,863.96,193.61,2.64,4.32
2025-05-28,BB03,Manchester,High Street,Weekday,Sunny,No Promotion,19.2,4.67,7,242,103,162,7.12,746.49,747.23,-0.74,2.53,4.31
2025-05-28,BB04,Manchester,Shopping Centre,Weekday,Sunny,Combo Deal,19.2,33.24,7,300,133,228,6.96,912.91,861.21,51.71,2.47,4.21
2025-05-28,BB05,Birmingham,High Street,Weekday,Sunny,Combo Deal,19.2,69.49,7,245,93,149,6.59,556.79,763.67,-206.88,3.06,4.47
2025-05-28,BB06,Birmingham,Shopping Centre,Weekday,Sunny,No Promotion,19.2,16.01,7,230,110,162,7.7,806.58,758.3,48.29,2.7,4.39
2025-05-28,BB07,Bristol,High Street,Weekday,Sunny,No Promotion,19.2,7.04,6,209,80,119,7.97,636.65,684.13,-47.48,2.76,4.4
2025-05-28,BB08,Bristol,Shopping Centre,Weekday,Sunny,Local Flyer,19.2,42.07,6,242,120,180,7.7,904.0,798.81,105.19,3.28,4.48
2025-05-29,BB01,London,High Street,Weekday,Cloudy,Combo Deal,20.4,27.55,8,328,145,243,7.47,1086.7,969.82,116.88,3.01,4.08
2025-05-29,BB02,London,Shopping Centre,Weekday,Cloudy,No Promotion,20.4,16.52,6,294,109,163,7.77,861.66,791.77,69.89,3.3,4.24
2025-05-29,BB03,Manchester,High Street,Weekday,Cloudy,Combo Deal,20.4,27.63,7,267,107,173,7.78,795.54,778.13,17.41,3.31,4.44
2025-05-29,BB04,Manchester,Shopping Centre,Weekday,Cloudy,No Promotion,20.4,4.69,6,216,92,140,7.91,701.12,682.24,18.88,2.9,4.25
2025-05-29,BB05,Birmingham,High Street,Weekday,Cloudy,No Promotion,20.4,15.7,5,182,73,104,6.5,475.52,571.2,-95.68,2.67,4.48
2025-05-29,BB06,Birmingham,Shopping Centre,Weekday,Cloudy,No Promotion,20.4,11.29,5,177,77,113,7.54,524.2,608.92,-84.72,3.22,4.29
2025-05-29,BB07,Bristol,High Street,Weekday,Cloudy,Combo Deal,20.4,66.23,6,221,112,189,6.6,725.65,745.56,-19.92,3.38,4.19
2025-05-29,BB08,Bristol,Shopping Centre,Weekday,Cloudy,Social Media,20.4,69.85,6,256,115,171,8.35,1004.03,847.55,156.48,3.02,4.17
2025-05-30,BB01,London,High Street,Weekday,Sunny,Combo Deal,18.1,32.93,7,319,139,219,8.52,1171.87,952.14,219.73,3.05,4.23
2025-05-30,BB02,London,Shopping Centre,Weekday,Sunny,Local Flyer,18.1,31.02,7,294,125,181,8.38,1062.81,896.96,165.85,2.95,4.39
2025-05-30,BB03,Manchester,High Street,Weekday,Sunny,No Promotion,18.1,9.13,6,250,108,157,7.57,805.25,725.37,79.88,2.77,4.47
2025-05-30,BB04,Manchester,Shopping Centre,Weekday,Sunny,No Promotion,18.1,4.2,6,266,106,157,6.96,760.17,703.97,56.19,3.02,4.29
2025-05-30,BB05,Birmingham,High Street,Weekday,Sunny,Social Media,18.1,109.92,7,289,142,200,7.21,1036.61,935.66,100.95,3.59,4.14
2025-05-30,BB06,Birmingham,Shopping Centre,Weekday,Sunny,No Promotion,18.1,8.34,6,261,95,122,7.89,754.95,706.38,48.57,2.99,4.09
2025-05-30,BB07,Bristol,High Street,Weekday,Sunny,No Promotion,18.1,1.75,6,209,86,133,7.76,639.74,683.88,-44.14,3.16,4.46
2025-05-30,BB08,Bristol,Shopping Centre,Weekday,Sunny,No Promotion,18.1,14.92,4,207,77,104,8.32,620.26,581.05,39.22,2.81,4.3
2025-05-31,BB01,London,High Street,Weekend,Sunny,No Promotion,18.7,1.05,6,285,120,176,8.05,1009.95,787.4,222.55,2.63,4.33
2025-05-31,BB02,London,Shopping Centre,Weekend,Sunny,No Promotion,18.7,13.97,9,395,172,250,8.73,1490.95,1116.68,374.27,2.96,4.36
2025-05-31,BB03,Manchester,High Street,Weekend,Sunny,No Promotion,18.7,2.61,6,227,101,139,7.24,734.49,722.87,11.62,2.77,4.0
2025-05-31,BB04,Manchester,Shopping Centre,Weekend,Sunny,Combo Deal,18.7,63.82,9,355,158,231,7.04,1106.92,1028.69,78.23,3.06,4.35
2025-05-31,BB05,Birmingham,High Street,Weekend,Sunny,No Promotion,18.7,1.03,6,224,91,133,7.31,699.08,653.38,45.71,2.52,4.33
2025-05-31,BB06,Birmingham,Shopping Centre,Weekend,Sunny,No Promotion,18.7,11.37,7,337,135,189,6.85,911.77,826.97,84.8,2.52,4.46
2025-05-31,BB07,Bristol,High Street,Weekend,Sunny,Combo Deal,18.7,49.03,8,289,128,227,7.03,912.67,862.29,50.38,3.29,4.1
2025-05-31,BB08,Bristol,Shopping Centre,Weekend,Sunny,Social Media,18.7,59.27,7,312,134,180,7.88,1103.52,937.24,166.28,3.02,4.04
2025-06-01,BB01,London,High Street,Weekend,Sunny,No Promotion,23.3,17.37,6,273,105,158,8.16,850.51,780.2,70.31,2.8,4.42
2025-06-01,BB02,London,Shopping Centre,Weekend,Sunny,No Promotion,23.3,13.27,7,372,142,205,9.45,1334.12,1002.43,331.68,3.41,4.04
2025-06-01,BB03,Manchester,High Street,Weekend,Sunny,No Promotion,23.3,10.48,7,277,122,194,7.23,865.58,807.28,58.3,3.0,4.12
2025-06-01,BB04,Manchester,Shopping Centre,Weekend,Sunny,No Promotion,23.3,17.46,7,301,123,173,7.56,869.29,821.26,48.04,2.74,4.22
2025-06-01,BB05,Birmingham,High Street,Weekend,Sunny,Local Flyer,23.3,77.84,7,239,104,156,6.86,694.07,826.23,-132.16,2.58,4.26
2025-06-01,BB06,Birmingham,Shopping Centre,Weekend,Sunny,Social Media,23.3,45.63,8,373,183,267,7.36,1352.44,1043.04,309.4,3.52,4.23
2025-06-01,BB07,Bristol,High Street,Weekend,Sunny,No Promotion,23.3,11.14,5,205,82,114,7.37,628.89,634.74,-5.85,2.67,4.46
2025-06-01,BB08,Bristol,Shopping Centre,Weekend,Sunny,Combo Deal,23.3,30.06,8,322,155,249,7.5,1180.37,993.6,186.77,2.89,4.17
2025-06-02,BB01,London,High Street,Weekday,Sunny,Combo Deal,19.0,61.28,8,324,144,252,6.44,932.92,943.12,-10.19,2.62,4.41
2025-06-02,BB02,London,Shopping Centre,Weekday,Sunny,No Promotion,19.0,15.12,7,349,131,211,8.56,1108.14,889.06,219.08,2.94,4.25
2025-06-02,BB03,Manchester,High Street,Weekday,Sunny,No Promotion,19.0,4.27,7,242,100,132,8.26,827.07,787.59,39.48,3.2,4.18
2025-06-02,BB04,Manchester,Shopping Centre,Weekday,Sunny,No Promotion,19.0,12.23,6,259,93,126,7.41,746.31,687.56,58.75,2.58,4.42
2025-06-02,BB05,Birmingham,High Street,Weekday,Sunny,No Promotion,19.0,7.89,6,210,84,114,6.9,579.1,626.3,-47.2,2.9,4.38
2025-06-02,BB06,Birmingham,Shopping Centre,Weekday,Sunny,No Promotion,19.0,2.03,7,261,115,174,7.28,848.49,754.73,93.77,2.74,4.29
2025-06-02,BB07,Bristol,High Street,Weekday,Sunny,Local Flyer,19.0,50.58,7,224,100,154,7.95,830.97,811.6,19.38,2.4,4.28
2025-06-02,BB08,Bristol,Shopping Centre,Weekday,Sunny,No Promotion,19.0,3.21,6,232,98,134,7.44,723.66,679.05,44.61,2.44,4.36
2025-06-03,BB01,London,High Street,Weekday,Cloudy,No Promotion,22.7,10.75,6,271,109,159,8.5,875.16,795.64,79.52,3.45,4.21
2025-06-03,BB02,London,Shopping Centre,Weekday,Cloudy,Combo Deal,22.7,58.35,8,296,118,191,8.1,931.37,930.79,0.58,2.48,4.31
2025-06-03,BB03,Manchester,High Street,Weekday,Cloudy,No Promotion,22.7,13.9,6,211,90,122,7.48,699.2,725.32,-26.12,3.17,4.13
2025-06-03,BB04,Manchester,Shopping Centre,Weekday,Cloudy,No Promotion,22.7,7.31,6,250,105,155,7.86,819.75,741.25,78.5,3.03,4.16
2025-06-03,BB05,Birmingham,High Street,Weekday,Cloudy,No Promotion,22.7,13.76,5,185,80,106,7.52,626.53,654.46,-27.93,2.86,4.22
2025-06-03,BB06,Birmingham,Shopping Centre,Weekday,Cloudy,Social Media,22.7,65.26,7,237,109,157,7.94,876.16,841.51,34.65,3.03,4.23
2025-06-03,BB07,Bristol,High Street,Weekday,Cloudy,Social Media,22.7,113.63,6,190,90,145,8.32,765.25,822.85,-57.61,2.76,4.55
2025-06-03,BB08,Bristol,Shopping Centre,Weekday,Cloudy,No Promotion,22.7,5.69,6,207,86,111,7.86,651.21,687.92,-36.71,2.3,4.52
2025-06-04,BB01,London,High Street,Weekday,Sunny,No Promotion,22.7,15.65,7,301,125,186,7.36,937.5,838.02,99.48,3.0,4.4
2025-06-04,BB02,London,Shopping Centre,Weekday,Sunny,Combo Deal,22.7,68.73,8,340,139,231,7.54,1068.35,983.07,85.27,2.54,4.34
2025-06-04,BB03,Manchester,High Street,Weekday,Sunny,No Promotion,22.7,16.76,6,226,88,112,7.07,630.57,683.96,-53.39,2.56,4.64
2025-06-04,BB04,Manchester,Shopping Centre,Weekday,Sunny,Combo Deal,22.7,57.59,7,282,119,207,6.84,829.06,793.7,35.37,2.79,4.24
2025-06-04,BB05,Birmingham,High Street,Weekday,Sunny,Combo Deal,22.7,31.46,6,252,100,150,5.95,619.16,660.79,-41.63,2.95,4.23
2025-06-04,BB06,Birmingham,Shopping Centre,Weekday,Sunny,Local Flyer,22.7,48.05,6,252,106,173,7.24,782.41,721.15,61.26,2.97,4.19
2025-06-04,BB07,Bristol,High Street,Weekday,Sunny,No Promotion,22.7,7.04,6,210,84,111,7.33,622.1,686.42,-64.32,2.85,4.34
2025-06-04,BB08,Bristol,Shopping Centre,Weekday,Sunny,No Promotion,22.7,4.95,6,228,107,146,7.18,784.12,696.32,87.8,3.26,4.02
2025-06-05,BB01,London,High Street,Weekday,Sunny,No Promotion,21.7,15.51,7,287,119,165,7.17,852.18,798.14,54.04,2.5,4.35
2025-06-05,BB02,London,Shopping Centre,Weekday,Sunny,Social Media,21.7,92.13,9,361,165,238,9.34,1534.09,1255.71,278.38,2.22,4.33
2025-06-05,BB03,Manchester,High Street,Weekday,Sunny,No Promotion,21.7,2.18,5,200,85,110,7.17,603.32,637.76,-34.44,3.44,4.14
2025-06-05,BB04,Manchester,Shopping Centre,Weekday,Sunny,No Promotion,21.7,1.25,6,240,94,146,8.38,803.93,719.76,84.17,2.73,4.23
2025-06-05,BB05,Birmingham,High Street,Weekday,Sunny,No Promotion,21.7,11.14,6,277,116,160,6.16,755.37,682.66,72.72,3.11,4.1
2025-06-05,BB06,Birmingham,Shopping Centre,Weekday,Sunny,Combo Deal,21.7,33.37,8,293,127,217,7.06,890.46,894.55,-4.1,3.06,4.32
2025-06-05,BB07,Bristol,High Street,Weekday,Sunny,No Promotion,21.7,15.39,6,208,91,129,6.91,625.92,657.4,-31.47,2.84,4.26
2025-06-05,BB08,Bristol,Shopping Centre,Weekday,Sunny,No Promotion,21.7,1.89,6,221,83,118,8.34,680.81,679.23,1.58,3.49,4.23
2025-06-06,BB01,London,High Street,Weekday,Sunny,Local Flyer,19.0,53.22,7,272,127,196,8.3,1043.67,904.96,138.71,2.53,4.31
2025-06-06,BB02,London,Shopping Centre,Weekday,Sunny,Local Flyer,19.0,57.24,7,303,141,224,8.11,1120.03,931.2,188.83,3.29,4.23
2025-06-06,BB03,Manchester,High Street,Weekday,Sunny,No Promotion,19.0,11.05,6,238,102,144,6.38,653.88,663.91,-10.03,2.99,4.23
2025-06-06,BB04,Manchester,Shopping Centre,Weekday,Sunny,Combo Deal,19.0,61.27,7,307,149,244,6.57,994.8,892.63,102.17,3.19,4.26
2025-06-06,BB05,Birmingham,High Street,Weekday,Sunny,No Promotion,19.0,9.41,7,236,92,138,6.84,631.17,718.54,-87.37,2.6,4.19
2025-06-06,BB06,Birmingham,Shopping Centre,Weekday,Sunny,Social Media,19.0,88.59,7,261,127,203,6.87,876.5,879.85,-3.35,3.11,4.33
2025-06-06,BB07,Bristol,High Street,Weekday,Sunny,No Promotion,19.0,11.79,6,214,79,110,7.74,648.29,669.1,-20.81,2.68,4.34
2025-06-06,BB08,Bristol,Shopping Centre,Weekday,Sunny,Combo Deal,19.0,32.18,6,233,98,158,7.46,700.62,735.86,-35.24,3.18,4.4
2025-06-07,BB01,London,High Street,Weekend,Sunny,No Promotion,23.6,10.57,7,353,144,205,8.4,1217.55,959.95,257.6,3.13,4.32
2025-06-07,BB02,London,Shopping Centre,Weekend,Sunny,No Promotion,23.6,16.02,9,440,200,293,8.6,1735.66,1225.45,510.21,3.04,4.19
2025-06-07,BB03,Manchester,High Street,Weekend,Sunny,No Promotion,23.6,12.5,7,281,121,168,7.96,949.57,875.52,74.05,3.19,4.35
2025-06-07,BB04,Manchester,Shopping Centre,Weekend,Sunny,Social Media,23.6,77.54,8,379,169,266,8.53,1439.97,1127.46,312.5,3.27,4.41
2025-06-07,BB05,Birmingham,High Street,Weekend,Sunny,No Promotion,23.6,8.13,6,230,89,128,7.02,603.15,642.85,-39.7,2.76,4.36
2025-06-07,BB06,Birmingham,Shopping Centre,Weekend,Sunny,Local Flyer,23.6,84.93,8,337,157,197,7.82,1227.37,1056.47,170.9,3.29,4.56
2025-06-07,BB07,Bristol,High Street,Weekend,Sunny,Combo Deal,23.6,60.39,6,261,119,193,7.22,872.27,826.71,45.56,2.79,4.49
2025-06-07,BB08,Bristol,Shopping Centre,Weekend,Sunny,Local Flyer,23.6,75.28,7,312,133,206,8.41,1131.44,976.75,154.7,2.78,4.55
2025-06-08,BB01,London,High Street,Weekend,Sunny,Combo Deal,19.4,68.68,8,350,169,265,8.4,1424.92,1158.32,266.59,3.49,4.35
2025-06-08,BB02,London,Shopping Centre,Weekend,Sunny,No Promotion,19.4,16.6,8,445,175,250,9.55,1649.63,1184.77,464.86,2.89,4.31
2025-06-08,BB03,Manchester,High Street,Weekend,Sunny,Social Media,19.4,77.45,6,228,97,139,7.88,763.93,796.07,-32.14,2.32,4.08
2025-06-08,BB04,Manchester,Shopping Centre,Weekend,Sunny,No Promotion,19.4,5.25,7,325,146,210,7.41,1116.78,859.56,257.22,3.35,4.18
2025-06-08,BB05,Birmingham,High Street,Weekend,Sunny,No Promotion,19.4,3.55,6,213,85,125,7.27,626.42,658.47,-32.05,2.97,4.25
2025-06-08,BB06,Birmingham,Shopping Centre,Weekend,Sunny,Social Media,19.4,49.61,7,355,138,201,8.18,1129.38,927.5,201.88,3.12,4.34
2025-06-08,BB07,Bristol,High Street,Weekend,Sunny,No Promotion,19.4,4.48,6,222,95,147,7.76,702.88,714.06,-11.18,2.94,4.28
2025-06-08,BB08,Bristol,Shopping Centre,Weekend,Sunny,No Promotion,19.4,17.19,7,318,118,178,8.73,1063.76,877.1,186.66,2.51,4.27
2025-06-09,BB01,London,High Street,Weekday,Rainy,Social Media,16.4,82.92,8,305,147,205,7.68,1121.28,1047.56,73.72,3.2,4.52
2025-06-09,BB02,London,Shopping Centre,Weekday,Rainy,Combo Deal,16.4,55.79,8,299,146,213,8.38,1228.28,1024.6,203.69,2.76,4.27
2025-06-09,BB03,Manchester,High Street,Weekday,Rainy,No Promotion,16.4,4.66,6,174,88,133,7.24,634.36,689.18,-54.82,2.9,4.29
2025-06-09,BB04,Manchester,Shopping Centre,Weekday,Rainy,No Promotion,16.4,5.79,6,184,80,111,7.87,635.08,652.49,-17.41,2.65,4.48
2025-06-09,BB05,Birmingham,High Street,Weekday,Rainy,Combo Deal,16.4,29.12,7,231,98,159,6.69,598.03,740.28,-142.25,3.18,4.39
2025-06-09,BB06,Birmingham,Shopping Centre,Weekday,Rainy,No Promotion,16.4,1.26,7,202,98,138,7.05,740.74,745.45,-4.71,3.68,4.27
2025-06-09,BB07,Bristol,High Street,Weekday,Rainy,No Promotion,16.4,1.7,6,158,70,89,6.8,447.88,603.97,-156.09,2.42,4.55
2025-06-09,BB08,Bristol,Shopping Centre,Weekday,Rainy,Combo Deal,16.4,45.91,7,233,112,183,7.07,782.3,776.52,5.78,2.81,4.32
2025-06-10,BB01,London,High Street,Weekday,Sunny,Social Media,23.2,74.91,8,387,165,227,8.08,1310.23,1106.12,204.11,3.13,4.16
2025-06-10,BB02,London,Shopping Centre,Weekday,Sunny,Local Flyer,23.2,83.39,7,275,123,185,8.94,1141.9,1020.13,121.77,2.72,4.55
2025-06-10,BB03,Manchester,High Street,Weekday,Sunny,No Promotion,23.2,0.12,7,245,112,157,7.21,810.54,763.76,46.78,2.46,4.43
2025-06-10,BB04,Manchester,Shopping Centre,Weekday,Sunny,Local Flyer,23.2,55.24,7,288,134,207,7.73,1055.75,905.73,150.01,2.79,4.38
2025-06-10,BB05,Birmingham,High Street,Weekday,Sunny,No Promotion,23.2,2.34,5,205,74,111,6.52,493.49,579.59,-86.1,2.44,4.26
2025-06-10,BB06,Birmingham,Shopping Centre,Weekday,Sunny,Social Media,23.2,70.31,7,240,115,156,7.71,883.08,867.1,15.99,2.88,4.55
2025-06-10,BB07,Bristol,High Street,Weekday,Sunny,No Promotion,23.2,7.55,7,195,85,125,6.88,584.2,690.31,-106.12,2.31,4.48
2025-06-10,BB08,Bristol,Shopping Centre,Weekday,Sunny,Local Flyer,23.2,75.01,7,239,105,150,7.42,788.77,863.94,-75.17,2.36,4.34
2025-06-11,BB01,London,High Street,Weekday,Sunny,No Promotion,20.1,12.19,7,300,112,161,8.1,880.99,832.85,48.14,2.77,4.32
2025-06-11,BB02,London,Shopping Centre,Weekday,Sunny,Combo Deal,20.1,33.18,8,385,164,258,8.3,1347.27,1070.97,276.3,3.0,4.23
2025-06-11,BB03,Manchester,High Street,Weekday,Sunny,Combo Deal,20.1,67.57,8,311,149,234,7.15,1064.47,985.79,78.67,3.17,4.4
2025-06-11,BB04,Manchester,Shopping Centre,Weekday,Sunny,Combo Deal,20.1,27.23,8,296,151,272,7.2,1089.61,917.97,171.64,3.3,4.27
2025-06-11,BB05,Birmingham,High Street,Weekday,Sunny,No Promotion,20.1,11.74,5,211,91,127,7.55,674.44,644.49,29.96,2.59,4.48
2025-06-11,BB06,Birmingham,Shopping Centre,Weekday,Sunny,No Promotion,20.1,11.66,7,237,107,155,7.6,835.55,782.74,52.8,3.12,4.24
2025-06-11,BB07,Bristol,High Street,Weekday,Sunny,Local Flyer,20.1,58.74,7,234,98,145,7.23,684.8,790.31,-105.51,2.59,4.53
2025-06-11,BB08,Bristol,Shopping Centre,Weekday,Sunny,No Promotion,20.1,11.08,6,212,69,91,7.93,572.52,663.68,-91.16,2.6,4.28
2025-06-12,BB01,London,High Street,Weekday,Rainy,Combo Deal,17.5,49.62,7,272,121,186,8.3,999.91,904.66,95.26,2.6,4.23
2025-06-12,BB02,London,Shopping Centre,Weekday,Rainy,No Promotion,17.5,15.77,6,290,126,196,8.53,1076.87,856.8,220.07,3.3,4.14
2025-06-12,BB03,Manchester,High Street,Weekday,Rainy,Combo Deal,17.5,44.66,6,219,109,185,6.63,722.31,737.48,-15.17,3.12,4.39
2025-06-12,BB04,Manchester,Shopping Centre,Weekday,Rainy,Combo Deal,17.5,25.2,6,202,98,179,7.28,691.15,726.76,-35.61,2.96,4.28
2025-06-12,BB05,Birmingham,High Street,Weekday,Rainy,Social Media,17.5,105.6,5,174,80,116,7.23,608.8,715.44,-106.64,2.32,4.24
2025-06-12,BB06,Birmingham,Shopping Centre,Weekday,Rainy,No Promotion,17.5,2.65,7,182,80,110,7.33,577.35,722.62,-145.28,2.46,4.55
2025-06-12,BB07,Bristol,High Street,Weekday,Rainy,No Promotion,17.5,9.9,5,156,68,94,7.35,525.12,547.95,-22.82,2.79,4.15
2025-06-12,BB08,Bristol,Shopping Centre,Weekday,Rainy,No Promotion,17.5,4.44,6,204,97,148,8.16,751.48,708.94,42.54,3.08,4.39
2025-06-13,BB01,London,High Street,Weekday,Sunny,No Promotion,17.0,2.79,6,297,118,180,8.37,1019.54,824.34,195.2,3.26,4.45
2025-06-13,BB02,London,Shopping Centre,Weekday,Sunny,No Promotion,17.0,8.33,8,334,143,196,8.03,1178.42,978.73,199.69,2.56,4.56
2025-06-13,BB03,Manchester,High Street,Weekday,Sunny,No Promotion,17.0,13.01,6,241,104,159,7.57,749.67,721.09,28.58,2.88,4.21
2025-06-13,BB04,Manchester,Shopping Centre,Weekday,Sunny,No Promotion,17.0,10.13,6,198,83,118,7.4,612.12,671.14,-59.02,2.72,4.31
2025-06-13,BB05,Birmingham,High Street,Weekday,Sunny,Social Media,17.0,59.48,6,255,106,165,7.61,801.82,768.14,33.67,3.0,4.2
2025-06-13,BB06,Birmingham,Shopping Centre,Weekday,Sunny,No Promotion,17.0,13.0,6,244,100,163,7.02,698.77,664.87,33.9,2.65,4.25
2025-06-13,BB07,Bristol,High Street,Weekday,Sunny,Combo Deal,17.0,26.14,6,264,103,170,6.94,659.57,703.38,-43.81,3.43,4.16
2025-06-13,BB08,Bristol,Shopping Centre,Weekday,Sunny,No Promotion,17.0,3.45,6,230,93,129,7.75,734.91,696.23,38.67,2.8,4.29
2025-06-14,BB01,London,High Street,Weekend,Sunny,No Promotion,21.1,3.78,7,272,116,178,9.29,1083.25,908.39,174.86,2.87,4.04
2025-06-14,BB02,London,Shopping Centre,Weekend,Sunny,No Promotion,21.1,10.92,9,346,144,217,8.66,1237.26,1060.25,177.01,2.45,4.45
2025-06-14,BB03,Manchester,High Street,Weekend,Sunny,No Promotion,21.1,7.65,6,256,109,162,8.02,901.93,778.64,123.29,2.81,4.28
2025-06-14,BB04,Manchester,Shopping Centre,Weekend,Sunny,Social Media,21.1,103.02,8,358,163,253,7.92,1325.82,1068.65,257.17,3.74,4.29
2025-06-14,BB05,Birmingham,High Street,Weekend,Sunny,Combo Deal,21.1,38.1,8,288,141,240,7.88,1099.79,957.53,142.25,3.35,4.42
2025-06-14,BB06,Birmingham,Shopping Centre,Weekend,Sunny,No Promotion,21.1,17.62,7,325,122,177,7.47,952.99,848.24,104.75,2.56,4.22
2025-06-14,BB07,Bristol,High Street,Weekend,Sunny,Social Media,21.1,87.33,7,242,114,162,7.95,914.45,938.93,-24.49,2.58,4.42
2025-06-14,BB08,Bristol,Shopping Centre,Weekend,Sunny,Social Media,21.1,53.78,8,339,147,224,9.37,1360.02,1054.42,305.61,3.38,4.18
2025-06-15,BB01,London,High Street,Weekend,Cloudy,No Promotion,23.5,13.01,8,321,142,205,8.37,1185.28,978.5,206.78,2.93,4.27
2025-06-15,BB02,London,Shopping Centre,Weekend,Cloudy,Local Flyer,23.5,72.44,9,433,190,265,8.96,1708.46,1273.79,434.67,3.58,4.27
2025-06-15,BB03,Manchester,High Street,Weekend,Cloudy,Combo Deal,23.5,34.28,7,283,139,232,7.93,1079.5,923.1,156.4,3.79,4.4
2025-06-15,BB04,Manchester,Shopping Centre,Weekend,Cloudy,No Promotion,23.5,6.08,7,308,132,191,7.53,981.62,825.5,156.12,3.2,4.25
2025-06-15,BB05,Birmingham,High Street,Weekend,Cloudy,No Promotion,23.5,15.3,7,243,99,154,6.68,654.06,699.17,-45.11,3.07,4.31
2025-06-15,BB06,Birmingham,Shopping Centre,Weekend,Cloudy,No Promotion,23.5,15.83,7,240,105,145,8.08,845.08,813.39,31.69,3.09,4.3
2025-06-15,BB07,Bristol,High Street,Weekend,Cloudy,No Promotion,23.5,6.69,6,175,65,89,8.08,513.52,641.64,-128.12,2.39,4.46
2025-06-15,BB08,Bristol,Shopping Centre,Weekend,Cloudy,No Promotion,23.5,4.12,7,311,125,190,8.07,985.51,856.76,128.75,2.8,4.53
2025-06-16,BB01,London,High Street,Weekday,Sunny,No Promotion,17.9,13.8,6,235,93,133,8.83,819.41,756.18,63.23,2.72,4.27
2025-06-16,BB02,London,Shopping Centre,Weekday,Sunny,No Promotion,17.9,5.72,6,263,107,156,9.41,983.74,829.78,153.96,3.23,4.16
2025-06-16,BB03,Manchester,High Street,Weekday,Sunny,Local Flyer,17.9,38.43,7,275,132,189,6.87,912.19,821.15,91.05,3.51,4.09
2025-06-16,BB04,Manchester,Shopping Centre,Weekday,Sunny,Local Flyer,17.9,53.73,7,259,102,150,8.07,824.24,820.95,3.3,2.33,4.29
2025-06-16,BB05,Birmingham,High Street,Weekday,Sunny,Social Media,17.9,68.82,7,264,122,183,6.89,802.16,843.03,-40.87,2.85,4.13
2025-06-16,BB06,Birmingham,Shopping Centre,Weekday,Sunny,Local Flyer,17.9,37.42,7,237,105,144,7.44,802.03,807.32,-5.29,2.85,4.39
2025-06-16,BB07,Bristol,High Street,Weekday,Sunny,Combo Deal,17.9,51.35,7,283,131,203,7.6,976.0,852.07,123.92,3.2,4.0
2025-06-16,BB08,Bristol,Shopping Centre,Weekday,Sunny,Local Flyer,17.9,71.83,7,267,122,197,8.52,1043.52,898.98,144.54,2.85,4.4
2025-06-17,BB01,London,High Street,Weekday,Cloudy,Social Media,17.9,72.61,8,310,143,229,7.7,1135.77,1035.76,100.02,2.85,4.31
2025-06-17,BB02,London,Shopping Centre,Weekday,Cloudy,Combo Deal,17.9,35.42,8,338,148,252,8.39,1271.41,1040.14,231.28,3.17,4.24
2025-06-17,BB03,Manchester,High Street,Weekday,Cloudy,Social Media,17.9,45.41,7,257,112,163,7.08,806.25,811.55,-5.29,2.54,4.36
2025-06-17,BB04,Manchester,Shopping Centre,Weekday,Cloudy,Local Flyer,17.9,58.91,8,264,115,164,7.94,928.81,889.13,39.68,2.99,4.13
2025-06-17,BB05,Birmingham,High Street,Weekday,Cloudy,Social Media,17.9,105.71,7,278,123,173,7.56,943.24,926.85,16.39,3.06,4.36
2025-06-17,BB06,Birmingham,Shopping Centre,Weekday,Cloudy,Combo Deal,17.9,33.85,7,216,94,152,6.23,609.4,744.96,-135.57,2.72,4.39
2025-06-17,BB07,Bristol,High Street,Weekday,Cloudy,No Promotion,17.9,11.23,6,210,88,135,5.86,543.93,635.43,-91.51,2.37,4.31
2025-06-17,BB08,Bristol,Shopping Centre,Weekday,Cloudy,No Promotion,17.9,3.29,6,204,98,146,8.01,805.01,723.88,81.13,2.25,4.26
2025-06-18,BB01,London,High Street,Weekday,Rainy,No Promotion,19.1,15.73,6,256,112,160,7.87,876.56,787.8,88.76,2.46,4.33
2025-06-18,BB02,London,Shopping Centre,Weekday,Rainy,Local Flyer,19.1,48.55,8,302,143,214,8.46,1195.59,1057.78,137.81,2.74,4.47
2025-06-18,BB03,Manchester,High Street,Weekday,Rainy,Social Media,19.1,82.35,7,215,103,140,6.9,703.93,815.78,-111.85,3.06,4.22
2025-06-18,BB04,Manchester,Shopping Centre,Weekday,Rainy,No Promotion,19.1,6.75,7,232,103,149,8.24,816.33,750.67,65.65,2.51,4.41
2025-06-18,BB05,Birmingham,High Street,Weekday,Rainy,Local Flyer,19.1,34.79,6,180,83,119,6.84,590.0,680.58,-90.58,2.8,4.27
2025-06-18,BB06,Birmingham,Shopping Centre,Weekday,Rainy,No Promotion,19.1,6.02,6,195,85,124,7.93,678.01,680.43,-2.41,2.84,4.24
2025-06-18,BB07,Bristol,High Street,Weekday,Rainy,No Promotion,19.1,9.17,6,180,78,105,7.74,612.08,671.79,-59.71,2.75,4.28
2025-06-18,BB08,Bristol,Shopping Centre,Weekday,Rainy,Combo Deal,19.1,59.92,7,233,104,164,7.2,756.24,830.48,-74.24,2.44,4.2
2025-06-19,BB01,London,High Street,Weekday,Sunny,No Promotion,19.9,5.48,7,309,119,174,7.9,921.0,846.01,74.99,2.85,4.49
2025-06-19,BB02,London,Shopping Centre,Weekday,Sunny,No Promotion,19.9,2.48,7,295,117,154,8.12,943.32,854.25,89.07,2.76,4.24
2025-06-19,BB03,Manchester,High Street,Weekday,Sunny,No Promotion,19.9,1.26,6,245,105,167,6.53,667.32,657.85,9.48,2.87,4.21
2025-06-19,BB04,Manchester,Shopping Centre,Weekday,Sunny,No Promotion,19.9,2.88,8,306,126,175,8.4,1077.31,899.58,177.72,2.58,4.39
2025-06-19,BB05,Birmingham,High Street,Weekday,Sunny,No Promotion,19.9,7.29,6,200,74,94,7.57,579.98,646.59,-66.61,2.44,4.54
2025-06-19,BB06,Birmingham,Shopping Centre,Weekday,Sunny,No Promotion,19.9,5.08,7,270,117,181,7.67,875.92,786.91,89.01,2.84,4.23
2025-06-19,BB07,Bristol,High Street,Weekday,Sunny,Local Flyer,19.9,45.29,7,233,91,120,7.05,603.62,757.63,-154.02,2.8,4.41
2025-06-19,BB08,Bristol,Shopping Centre,Weekday,Sunny,Combo Deal,19.9,67.92,7,272,128,200,8.08,1006.04,892.84,113.2,2.88,4.28
2025-06-20,BB01,London,High Street,Weekday,Cloudy,Local Flyer,19.7,81.67,7,226,99,154,8.12,821.55,890.91,-69.36,3.28,4.3
2025-06-20,BB02,London,Shopping Centre,Weekday,Cloudy,No Promotion,19.7,9.32,7,324,140,217,9.49,1298.41,983.25,315.15,3.16,4.0
2025-06-20,BB03,Manchester,High Street,Weekday,Cloudy,Local Flyer,19.7,57.92,6,222,93,125,6.94,628.52,700.57,-72.05,3.1,4.33
2025-06-20,BB04,Manchester,Shopping Centre,Weekday,Cloudy,No Promotion,19.7,10.8,7,260,104,153,7.79,812.59,762.96,49.63,2.45,4.26
2025-06-20,BB05,Birmingham,High Street,Weekday,Cloudy,Local Flyer,19.7,45.43,6,194,95,130,7.35,686.22,720.5,-34.29,2.18,4.37
2025-06-20,BB06,Birmingham,Shopping Centre,Weekday,Cloudy,No Promotion,19.7,13.24,6,230,100,139,7.79,788.78,711.98,76.8,3.55,4.04
2025-06-20,BB07,Bristol,High Street,Weekday,Cloudy,No Promotion,19.7,16.37,6,200,80,108,7.88,679.36,714.9,-35.54,2.5,4.47
2025-06-20,BB08,Bristol,Shopping Centre,Weekday,Cloudy,Social Media,19.7,69.84,8,264,115,157,8.08,894.26,938.54,-44.28,2.3,4.07
2025-06-21,BB01,London,High Street,Weekend,Sunny,Combo Deal,15.6,40.85,9,316,140,227,7.86,1078.58,1030.27,48.31,2.75,4.36
2025-06-21,BB02,London,Shopping Centre,Weekend,Sunny,No Promotion,15.6,8.34,9,377,151,211,7.97,1207.78,1041.03,166.75,2.39,4.4
2025-06-21,BB03,Manchester,High Street,Weekend,Sunny,No Promotion,15.6,10.89,6,252,104,152,6.6,701.21,688.66,12.56,2.78,4.4
2025-06-21,BB04,Manchester,Shopping Centre,Weekend,Sunny,Local Flyer,15.6,38.49,8,387,170,241,8.34,1453.35,1089.67,363.68,2.54,4.22
2025-06-21,BB05,Birmingham,High Street,Weekend,Sunny,Social Media,15.6,58.11,8,255,117,169,8.33,962.25,929.78,32.47,2.32,4.45
2025-06-21,BB06,Birmingham,Shopping Centre,Weekend,Sunny,No Promotion,15.6,3.41,7,303,131,185,9.05,1204.91,923.66,281.25,2.29,4.49
2025-06-21,BB07,Bristol,High Street,Weekend,Sunny,Combo Deal,15.6,58.35,7,287,116,177,7.44,873.79,849.72,24.07,3.39,4.18
2025-06-21,BB08,Bristol,Shopping Centre,Weekend,Sunny,Social Media,15.6,54.27,7,285,114,169,8.82,954.66,914.62,40.04,3.33,4.05
2025-06-22,BB01,London,High Street,Weekend,Sunny,No Promotion,18.2,4.18,6,295,109,153,8.08,898.82,817.32,81.5,3.3,4.14
2025-06-22,BB02,London,Shopping Centre,Weekend,Sunny,Local Flyer,18.2,50.35,9,408,159,247,9.29,1478.43,1188.48,289.96,2.6,4.38
2025-06-22,BB03,Manchester,High Street,Weekend,Sunny,Social Media,18.2,55.71,8,298,119,173,7.81,929.79,922.8,6.99,2.54,4.35
2025-06-22,BB04,Manchester,Shopping Centre,Weekend,Sunny,No Promotion,18.2,3.5,9,349,157,210,8.19,1346.46,1072.79,273.67,2.76,4.38
2025-06-22,BB05,Birmingham,High Street,Weekend,Sunny,Social Media,18.2,55.26,7,277,123,184,7.69,930.97,868.56,62.41,3.16,4.27
2025-06-22,BB06,Birmingham,Shopping Centre,Weekend,Sunny,Local Flyer,18.2,30.0,8,349,158,199,8.26,1294.64,1041.01,253.63,3.21,4.61
2025-06-22,BB07,Bristol,High Street,Weekend,Sunny,Social Media,18.2,67.49,5,224,96,151,7.9,794.24,748.07,46.17,3.44,4.31
2025-06-22,BB08,Bristol,Shopping Centre,Weekend,Sunny,No Promotion,18.2,6.25,7,286,135,186,8.18,1124.68,888.26,236.42,3.0,4.06
2025-06-23,BB01,London,High Street,Weekday,Rainy,No Promotion,16.6,12.93,6,206,85,126,7.78,662.26,712.28,-50.02,2.67,4.33
2025-06-23,BB02,London,Shopping Centre,Weekday,Rainy,No Promotion,16.6,16.07,7,255,104,141,8.91,962.18,887.63,74.55,2.73,4.15
2025-06-23,BB03,Manchester,High Street,Weekday,Rainy,Combo Deal,16.6,48.12,6,204,98,156,6.82,663.88,737.06,-73.18,2.95,4.4
2025-06-23,BB04,Manchester,Shopping Centre,Weekday,Rainy,Social Media,16.6,112.96,7,230,104,157,7.98,818.65,887.21,-68.56,2.77,4.42
2025-06-23,BB05,Birmingham,High Street,Weekday,Rainy,Combo Deal,16.6,27.4,6,204,94,143,5.38,512.25,637.14,-124.89,2.71,4.34
2025-06-23,BB06,Birmingham,Shopping Centre,Weekday,Rainy,Social Media,16.6,103.74,7,257,120,177,7.87,934.83,924.71,10.12,2.96,4.22
2025-06-23,BB07,Bristol,High Street,Weekday,Rainy,No Promotion,16.6,0.85,6,184,82,122,6.69,557.81,659.97,-102.16,2.6,4.27
2025-06-23,BB08,Bristol,Shopping Centre,Weekday,Rainy,No Promotion,16.6,0.13,6,178,86,124,7.0,592.92,644.23,-51.31,1.95,4.48
2025-06-24,BB01,London,High Street,Weekday,Cloudy,Combo Deal,18.5,50.95,7,287,124,207,7.57,924.38,904.07,20.31,2.79,4.19
2025-06-24,BB02,London,Shopping Centre,Weekday,Cloudy,Local Flyer,18.5,46.57,8,299,142,194,8.39,1195.4,1030.6,164.8,2.68,4.39
2025-06-24,BB03,Manchester,High Street,Weekday,Cloudy,No Promotion,18.5,7.12,6,206,77,119,7.53,579.83,669.77,-89.94,2.39,4.35
2025-06-24,BB04,Manchester,Shopping Centre,Weekday,Cloudy,Social Media,18.5,49.11,6,247,114,159,7.77,871.45,771.92,99.52,2.71,4.35
2025-06-24,BB05,Birmingham,High Street,Weekday,Cloudy,No Promotion,18.5,2.02,6,215,100,141,7.01,721.33,686.52,34.81,2.98,4.13
2025-06-24,BB06,Birmingham,Shopping Centre,Weekday,Cloudy,Combo Deal,18.5,31.17,7,288,118,191,7.48,869.6,790.96,78.64,2.89,4.35
2025-06-24,BB07,Bristol,High Street,Weekday,Cloudy,Social Media,18.5,69.53,6,205,91,126,7.87,735.91,745.71,-9.8,2.65,4.26
2025-06-24,BB08,Bristol,Shopping Centre,Weekday,Cloudy,No Promotion,18.5,7.33,6,217,88,125,8.37,719.17,663.07,56.1,2.81,4.24
2025-06-25,BB01,London,High Street,Weekday,Sunny,No Promotion,20.9,14.4,8,277,124,180,7.65,919.88,908.36,11.52,2.95,4.39
2025-06-25,BB02,London,Shopping Centre,Weekday,Sunny,No Promotion,20.9,7.92,8,337,142,217,8.49,1239.37,1006.1,233.28,2.81,4.26
2025-06-25,BB03,Manchester,High Street,Weekday,Sunny,Combo Deal,20.9,46.04,7,279,122,197,6.51,773.0,796.78,-23.78,2.74,4.66
2025-06-25,BB04,Manchester,Shopping Centre,Weekday,Sunny,Combo Deal,20.9,39.85,6,293,126,218,7.37,961.0,818.08,142.91,3.26,4.48
2025-06-25,BB05,Birmingham,High Street,Weekday,Sunny,No Promotion,20.9,3.34,6,194,80,115,7.56,605.74,641.4,-35.66,2.51,4.24
2025-06-25,BB06,Birmingham,Shopping Centre,Weekday,Sunny,No Promotion,20.9,3.41,7,210,93,142,7.7,702.42,725.43,-23.0,2.74,4.41
2025-06-25,BB07,Bristol,High Street,Weekday,Sunny,Combo Deal,20.9,65.31,7,225,96,161,6.67,642.8,742.28,-99.48,2.54,4.35
2025-06-25,BB08,Bristol,Shopping Centre,Weekday,Sunny,Social Media,20.9,61.68,7,257,139,208,8.29,1191.68,975.54,216.14,3.04,4.29
2025-06-26,BB01,London,High Street,Weekday,Cloudy,Combo Deal,16.5,39.91,8,279,140,226,7.35,991.86,938.56,53.3,2.58,4.44
2025-06-26,BB02,London,Shopping Centre,Weekday,Cloudy,No Promotion,16.5,17.27,6,260,102,149,8.81,901.82,818.55,83.27,2.47,4.2
2025-06-26,BB03,Manchester,High Street,Weekday,Cloudy,No Promotion,16.5,3.93,6,213,88,115,7.82,687.15,682.35,4.79,2.7,4.31
2025-06-26,BB04,Manchester,Shopping Centre,Weekday,Cloudy,No Promotion,16.5,0.62,6,245,105,166,8.2,836.47,746.77,89.71,2.87,4.33
2025-06-26,BB05,Birmingham,High Street,Weekday,Cloudy,Social Media,16.5,78.13,6,221,95,126,7.91,763.7,782.05,-18.35,3.1,4.46
2025-06-26,BB06,Birmingham,Shopping Centre,Weekday,Cloudy,Combo Deal,16.5,63.11,7,293,121,196,7.58,942.74,866.83,75.9,2.83,4.52
2025-06-26,BB07,Bristol,High Street,Weekday,Cloudy,No Promotion,16.5,3.92,5,188,71,100,6.51,454.95,537.05,-82.1,2.24,4.27
2025-06-26,BB08,Bristol,Shopping Centre,Weekday,Cloudy,Social Media,16.5,66.95,7,251,110,166,7.49,809.27,804.02,5.25,2.92,4.35
2025-06-27,BB01,London,High Street,Weekday,Sunny,No Promotion,15.4,12.93,7,267,107,151,7.67,870.41,821.71,48.7,2.79,4.28
2025-06-27,BB02,London,Shopping Centre,Weekday,Sunny,No Promotion,15.4,13.34,8,332,141,200,8.91,1248.84,1024.05,224.79,2.25,4.46
2025-06-27,BB03,Manchester,High Street,Weekday,Sunny,No Promotion,15.4,9.07,7,196,84,127,6.79,545.83,689.39,-143.57,2.66,4.43
2025-06-27,BB04,Manchester,Shopping Centre,Weekday,Sunny,No Promotion,15.4,0.89,5,262,99,148,7.77,740.17,659.82,80.35,2.92,4.28
2025-06-27,BB05,Birmingham,High Street,Weekday,Sunny,Social Media,15.4,93.07,7,254,108,151,7.79,841.88,875.57,-33.69,2.65,4.27
2025-06-27,BB06,Birmingham,Shopping Centre,Weekday,Sunny,Combo Deal,15.4,43.77,7,298,131,234,7.04,889.0,836.92,52.08,3.13,4.0
2025-06-27,BB07,Bristol,High Street,Weekday,Sunny,Local Flyer,15.4,57.14,7,269,130,200,7.49,974.14,864.21,109.93,2.93,4.31
2025-06-27,BB08,Bristol,Shopping Centre,Weekday,Sunny,No Promotion,15.4,2.39,6,223,102,162,8.16,818.94,730.44,88.5,2.44,4.25
2025-06-28,BB01,London,High Street,Weekend,Sunny,No Promotion,20.9,16.42,8,346,147,226,7.78,1090.71,934.36,156.35,2.88,4.31
2025-06-28,BB02,London,Shopping Centre,Weekend,Sunny,No Promotion,20.9,16.49,8,350,146,227,9.14,1329.0,1038.8,290.2,2.45,4.19
2025-06-28,BB03,Manchester,High Street,Weekend,Sunny,Social Media,20.9,98.91,6,264,111,170,7.16,771.98,819.85,-47.87,3.13,4.15
2025-06-28,BB04,Manchester,Shopping Centre,Weekend,Sunny,No Promotion,20.9,7.01,8,351,154,224,7.74,1184.94,935.23,249.71,2.11,4.39
2025-06-28,BB05,Birmingham,High Street,Weekend,Sunny,Social Media,20.9,62.59,7,250,110,172,7.75,839.94,819.73,20.21,2.58,4.27
2025-06-28,BB06,Birmingham,Shopping Centre,Weekend,Sunny,No Promotion,20.9,4.2,7,269,110,156,8.71,972.68,850.05,122.64,2.73,4.35
2025-06-28,BB07,Bristol,High Street,Weekend,Sunny,Social Media,20.9,82.28,7,267,121,171,8.5,1012.75,921.46,91.3,3.21,4.15
2025-06-28,BB08,Bristol,Shopping Centre,Weekend,Sunny,No Promotion,20.9,13.03,7,293,127,187,7.99,1003.24,866.88,136.36,2.81,4.23
2025-06-29,BB01,London,High Street,Weekend,Cloudy,No Promotion,17.4,9.88,7,256,114,163,8.6,961.6,882.39,79.21,2.51,4.42
2025-06-29,BB02,London,Shopping Centre,Weekend,Cloudy,Social Media,17.4,92.7,8,327,143,195,8.83,1262.25,1105.08,157.16,3.17,4.17
2025-06-29,BB03,Manchester,High Street,Weekend,Cloudy,No Promotion,17.4,11.21,6,243,104,145,7.11,743.85,709.9,33.95,2.88,4.56
2025-06-29,BB04,Manchester,Shopping Centre,Weekend,Cloudy,No Promotion,17.4,12.23,6,310,126,164,8.04,982.37,785.97,196.4,3.31,4.0
2025-06-29,BB05,Birmingham,High Street,Weekend,Cloudy,Local Flyer,17.4,73.51,6,218,101,156,8.23,828.44,803.77,24.67,2.72,4.45
2025-06-29,BB06,Birmingham,Shopping Centre,Weekend,Cloudy,No Promotion,17.4,9.26,8,319,130,211,7.91,997.87,899.87,98.0,3.32,4.24
2025-06-29,BB07,Bristol,High Street,Weekend,Cloudy,No Promotion,17.4,7.4,7,200,82,126,7.63,612.66,694.4,-81.74,2.25,4.24
2025-06-29,BB08,Bristol,Shopping Centre,Weekend,Cloudy,No Promotion,17.4,1.59,6,230,89,128,7.91,672.64,652.98,19.66,2.69,4.39
2025-06-30,BB01,London,High Street,Weekday,Cloudy,Combo Deal,12.5,30.33,8,316,150,254,8.03,1181.06,995.41,185.64,3.02,4.42
2025-06-30,BB02,London,Shopping Centre,Weekday,Cloudy,Combo Deal,12.5,45.44,7,299,131,202,8.23,1045.43,936.3,109.13,3.12,4.05
2025-06-30,BB03,Manchester,High Street,Weekday,Cloudy,No Promotion,12.5,8.03,6,225,88,120,6.42,581.16,658.07,-76.91,2.36,4.23
2025-06-30,BB04,Manchester,Shopping Centre,Weekday,Cloudy,Local Flyer,12.5,63.98,6,238,96,127,7.7,738.17,777.44,-39.28,2.53,4.46
2025-06-30,BB05,Birmingham,High Street,Weekday,Cloudy,No Promotion,12.5,5.55,7,260,114,167,7.56,858.25,807.16,51.09,2.01,4.66
2025-06-30,BB06,Birmingham,Shopping Centre,Weekday,Cloudy,No Promotion,12.5,16.82,6,251,91,124,7.62,735.97,719.21,16.76,2.82,4.65
2025-06-30,BB07,Bristol,High Street,Weekday,Cloudy,No Promotion,12.5,9.22,6,174,79,126,7.29,537.52,650.52,-113.0,3.14,4.18
2025-06-30,BB08,Bristol,Shopping Centre,Weekday,Cloudy,No Promotion,12.5,5.75,6,223,94,143,7.79,728.34,693.53,34.82,3.16,4.14
