InvoiceNo,InvoiceDate,CustomerID,Description,Category,Quantity,UnitPrice,Profile_Source_For_Mentor,TotalAmount
500047,2025-01-01,10006,Notebook,Stationery,3,60.84,Champions,182.52
500047,2025-01-01,10006,Pen Pack,Stationery,2,40.82,Champions,81.64
500047,2025-01-01,10006,Highlighter,Stationery,1,72.56,Champions,72.56
500327,2025-01-01,10049,Lunch Box,Lifestyle,2,339.64,Loyal,679.28
500327,2025-01-01,10049,Water Bottle,Lifestyle,1,237.85,Loyal,237.85
500327,2025-01-01,10049,Screen Guard,Tech,1,205.97,Loyal,205.97
500526,2025-01-01,10078,Coffee Powder,Grocery,1,181.01,Loyal,181.01
500526,2025-01-01,10078,Sugar,Grocery,1,54.4,Loyal,54.4
500526,2025-01-01,10078,Milk,Grocery,1,35.13,Loyal,35.13
500526,2025-01-01,10078,Baby Diapers,Baby Care,2,629.45,Loyal,1258.9
501725,2025-01-01,10257,Yoga Mat,Fitness,1,640.22,At Risk,640.22
501725,2025-01-01,10257,Protein Bar,Fitness,1,83.77,At Risk,83.77
501725,2025-01-01,10257,Water Bottle,Lifestyle,1,252.57,At Risk,252.57
501725,2025-01-01,10257,USB Cable,Tech,1,185.15,At Risk,185.15
502312,2025-01-01,10342,Lunch Box,Lifestyle,3,399.53,Champions,1198.59
502312,2025-01-01,10342,Water Bottle,Lifestyle,1,264.03,Champions,264.03
500243,2025-01-02,10037,Bread,Grocery,2,43.21,Champions,86.42
500243,2025-01-02,10037,Butter,Grocery,2,100.93,Champions,201.86
500243,2025-01-02,10037,Jam,Grocery,1,103.28,Champions,103.28
501298,2025-01-02,10193,Baby Diapers,Baby Care,1,492.92,At Risk,492.92
501298,2025-01-02,10193,Baby Wipes,Baby Care,4,182.11,At Risk,728.44
501298,2025-01-02,10193,Baby Lotion,Baby Care,1,246.58,At Risk,246.58
501298,2025-01-02,10193,Baby Diapers,Baby Care,1,548.01,At Risk,548.01
500128,2025-01-03,10020,Novel,Books,1,242.36,At Risk,242.36
500128,2025-01-03,10020,Exam Guide,Books,1,449.22,At Risk,449.22
500128,2025-01-03,10020,Lunch Box,Lifestyle,1,370.44,At Risk,370.44
500692,2025-01-03,10101,Novel,Books,1,244.38,At Risk,244.38
500692,2025-01-03,10101,Exam Guide,Books,3,449.26,At Risk,1347.78
500847,2025-01-03,10128,Novel,Books,1,220.27,Champions,220.27
500847,2025-01-03,10128,Exam Guide,Books,2,402.78,Champions,805.56
501054,2025-01-03,10158,Lunch Box,Lifestyle,3,346.51,Loyal,1039.53
501054,2025-01-03,10158,Water Bottle,Lifestyle,1,267.85,Loyal,267.85
501969,2025-01-03,10295,Novel,Books,1,261.0,New,261.0
501969,2025-01-03,10295,Exam Guide,Books,1,400.67,New,400.67
501969,2025-01-03,10295,Pet Shampoo,Pet Care,4,282.59,New,1130.36
502074,2025-01-03,10312,Lunch Box,Lifestyle,1,338.81,Champions,338.81
502074,2025-01-03,10312,Water Bottle,Lifestyle,1,265.2,Champions,265.2
502074,2025-01-03,10312,Screen Guard,Tech,3,214.48,Champions,643.44
500147,2025-01-04,10022,Novel,Books,1,240.01,Loyal,240.01
500147,2025-01-04,10022,Exam Guide,Books,1,435.53,Loyal,435.53
500147,2025-01-04,10022,Sugar,Grocery,1,55.57,Loyal,55.57
500271,2025-01-04,10040,Phone Case,Tech,1,291.21,Champions,291.21
500271,2025-01-04,10040,Screen Guard,Tech,1,218.83,Champions,218.83
500271,2025-01-04,10040,USB Cable,Tech,1,188.8,Champions,188.8
500271,2025-01-04,10040,Novel,Books,1,236.09,Champions,236.09
501104,2025-01-04,10164,Lunch Box,Lifestyle,1,353.86,Champions,353.86
501104,2025-01-04,10164,Water Bottle,Lifestyle,1,259.43,Champions,259.43
501185,2025-01-04,10175,Baby Diapers,Baby Care,2,547.77,Champions,1095.54
501185,2025-01-04,10175,Baby Wipes,Baby Care,2,188.98,Champions,377.96
501185,2025-01-04,10175,Baby Lotion,Baby Care,1,253.73,Champions,253.73
501199,2025-01-04,10176,Novel,Books,1,245.59,At Risk,245.59
501199,2025-01-04,10176,Exam Guide,Books,1,400.03,At Risk,400.03
502229,2025-01-04,10332,Novel,Books,3,254.01,Champions,762.03
502229,2025-01-04,10332,Exam Guide,Books,1,471.4,Champions,471.4
502324,2025-01-04,10344,Baby Diapers,Baby Care,2,635.68,Loyal,1271.36
502324,2025-01-04,10344,Baby Wipes,Baby Care,1,166.92,Loyal,166.92
502324,2025-01-04,10344,Baby Lotion,Baby Care,2,236.68,Loyal,473.36
502347,2025-01-04,10347,Novel,Books,2,243.29,Champions,486.58
502347,2025-01-04,10347,Exam Guide,Books,1,443.41,Champions,443.41
502347,2025-01-04,10347,Butter,Grocery,2,93.85,Champions,187.7
500165,2025-01-05,10026,Phone Case,Tech,2,322.57,Loyal,645.14
500165,2025-01-05,10026,Screen Guard,Tech,2,206.69,Loyal,413.38
500165,2025-01-05,10026,USB Cable,Tech,1,189.2,Loyal,189.2
500165,2025-01-05,10026,Dumbbell Pair,Fitness,1,1153.97,Loyal,1153.97
500842,2025-01-05,10126,Dog Food,Pet Care,1,767.92,Lost,767.92
500842,2025-01-05,10126,Pet Shampoo,Pet Care,4,254.42,Lost,1017.68
501565,2025-01-05,10228,Yoga Mat,Fitness,1,637.38,Lost,637.38
501565,2025-01-05,10228,Protein Bar,Fitness,1,82.04,Lost,82.04
501565,2025-01-05,10228,Water Bottle,Lifestyle,1,242.77,Lost,242.77
501705,2025-01-05,10253,Dog Food,Pet Care,1,867.23,Loyal,867.23
501705,2025-01-05,10253,Pet Shampoo,Pet Care,1,248.0,Loyal,248.0
501705,2025-01-05,10253,Yoga Mat,Fitness,1,625.37,Loyal,625.37
501847,2025-01-05,10278,Novel,Books,1,239.54,At Risk,239.54
501847,2025-01-05,10278,Exam Guide,Books,1,409.32,At Risk,409.32
501947,2025-01-05,10292,Phone Case,Tech,1,310.65,Lost,310.65
501947,2025-01-05,10292,Screen Guard,Tech,1,204.64,Lost,204.64
501947,2025-01-05,10292,USB Cable,Tech,1,165.91,Lost,165.91
501947,2025-01-05,10292,Baby Wipes,Baby Care,3,162.78,Lost,488.34
502331,2025-01-05,10345,Lunch Box,Lifestyle,1,366.64,At Risk,366.64
502331,2025-01-05,10345,Water Bottle,Lifestyle,2,254.67,At Risk,509.34
500492,2025-01-06,10074,Lunch Box,Lifestyle,1,366.16,At Risk,366.16
500492,2025-01-06,10074,Water Bottle,Lifestyle,2,271.63,At Risk,543.26
501148,2025-01-06,10169,Novel,Books,1,235.16,At Risk,235.16
501148,2025-01-06,10169,Exam Guide,Books,2,382.71,At Risk,765.42
502024,2025-01-06,10303,Notebook,Stationery,1,59.12,At Risk,59.12
502024,2025-01-06,10303,Pen Pack,Stationery,1,37.78,At Risk,37.78
502024,2025-01-06,10303,Highlighter,Stationery,1,80.6,At Risk,80.6
502024,2025-01-06,10303,Baby Lotion,Baby Care,1,232.65,At Risk,232.65
502230,2025-01-06,10332,Tea Pack,Grocery,2,112.59,Champions,225.18
502230,2025-01-06,10332,Sugar,Grocery,2,54.68,Champions,109.36
502230,2025-01-06,10332,Milk,Grocery,1,38.02,Champions,38.02
500341,2025-01-07,10051,Baby Diapers,Baby Care,4,526.61,Lost,2106.44
500341,2025-01-07,10051,Baby Wipes,Baby Care,2,172.38,Lost,344.76
500341,2025-01-07,10051,Baby Lotion,Baby Care,1,236.25,Lost,236.25
500601,2025-01-07,10086,Phone Case,Tech,2,303.54,At Risk,607.08
500601,2025-01-07,10086,Screen Guard,Tech,1,209.46,At Risk,209.46
500601,2025-01-07,10086,USB Cable,Tech,1,186.2,At Risk,186.2
500848,2025-01-07,10128,Lunch Box,Lifestyle,2,327.32,Champions,654.64
500848,2025-01-07,10128,Water Bottle,Lifestyle,1,260.2,Champions,260.2
501255,2025-01-07,10185,Notebook,Stationery,1,65.9,At Risk,65.9
501255,2025-01-07,10185,Pen Pack,Stationery,3,36.17,At Risk,108.51
501255,2025-01-07,10185,Highlighter,Stationery,1,77.03,At Risk,77.03
501255,2025-01-07,10185,Highlighter,Stationery,1,75.17,At Risk,75.17
501295,2025-01-07,10192,Lunch Box,Lifestyle,1,350.27,Lost,350.27
501295,2025-01-07,10192,Water Bottle,Lifestyle,2,259.09,Lost,518.18
501578,2025-01-07,10232,Lunch Box,Lifestyle,2,330.87,New,661.74
501578,2025-01-07,10232,Water Bottle,Lifestyle,1,248.31,New,248.31
502175,2025-01-07,10325,Baby Diapers,Baby Care,1,551.16,At Risk,551.16
502175,2025-01-07,10325,Baby Wipes,Baby Care,1,179.74,At Risk,179.74
502175,2025-01-07,10325,Baby Lotion,Baby Care,1,227.35,At Risk,227.35
502175,2025-01-07,10325,Dog Food,Pet Care,2,832.19,At Risk,1664.38
500653,2025-01-08,10098,Novel,Books,1,248.71,Champions,248.71
500653,2025-01-08,10098,Exam Guide,Books,1,414.8,Champions,414.8
501065,2025-01-08,10159,Coffee Powder,Grocery,3,180.93,At Risk,542.79
501065,2025-01-08,10159,Sugar,Grocery,1,55.6,At Risk,55.6
501065,2025-01-08,10159,Milk,Grocery,1,36.05,At Risk,36.05
501083,2025-01-08,10161,Dog Food,Pet Care,2,802.41,At Risk,1604.82
501083,2025-01-08,10161,Pet Shampoo,Pet Care,1,263.15,At Risk,263.15
501133,2025-01-08,10168,Tea Pack,Grocery,1,116.16,Champions,116.16
501133,2025-01-08,10168,Sugar,Grocery,1,59.8,Champions,59.8
501133,2025-01-08,10168,Milk,Grocery,2,34.5,Champions,69.0
501200,2025-01-08,10176,Tea Pack,Grocery,1,118.16,At Risk,118.16
501200,2025-01-08,10176,Sugar,Grocery,1,55.83,At Risk,55.83
501200,2025-01-08,10176,Milk,Grocery,1,37.25,At Risk,37.25
501603,2025-01-08,10236,Baby Diapers,Baby Care,1,546.43,Loyal,546.43
501603,2025-01-08,10236,Baby Wipes,Baby Care,4,172.46,Loyal,689.84
501603,2025-01-08,10236,Baby Lotion,Baby Care,1,221.32,Loyal,221.32
501681,2025-01-08,10249,Lunch Box,Lifestyle,2,322.68,Lost,645.36
501681,2025-01-08,10249,Water Bottle,Lifestyle,1,253.03,Lost,253.03
501681,2025-01-08,10249,Milk,Grocery,1,36.92,Lost,36.92
501733,2025-01-08,10259,Yoga Mat,Fitness,1,638.37,Champions,638.37
501733,2025-01-08,10259,Protein Bar,Fitness,1,89.99,Champions,89.99
501733,2025-01-08,10259,Water Bottle,Lifestyle,1,281.2,Champions,281.2
501763,2025-01-08,10262,Notebook,Stationery,1,59.59,Champions,59.59
501763,2025-01-08,10262,Pen Pack,Stationery,2,39.23,Champions,78.46
501763,2025-01-08,10262,Highlighter,Stationery,1,76.11,Champions,76.11
501829,2025-01-08,10274,Dog Food,Pet Care,3,819.25,New,2457.75
501829,2025-01-08,10274,Pet Shampoo,Pet Care,1,236.0,New,236.0
501829,2025-01-08,10274,Jam,Grocery,2,122.49,New,244.98
502021,2025-01-08,10302,Novel,Books,1,266.13,New,266.13
502021,2025-01-08,10302,Exam Guide,Books,2,404.33,New,808.66
502021,2025-01-08,10302,Baby Diapers,Baby Care,1,596.77,New,596.77
502075,2025-01-09,10312,Yoga Mat,Fitness,4,621.66,Champions,2486.64
502075,2025-01-09,10312,Protein Bar,Fitness,2,86.88,Champions,173.76
502075,2025-01-09,10312,Water Bottle,Lifestyle,1,244.16,Champions,244.16
500148,2025-01-10,10022,Tea Pack,Grocery,2,120.46,Loyal,240.92
500148,2025-01-10,10022,Sugar,Grocery,1,58.66,Loyal,58.66
500148,2025-01-10,10022,Milk,Grocery,2,33.15,Loyal,66.3
500217,2025-01-10,10032,Notebook,Stationery,2,59.88,Champions,119.76
500217,2025-01-10,10032,Pen Pack,Stationery,1,42.52,Champions,42.52
500217,2025-01-10,10032,Highlighter,Stationery,1,69.53,Champions,69.53
500430,2025-01-10,10064,Yoga Mat,Fitness,2,719.62,Loyal,1439.24
500430,2025-01-10,10064,Protein Bar,Fitness,1,85.2,Loyal,85.2
500430,2025-01-10,10064,Water Bottle,Lifestyle,2,222.9,Loyal,445.8
500430,2025-01-10,10064,Screen Guard,Tech,2,191.47,Loyal,382.94
500693,2025-01-10,10101,Lunch Box,Lifestyle,1,366.94,At Risk,366.94
500693,2025-01-10,10101,Water Bottle,Lifestyle,2,266.91,At Risk,533.82
501066,2025-01-10,10159,Bread,Grocery,1,45.91,At Risk,45.91
501066,2025-01-10,10159,Butter,Grocery,1,92.01,At Risk,92.01
501066,2025-01-10,10159,Jam,Grocery,2,102.51,At Risk,205.02
501066,2025-01-10,10159,Dog Food,Pet Care,1,838.77,At Risk,838.77
501073,2025-01-10,10160,Lunch Box,Lifestyle,2,385.56,Loyal,771.12
501073,2025-01-10,10160,Water Bottle,Lifestyle,1,247.9,Loyal,247.9
501073,2025-01-10,10160,Dog Food,Pet Care,1,810.05,Loyal,810.05
501866,2025-01-10,10282,Baby Diapers,Baby Care,2,494.96,Loyal,989.92
501866,2025-01-10,10282,Baby Wipes,Baby Care,1,190.32,Loyal,190.32
501866,2025-01-10,10282,Baby Lotion,Baby Care,1,216.57,Loyal,216.57
501971,2025-01-10,10296,Lunch Box,Lifestyle,1,350.88,Lost,350.88
501971,2025-01-10,10296,Water Bottle,Lifestyle,2,248.84,Lost,497.68
502337,2025-01-10,10346,Phone Case,Tech,1,277.79,At Risk,277.79
502337,2025-01-10,10346,Screen Guard,Tech,1,209.13,At Risk,209.13
502337,2025-01-10,10346,USB Cable,Tech,1,187.22,At Risk,187.22
500272,2025-01-11,10040,Baby Diapers,Baby Care,3,557.08,Champions,1671.24
500272,2025-01-11,10040,Baby Wipes,Baby Care,2,178.14,Champions,356.28
500272,2025-01-11,10040,Baby Lotion,Baby Care,3,265.37,Champions,796.11
500305,2025-01-11,10044,Phone Case,Tech,1,323.54,Loyal,323.54
500305,2025-01-11,10044,Screen Guard,Tech,1,178.61,Loyal,178.61
500305,2025-01-11,10044,USB Cable,Tech,1,205.8,Loyal,205.8
500305,2025-01-11,10044,Jam,Grocery,1,119.53,Loyal,119.53
500328,2025-01-11,10049,Yoga Mat,Fitness,1,641.1,Loyal,641.1
500328,2025-01-11,10049,Protein Bar,Fitness,2,93.33,Loyal,186.66
500328,2025-01-11,10049,Water Bottle,Lifestyle,3,249.79,Loyal,749.37
500733,2025-01-11,10108,Notebook,Stationery,1,61.33,Loyal,61.33
500733,2025-01-11,10108,Pen Pack,Stationery,1,38.99,Loyal,38.99
500733,2025-01-11,10108,Highlighter,Stationery,2,76.99,Loyal,153.98
500948,2025-01-11,10143,Novel,Books,4,228.81,Loyal,915.24
500948,2025-01-11,10143,Exam Guide,Books,1,423.61,Loyal,423.61
500948,2025-01-11,10143,USB Cable,Tech,1,172.45,Loyal,172.45
501247,2025-01-11,10183,Baby Diapers,Baby Care,1,601.44,Lost,601.44
501247,2025-01-11,10183,Baby Wipes,Baby Care,1,184.79,Lost,184.79
501247,2025-01-11,10183,Baby Lotion,Baby Care,1,220.06,Lost,220.06
501453,2025-01-11,10214,Dog Food,Pet Care,4,807.85,At Risk,3231.4
501453,2025-01-11,10214,Pet Shampoo,Pet Care,2,238.66,At Risk,477.32
501780,2025-01-11,10265,Novel,Books,1,252.87,At Risk,252.87
501780,2025-01-11,10265,Exam Guide,Books,3,453.11,At Risk,1359.33
501794,2025-01-11,10267,Phone Case,Tech,1,318.92,At Risk,318.92
501794,2025-01-11,10267,Screen Guard,Tech,2,226.87,At Risk,453.74
501794,2025-01-11,10267,USB Cable,Tech,1,178.8,At Risk,178.8
501794,2025-01-11,10267,Exam Guide,Books,2,402.88,At Risk,805.76
501855,2025-01-11,10279,Dog Food,Pet Care,1,735.62,Lost,735.62
501855,2025-01-11,10279,Pet Shampoo,Pet Care,2,266.8,Lost,533.6
501855,2025-01-11,10279,Sugar,Grocery,1,57.49,Lost,57.49
501924,2025-01-11,10290,Lunch Box,Lifestyle,2,384.91,Champions,769.82
501924,2025-01-11,10290,Water Bottle,Lifestyle,1,253.47,Champions,253.47
501948,2025-01-11,10292,Baby Diapers,Baby Care,2,587.52,Lost,1175.04
501948,2025-01-11,10292,Baby Wipes,Baby Care,4,168.18,Lost,672.72
501948,2025-01-11,10292,Baby Lotion,Baby Care,1,235.54,Lost,235.54
501948,2025-01-11,10292,Butter,Grocery,1,95.95,Lost,95.95
502338,2025-01-11,10346,Tea Pack,Grocery,2,123.04,At Risk,246.08
502338,2025-01-11,10346,Sugar,Grocery,2,53.0,At Risk,106.0
502338,2025-01-11,10346,Milk,Grocery,3,34.95,At Risk,104.85
500085,2025-01-12,10011,Lunch Box,Lifestyle,2,378.55,High Value Rare,757.1
500085,2025-01-12,10011,Water Bottle,Lifestyle,1,246.41,High Value Rare,246.41
500450,2025-01-12,10068,Yoga Mat,Fitness,1,608.8,Champions,608.8
500450,2025-01-12,10068,Protein Bar,Fitness,1,92.38,Champions,92.38
500450,2025-01-12,10068,Water Bottle,Lifestyle,2,211.62,Champions,423.24
500450,2025-01-12,10068,Bluetooth Earbuds,Tech,1,1448.53,Champions,1448.53
500500,2025-01-12,10075,Notebook,Stationery,2,66.84,At Risk,133.68
500500,2025-01-12,10075,Pen Pack,Stationery,1,38.72,At Risk,38.72
500500,2025-01-12,10075,Highlighter,Stationery,1,71.19,At Risk,71.19
500500,2025-01-12,10075,Jam,Grocery,2,111.59,At Risk,223.18
501134,2025-01-12,10168,Novel,Books,1,260.75,Champions,260.75
501134,2025-01-12,10168,Exam Guide,Books,1,408.81,Champions,408.81
501134,2025-01-12,10168,Pet Shampoo,Pet Care,1,267.61,Champions,267.61
501389,2025-01-12,10207,Novel,Books,1,264.87,At Risk,264.87
501389,2025-01-12,10207,Exam Guide,Books,1,417.85,At Risk,417.85
501421,2025-01-12,10211,Notebook,Stationery,2,56.71,At Risk,113.42
501421,2025-01-12,10211,Pen Pack,Stationery,1,46.66,At Risk,46.66
501421,2025-01-12,10211,Highlighter,Stationery,4,65.51,At Risk,262.04
501604,2025-01-12,10236,Baby Diapers,Baby Care,3,499.12,Loyal,1497.36
501604,2025-01-12,10236,Baby Wipes,Baby Care,1,173.8,Loyal,173.8
501604,2025-01-12,10236,Baby Lotion,Baby Care,1,239.33,Loyal,239.33
501604,2025-01-12,10236,Screen Guard,Tech,2,201.37,Loyal,402.74
500129,2025-01-13,10020,Coffee Powder,Grocery,1,175.06,At Risk,175.06
500129,2025-01-13,10020,Sugar,Grocery,1,55.61,At Risk,55.61
500129,2025-01-13,10020,Milk,Grocery,2,36.07,At Risk,72.14
500156,2025-01-13,10023,Yoga Mat,Fitness,2,659.92,Loyal,1319.84
500156,2025-01-13,10023,Protein Bar,Fitness,2,99.52,Loyal,199.04
500156,2025-01-13,10023,Water Bottle,Lifestyle,1,248.13,Loyal,248.13
500602,2025-01-13,10086,Dog Food,Pet Care,1,687.03,At Risk,687.03
500602,2025-01-13,10086,Pet Shampoo,Pet Care,1,272.99,At Risk,272.99
500807,2025-01-13,10118,Notebook,Stationery,2,56.88,Lost,113.76
500807,2025-01-13,10118,Pen Pack,Stationery,1,39.78,Lost,39.78
500807,2025-01-13,10118,Highlighter,Stationery,1,69.76,Lost,69.76
500968,2025-01-13,10145,Novel,Books,1,253.41,Champions,253.41
500968,2025-01-13,10145,Exam Guide,Books,1,390.92,Champions,390.92
500968,2025-01-13,10145,Lunch Box,Lifestyle,1,343.21,Champions,343.21
501422,2025-01-13,10211,Novel,Books,1,232.01,At Risk,232.01
501422,2025-01-13,10211,Exam Guide,Books,1,452.89,At Risk,452.89
502122,2025-01-13,10318,Baby Diapers,Baby Care,1,580.05,Champions,580.05
502122,2025-01-13,10318,Baby Wipes,Baby Care,1,188.18,Champions,188.18
502122,2025-01-13,10318,Baby Lotion,Baby Care,1,251.98,Champions,251.98
500062,2025-01-14,10008,Lunch Box,Lifestyle,1,339.04,At Risk,339.04
500062,2025-01-14,10008,Water Bottle,Lifestyle,2,258.47,At Risk,516.94
500062,2025-01-14,10008,Coffee Powder,Grocery,2,168.68,At Risk,337.36
500094,2025-01-14,10014,Novel,Books,1,227.21,Loyal,227.21
500094,2025-01-14,10014,Exam Guide,Books,2,348.63,Loyal,697.26
500164,2025-01-14,10025,Bread,Grocery,1,45.9,Lost,45.9
500164,2025-01-14,10025,Butter,Grocery,1,96.5,Lost,96.5
500164,2025-01-14,10025,Jam,Grocery,1,118.07,Lost,118.07
500190,2025-01-14,10030,Yoga Mat,Fitness,1,651.41,At Risk,651.41
500190,2025-01-14,10030,Protein Bar,Fitness,1,97.2,At Risk,97.2
500190,2025-01-14,10030,Water Bottle,Lifestyle,1,263.93,At Risk,263.93
500694,2025-01-14,10101,Coffee Powder,Grocery,1,192.45,At Risk,192.45
500694,2025-01-14,10101,Sugar,Grocery,1,55.68,At Risk,55.68
500694,2025-01-14,10101,Milk,Grocery,1,33.28,At Risk,33.28
500796,2025-01-14,10117,Tea Pack,Grocery,1,129.39,Loyal,129.39
500796,2025-01-14,10117,Sugar,Grocery,1,60.98,Loyal,60.98
500796,2025-01-14,10117,Milk,Grocery,1,31.26,Loyal,31.26
500796,2025-01-14,10117,Baby Diapers,Baby Care,1,576.26,Loyal,576.26
501682,2025-01-14,10250,Coffee Powder,Grocery,1,181.07,Loyal,181.07
501682,2025-01-14,10250,Sugar,Grocery,1,51.63,Loyal,51.63
501682,2025-01-14,10250,Milk,Grocery,4,36.74,Loyal,146.96
501826,2025-01-14,10272,Tea Pack,Grocery,1,125.92,Lost,125.92
501826,2025-01-14,10272,Sugar,Grocery,2,54.13,Lost,108.26
501826,2025-01-14,10272,Milk,Grocery,2,35.52,Lost,71.04
502278,2025-01-14,10336,Yoga Mat,Fitness,1,673.19,Lost,673.19
502278,2025-01-14,10336,Protein Bar,Fitness,1,86.73,Lost,86.73
502278,2025-01-14,10336,Water Bottle,Lifestyle,2,242.81,Lost,485.62
500409,2025-01-15,10061,Bread,Grocery,1,44.82,Loyal,44.82
500409,2025-01-15,10061,Butter,Grocery,3,99.03,Loyal,297.09
500409,2025-01-15,10061,Jam,Grocery,1,114.71,Loyal,114.71
500409,2025-01-15,10061,Bluetooth Earbuds,Tech,1,1493.35,Loyal,1493.35
500618,2025-01-15,10090,Coffee Powder,Grocery,1,166.58,Champions,166.58
500618,2025-01-15,10090,Sugar,Grocery,1,51.13,Champions,51.13
500618,2025-01-15,10090,Milk,Grocery,1,38.62,Champions,38.62
501296,2025-01-15,10192,Baby Diapers,Baby Care,1,556.44,Lost,556.44
501296,2025-01-15,10192,Baby Wipes,Baby Care,2,196.7,Lost,393.4
501296,2025-01-15,10192,Baby Lotion,Baby Care,1,217.67,Lost,217.67
501347,2025-01-15,10202,Yoga Mat,Fitness,1,672.69,Champions,672.69
501347,2025-01-15,10202,Protein Bar,Fitness,1,93.52,Champions,93.52
501347,2025-01-15,10202,Water Bottle,Lifestyle,1,242.77,Champions,242.77
501347,2025-01-15,10202,Notebook,Stationery,1,65.16,Champions,65.16
501972,2025-01-15,10296,Phone Case,Tech,1,310.49,Lost,310.49
501972,2025-01-15,10296,Screen Guard,Tech,1,200.85,Lost,200.85
501972,2025-01-15,10296,USB Cable,Tech,1,157.92,Lost,157.92
502153,2025-01-15,10322,Tea Pack,Grocery,1,114.29,At Risk,114.29
502153,2025-01-15,10322,Sugar,Grocery,1,60.89,At Risk,60.89
502153,2025-01-15,10322,Milk,Grocery,1,33.16,At Risk,33.16
502153,2025-01-15,10322,Phone Case,Tech,3,294.74,At Risk,884.22
502281,2025-01-15,10337,Yoga Mat,Fitness,2,612.46,At Risk,1224.92
502281,2025-01-15,10337,Protein Bar,Fitness,3,92.59,At Risk,277.77
502281,2025-01-15,10337,Water Bottle,Lifestyle,1,258.4,At Risk,258.4
502281,2025-01-15,10337,Tea Pack,Grocery,4,111.14,At Risk,444.56
500572,2025-01-16,10083,Notebook,Stationery,1,59.63,Champions,59.63
500572,2025-01-16,10083,Pen Pack,Stationery,1,40.6,Champions,40.6
500572,2025-01-16,10083,Highlighter,Stationery,1,74.57,Champions,74.57
500969,2025-01-16,10145,Coffee Powder,Grocery,1,163.47,Champions,163.47
500969,2025-01-16,10145,Sugar,Grocery,1,58.52,Champions,58.52
500969,2025-01-16,10145,Milk,Grocery,1,35.87,Champions,35.87
500969,2025-01-16,10145,USB Cable,Tech,1,181.35,Champions,181.35
501052,2025-01-16,10157,Tea Pack,Grocery,2,107.14,Lost,214.28
501052,2025-01-16,10157,Sugar,Grocery,1,56.49,Lost,56.49
501052,2025-01-16,10157,Milk,Grocery,1,34.8,Lost,34.8
501052,2025-01-16,10157,Milk,Grocery,2,39.24,Lost,78.48
501234,2025-01-16,10181,Baby Diapers,Baby Care,2,526.03,Champions,1052.06
501234,2025-01-16,10181,Baby Wipes,Baby Care,3,181.3,Champions,543.9
501234,2025-01-16,10181,Baby Lotion,Baby Care,1,244.21,Champions,244.21
501234,2025-01-16,10181,Pen Pack,Stationery,1,41.01,Champions,41.01
501478,2025-01-16,10217,Tea Pack,Grocery,1,114.78,At Risk,114.78
501478,2025-01-16,10217,Sugar,Grocery,1,53.62,At Risk,53.62
501478,2025-01-16,10217,Milk,Grocery,1,34.46,At Risk,34.46
501534,2025-01-16,10224,Tea Pack,Grocery,1,126.99,Loyal,126.99
501534,2025-01-16,10224,Sugar,Grocery,1,48.92,Loyal,48.92
501534,2025-01-16,10224,Milk,Grocery,1,31.73,Loyal,31.73
501534,2025-01-16,10224,Sugar,Grocery,1,54.21,Loyal,54.21
501656,2025-01-16,10244,Baby Diapers,Baby Care,1,579.82,Champions,579.82
501656,2025-01-16,10244,Baby Wipes,Baby Care,3,196.24,Champions,588.72
501656,2025-01-16,10244,Baby Lotion,Baby Care,1,229.41,Champions,229.41
500478,2025-01-17,10072,Dog Food,Pet Care,1,817.09,Champions,817.09
500478,2025-01-17,10072,Pet Shampoo,Pet Care,2,247.19,Champions,494.38
500478,2025-01-17,10072,Notebook,Stationery,1,58.53,Champions,58.53
500595,2025-01-17,10085,Phone Case,Tech,1,309.52,Loyal,309.52
500595,2025-01-17,10085,Screen Guard,Tech,2,175.2,Loyal,350.4
500595,2025-01-17,10085,USB Cable,Tech,1,182.8,Loyal,182.8
501360,2025-01-17,10204,Phone Case,Tech,1,311.66,At Risk,311.66
501360,2025-01-17,10204,Screen Guard,Tech,2,208.21,At Risk,416.42
501360,2025-01-17,10204,USB Cable,Tech,1,168.0,At Risk,168.0
501764,2025-01-17,10262,Novel,Books,2,227.64,Champions,455.28
501764,2025-01-17,10262,Exam Guide,Books,1,401.42,Champions,401.42
501764,2025-01-17,10262,Phone Case,Tech,1,263.92,Champions,263.92
502154,2025-01-17,10322,Novel,Books,1,249.94,At Risk,249.94
502154,2025-01-17,10322,Exam Guide,Books,1,420.65,At Risk,420.65
502154,2025-01-17,10322,Phone Case,Tech,1,328.69,At Risk,328.69
502240,2025-01-17,10333,Coffee Powder,Grocery,1,179.64,Champions,179.64
502240,2025-01-17,10333,Sugar,Grocery,1,54.8,Champions,54.8
502240,2025-01-17,10333,Milk,Grocery,1,31.6,Champions,31.6
502240,2025-01-17,10333,Bread,Grocery,1,44.01,Champions,44.01
502348,2025-01-17,10347,Bread,Grocery,3,47.4,Champions,142.2
502348,2025-01-17,10347,Butter,Grocery,1,87.91,Champions,87.91
502348,2025-01-17,10347,Jam,Grocery,1,107.07,Champions,107.07
502348,2025-01-17,10347,Exam Guide,Books,2,444.24,Champions,888.48
500166,2025-01-18,10026,Dog Food,Pet Care,2,789.76,Loyal,1579.52
500166,2025-01-18,10026,Pet Shampoo,Pet Care,1,269.35,Loyal,269.35
500166,2025-01-18,10026,Exam Guide,Books,2,429.2,Loyal,858.4
500448,2025-01-18,10067,Baby Diapers,Baby Care,1,520.79,Lost,520.79
500448,2025-01-18,10067,Baby Wipes,Baby Care,1,181.13,Lost,181.13
500448,2025-01-18,10067,Baby Lotion,Baby Care,1,269.58,Lost,269.58
501160,2025-01-18,10171,Tea Pack,Grocery,1,118.55,Champions,118.55
501160,2025-01-18,10171,Sugar,Grocery,1,59.13,Champions,59.13
501160,2025-01-18,10171,Milk,Grocery,2,39.27,Champions,78.54
501160,2025-01-18,10171,Coffee Powder,Grocery,1,165.26,Champions,165.26
501250,2025-01-18,10184,Coffee Powder,Grocery,1,189.95,Loyal,189.95
501250,2025-01-18,10184,Sugar,Grocery,1,57.21,Loyal,57.21
501250,2025-01-18,10184,Milk,Grocery,1,32.73,Loyal,32.73
501423,2025-01-18,10211,Coffee Powder,Grocery,1,174.78,At Risk,174.78
501423,2025-01-18,10211,Sugar,Grocery,1,52.89,At Risk,52.89
501423,2025-01-18,10211,Milk,Grocery,1,37.22,At Risk,37.22
501423,2025-01-18,10211,Bread,Grocery,1,48.59,At Risk,48.59
501555,2025-01-18,10227,Phone Case,Tech,1,297.71,Loyal,297.71
501555,2025-01-18,10227,Screen Guard,Tech,1,195.55,Loyal,195.55
501555,2025-01-18,10227,USB Cable,Tech,1,199.25,Loyal,199.25
501555,2025-01-18,10227,Phone Case,Tech,1,283.97,Loyal,283.97
501867,2025-01-18,10282,Baby Diapers,Baby Care,1,506.11,Loyal,506.11
501867,2025-01-18,10282,Baby Wipes,Baby Care,1,169.51,Loyal,169.51
501867,2025-01-18,10282,Baby Lotion,Baby Care,1,260.54,Loyal,260.54
502231,2025-01-18,10332,Lunch Box,Lifestyle,3,355.32,Champions,1065.96
502231,2025-01-18,10332,Water Bottle,Lifestyle,1,263.18,Champions,263.18
502349,2025-01-18,10347,Lunch Box,Lifestyle,1,340.36,Champions,340.36
502349,2025-01-18,10347,Water Bottle,Lifestyle,2,230.88,Champions,461.76
502349,2025-01-18,10347,Dumbbell Pair,Fitness,1,1089.01,Champions,1089.01
500136,2025-01-19,10021,Tea Pack,Grocery,2,117.58,Champions,235.16
500136,2025-01-19,10021,Sugar,Grocery,1,56.76,Champions,56.76
500136,2025-01-19,10021,Milk,Grocery,1,40.65,Champions,40.65
500136,2025-01-19,10021,Milk,Grocery,1,32.09,Champions,32.09
500420,2025-01-19,10062,Notebook,Stationery,2,60.91,Lost,121.82
500420,2025-01-19,10062,Pen Pack,Stationery,1,43.66,Lost,43.66
500420,2025-01-19,10062,Highlighter,Stationery,1,78.45,Lost,78.45
500640,2025-01-19,10092,Tea Pack,Grocery,1,112.93,Lost,112.93
500640,2025-01-19,10092,Sugar,Grocery,1,53.29,Lost,53.29
500640,2025-01-19,10092,Milk,Grocery,2,32.76,Lost,65.52
500765,2025-01-19,10111,Coffee Powder,Grocery,1,164.05,Champions,164.05
500765,2025-01-19,10111,Sugar,Grocery,1,56.02,Champions,56.02
500765,2025-01-19,10111,Milk,Grocery,2,36.24,Champions,72.48
500783,2025-01-19,10113,Novel,Books,1,243.11,Lost,243.11
500783,2025-01-19,10113,Exam Guide,Books,1,434.92,Lost,434.92
500843,2025-01-19,10126,Phone Case,Tech,2,309.56,Lost,619.12
500843,2025-01-19,10126,Screen Guard,Tech,1,174.21,Lost,174.21
500843,2025-01-19,10126,USB Cable,Tech,1,187.82,Lost,187.82
500845,2025-01-19,10127,Bread,Grocery,1,44.73,Lost,44.73
500845,2025-01-19,10127,Butter,Grocery,2,94.98,Lost,189.96
500845,2025-01-19,10127,Jam,Grocery,1,114.93,Lost,114.93
500845,2025-01-19,10127,Dog Food,Pet Care,1,753.57,Lost,753.57
501067,2025-01-19,10159,Lunch Box,Lifestyle,1,363.97,At Risk,363.97
501067,2025-01-19,10159,Water Bottle,Lifestyle,1,245.44,At Risk,245.44
501593,2025-01-19,10235,Yoga Mat,Fitness,2,576.07,At Risk,1152.14
501593,2025-01-19,10235,Protein Bar,Fitness,1,89.94,At Risk,89.94
501593,2025-01-19,10235,Water Bottle,Lifestyle,1,244.29,At Risk,244.29
501683,2025-01-19,10250,Lunch Box,Lifestyle,4,347.97,Loyal,1391.88
501683,2025-01-19,10250,Water Bottle,Lifestyle,2,271.69,Loyal,543.38
501683,2025-01-19,10250,Pen Pack,Stationery,1,38.62,Loyal,38.62
501984,2025-01-19,10298,Dog Food,Pet Care,1,714.76,At Risk,714.76
501984,2025-01-19,10298,Pet Shampoo,Pet Care,1,247.28,At Risk,247.28
502155,2025-01-19,10322,Notebook,Stationery,1,65.14,At Risk,65.14
502155,2025-01-19,10322,Pen Pack,Stationery,1,37.21,At Risk,37.21
502155,2025-01-19,10322,Highlighter,Stationery,2,68.74,At Risk,137.48
502155,2025-01-19,10322,Novel,Books,1,224.69,At Risk,224.69
502257,2025-01-19,10334,Novel,Books,4,243.32,Champions,973.28
502257,2025-01-19,10334,Exam Guide,Books,1,429.43,Champions,429.43
502257,2025-01-19,10334,Pet Shampoo,Pet Care,1,272.51,Champions,272.51
502282,2025-01-19,10337,Baby Diapers,Baby Care,1,587.48,At Risk,587.48
502282,2025-01-19,10337,Baby Wipes,Baby Care,1,196.43,At Risk,196.43
502282,2025-01-19,10337,Baby Lotion,Baby Care,3,268.97,At Risk,806.91
500178,2025-01-20,10028,Novel,Books,1,220.79,At Risk,220.79
500178,2025-01-20,10028,Exam Guide,Books,1,397.47,At Risk,397.47
500178,2025-01-20,10028,Bluetooth Earbuds,Tech,1,1570.38,At Risk,1570.38
500273,2025-01-20,10040,Lunch Box,Lifestyle,1,346.4,Champions,346.4
500273,2025-01-20,10040,Water Bottle,Lifestyle,1,231.57,Champions,231.57
500348,2025-01-20,10054,Lunch Box,Lifestyle,1,333.71,At Risk,333.71
500348,2025-01-20,10054,Water Bottle,Lifestyle,2,218.71,At Risk,437.42
500437,2025-01-20,10066,Baby Diapers,Baby Care,1,551.83,Champions,551.83
500437,2025-01-20,10066,Baby Wipes,Baby Care,1,184.7,Champions,184.7
500437,2025-01-20,10066,Baby Lotion,Baby Care,1,247.04,Champions,247.04
500654,2025-01-20,10098,Novel,Books,3,234.01,Champions,702.03
500654,2025-01-20,10098,Exam Guide,Books,3,444.01,Champions,1332.03
500654,2025-01-20,10098,Water Bottle,Lifestyle,1,258.85,Champions,258.85
500870,2025-01-20,10131,Bread,Grocery,1,44.91,Loyal,44.91
500870,2025-01-20,10131,Butter,Grocery,1,82.52,Loyal,82.52
500870,2025-01-20,10131,Jam,Grocery,2,115.17,Loyal,230.34
500970,2025-01-20,10145,Yoga Mat,Fitness,1,634.51,Champions,634.51
500970,2025-01-20,10145,Protein Bar,Fitness,1,92.84,Champions,92.84
500970,2025-01-20,10145,Water Bottle,Lifestyle,1,261.11,Champions,261.11
501026,2025-01-20,10152,Dog Food,Pet Care,1,806.34,Champions,806.34
501026,2025-01-20,10152,Pet Shampoo,Pet Care,1,279.49,Champions,279.49
501026,2025-01-20,10152,Tea Pack,Grocery,2,114.28,Champions,228.56
501316,2025-01-20,10196,Novel,Books,1,231.65,At Risk,231.65
501316,2025-01-20,10196,Exam Guide,Books,2,443.57,At Risk,887.14
501390,2025-01-20,10207,Phone Case,Tech,1,321.51,At Risk,321.51
501390,2025-01-20,10207,Screen Guard,Tech,1,217.31,At Risk,217.31
501390,2025-01-20,10207,USB Cable,Tech,1,166.5,At Risk,166.5
501594,2025-01-20,10235,Notebook,Stationery,2,66.26,At Risk,132.52
501594,2025-01-20,10235,Pen Pack,Stationery,3,40.21,At Risk,120.63
501594,2025-01-20,10235,Highlighter,Stationery,2,76.43,At Risk,152.86
501594,2025-01-20,10235,Dumbbell Pair,Fitness,1,1196.83,At Risk,1196.83
501693,2025-01-20,10251,Coffee Powder,Grocery,2,190.05,Loyal,380.1
501693,2025-01-20,10251,Sugar,Grocery,1,54.33,Loyal,54.33
501693,2025-01-20,10251,Milk,Grocery,1,36.43,Loyal,36.43
502057,2025-01-20,10310,Yoga Mat,Fitness,2,687.29,New,1374.58
502057,2025-01-20,10310,Protein Bar,Fitness,2,92.78,New,185.56
502057,2025-01-20,10310,Water Bottle,Lifestyle,1,255.54,New,255.54
500410,2025-01-21,10061,Dog Food,Pet Care,1,800.23,Loyal,800.23
500410,2025-01-21,10061,Pet Shampoo,Pet Care,1,280.61,Loyal,280.61
500551,2025-01-21,10080,Phone Case,Tech,2,315.06,Lost,630.12
500551,2025-01-21,10080,Screen Guard,Tech,1,177.86,Lost,177.86
500551,2025-01-21,10080,USB Cable,Tech,1,183.18,Lost,183.18
500871,2025-01-21,10131,Novel,Books,2,228.49,Loyal,456.98
500871,2025-01-21,10131,Exam Guide,Books,1,411.67,Loyal,411.67
500871,2025-01-21,10131,Water Bottle,Lifestyle,1,258.68,Loyal,258.68
501048,2025-01-21,10156,Bread,Grocery,1,47.39,At Risk,47.39
501048,2025-01-21,10156,Butter,Grocery,4,94.18,At Risk,376.72
501048,2025-01-21,10156,Jam,Grocery,1,106.93,At Risk,106.93
501497,2025-01-21,10219,Notebook,Stationery,1,58.1,Lost,58.1
501497,2025-01-21,10219,Pen Pack,Stationery,1,37.27,Lost,37.27
501497,2025-01-21,10219,Highlighter,Stationery,1,77.94,Lost,77.94
501657,2025-01-21,10244,Notebook,Stationery,1,59.66,Champions,59.66
501657,2025-01-21,10244,Pen Pack,Stationery,1,41.8,Champions,41.8
501657,2025-01-21,10244,Highlighter,Stationery,2,71.73,Champions,143.46
501856,2025-01-21,10279,Bread,Grocery,1,39.63,Lost,39.63
501856,2025-01-21,10279,Butter,Grocery,1,91.85,Lost,91.85
501856,2025-01-21,10279,Jam,Grocery,1,111.55,Lost,111.55
501856,2025-01-21,10279,Pen Pack,Stationery,1,39.54,Lost,39.54
502018,2025-01-21,10301,Coffee Powder,Grocery,3,173.37,New,520.11
502018,2025-01-21,10301,Sugar,Grocery,1,62.8,New,62.8
502018,2025-01-21,10301,Milk,Grocery,1,37.45,New,37.45
502279,2025-01-21,10336,Baby Diapers,Baby Care,1,522.59,Lost,522.59
502279,2025-01-21,10336,Baby Wipes,Baby Care,1,180.86,Lost,180.86
502279,2025-01-21,10336,Baby Lotion,Baby Care,1,250.0,Lost,250.0
500011,2025-01-22,10002,Tea Pack,Grocery,2,114.28,At Risk,228.56
500011,2025-01-22,10002,Sugar,Grocery,1,60.35,At Risk,60.35
500011,2025-01-22,10002,Milk,Grocery,1,32.81,At Risk,32.81
500467,2025-01-22,10069,Notebook,Stationery,1,57.1,High Value Rare,57.1
500467,2025-01-22,10069,Pen Pack,Stationery,1,40.55,High Value Rare,40.55
500467,2025-01-22,10069,Highlighter,Stationery,1,70.36,High Value Rare,70.36
500794,2025-01-22,10115,Novel,Books,1,277.12,Lost,277.12
500794,2025-01-22,10115,Exam Guide,Books,1,393.16,Lost,393.16
501324,2025-01-22,10199,Lunch Box,Lifestyle,2,362.89,Lost,725.78
501324,2025-01-22,10199,Water Bottle,Lifestyle,1,243.01,Lost,243.01
501324,2025-01-22,10199,Baby Lotion,Baby Care,3,238.45,Lost,715.35
501424,2025-01-22,10211,Yoga Mat,Fitness,1,666.63,At Risk,666.63
501424,2025-01-22,10211,Protein Bar,Fitness,2,88.73,At Risk,177.46
501424,2025-01-22,10211,Water Bottle,Lifestyle,1,253.88,At Risk,253.88
501424,2025-01-22,10211,Exam Guide,Books,1,440.29,At Risk,440.29
501719,2025-01-22,10255,Novel,Books,4,269.97,New,1079.88
501719,2025-01-22,10255,Exam Guide,Books,2,410.58,New,821.16
501758,2025-01-22,10261,Phone Case,Tech,1,316.52,High Value Rare,316.52
501758,2025-01-22,10261,Screen Guard,Tech,1,191.99,High Value Rare,191.99
501758,2025-01-22,10261,USB Cable,Tech,1,177.91,High Value Rare,177.91
502019,2025-01-22,10301,Yoga Mat,Fitness,1,574.16,New,574.16
502019,2025-01-22,10301,Protein Bar,Fitness,1,88.16,New,88.16
502019,2025-01-22,10301,Water Bottle,Lifestyle,1,260.52,New,260.52
502045,2025-01-22,10308,Lunch Box,Lifestyle,1,359.59,Lost,359.59
502045,2025-01-22,10308,Water Bottle,Lifestyle,1,255.39,Lost,255.39
502045,2025-01-22,10308,Dumbbell Pair,Fitness,1,1170.01,Lost,1170.01
500015,2025-01-23,10003,Dog Food,Pet Care,1,694.32,At Risk,694.32
500015,2025-01-23,10003,Pet Shampoo,Pet Care,4,309.41,At Risk,1237.64
500060,2025-01-23,10007,Tea Pack,Grocery,1,119.88,Lost,119.88
500060,2025-01-23,10007,Sugar,Grocery,1,54.19,Lost,54.19
500060,2025-01-23,10007,Milk,Grocery,1,33.23,Lost,33.23
500644,2025-01-23,10094,Dog Food,Pet Care,1,788.9,Lost,788.9
500644,2025-01-23,10094,Pet Shampoo,Pet Care,1,275.79,Lost,275.79
500695,2025-01-23,10101,Phone Case,Tech,1,280.8,At Risk,280.8
500695,2025-01-23,10101,Screen Guard,Tech,1,189.29,At Risk,189.29
500695,2025-01-23,10101,USB Cable,Tech,2,174.71,At Risk,349.42
500695,2025-01-23,10101,Tea Pack,Grocery,1,114.89,At Risk,114.89
501706,2025-01-23,10253,Yoga Mat,Fitness,1,638.12,Loyal,638.12
501706,2025-01-23,10253,Protein Bar,Fitness,1,98.56,Loyal,98.56
501706,2025-01-23,10253,Water Bottle,Lifestyle,1,238.98,Loyal,238.98
501711,2025-01-23,10254,Tea Pack,Grocery,1,136.52,Champions,136.52
501711,2025-01-23,10254,Sugar,Grocery,1,53.63,Champions,53.63
501711,2025-01-23,10254,Milk,Grocery,1,33.18,Champions,33.18
501711,2025-01-23,10254,Bluetooth Earbuds,Tech,1,1393.72,Champions,1393.72
501832,2025-01-23,10275,Lunch Box,Lifestyle,1,352.2,New,352.2
501832,2025-01-23,10275,Water Bottle,Lifestyle,1,245.98,New,245.98
501858,2025-01-23,10280,Baby Diapers,Baby Care,2,559.04,Lost,1118.08
501858,2025-01-23,10280,Baby Wipes,Baby Care,2,170.63,Lost,341.26
501858,2025-01-23,10280,Baby Lotion,Baby Care,1,237.59,Lost,237.59
501916,2025-01-23,10289,Phone Case,Tech,4,296.93,At Risk,1187.72
501916,2025-01-23,10289,Screen Guard,Tech,1,197.53,At Risk,197.53
501916,2025-01-23,10289,USB Cable,Tech,2,165.53,At Risk,331.06
501956,2025-01-23,10294,Lunch Box,Lifestyle,1,322.39,Champions,322.39
501956,2025-01-23,10294,Water Bottle,Lifestyle,1,230.81,Champions,230.81
501994,2025-01-23,10299,Coffee Powder,Grocery,1,182.33,Champions,182.33
501994,2025-01-23,10299,Sugar,Grocery,4,56.9,Champions,227.6
501994,2025-01-23,10299,Milk,Grocery,1,31.64,Champions,31.64
502280,2025-01-23,10336,Notebook,Stationery,1,54.99,Lost,54.99
502280,2025-01-23,10336,Pen Pack,Stationery,2,40.32,Lost,80.64
502280,2025-01-23,10336,Highlighter,Stationery,2,80.54,Lost,161.08
502313,2025-01-23,10342,Coffee Powder,Grocery,1,186.83,Champions,186.83
502313,2025-01-23,10342,Sugar,Grocery,2,56.17,Champions,112.34
502313,2025-01-23,10342,Milk,Grocery,1,38.81,Champions,38.81
502313,2025-01-23,10342,Highlighter,Stationery,2,75.92,Champions,151.84
500167,2025-01-24,10026,Phone Case,Tech,1,335.16,Loyal,335.16
500167,2025-01-24,10026,Screen Guard,Tech,2,196.9,Loyal,393.8
500167,2025-01-24,10026,USB Cable,Tech,2,182.12,Loyal,364.24
500167,2025-01-24,10026,Baby Lotion,Baby Care,2,269.0,Loyal,538.0
500182,2025-01-24,10029,Phone Case,Tech,1,325.92,Champions,325.92
500182,2025-01-24,10029,Screen Guard,Tech,1,191.85,Champions,191.85
500182,2025-01-24,10029,USB Cable,Tech,1,191.97,Champions,191.97
500354,2025-01-24,10055,Dog Food,Pet Care,2,771.84,High Value Rare,1543.68
500354,2025-01-24,10055,Pet Shampoo,Pet Care,1,248.34,High Value Rare,248.34
500471,2025-01-24,10071,Tea Pack,Grocery,3,121.7,Loyal,365.1
500471,2025-01-24,10071,Sugar,Grocery,1,49.82,Loyal,49.82
500471,2025-01-24,10071,Milk,Grocery,1,37.05,Loyal,37.05
500573,2025-01-24,10083,Phone Case,Tech,1,299.05,Champions,299.05
500573,2025-01-24,10083,Screen Guard,Tech,4,209.72,Champions,838.88
500573,2025-01-24,10083,USB Cable,Tech,1,164.59,Champions,164.59
500631,2025-01-24,10091,Tea Pack,Grocery,1,122.64,At Risk,122.64
500631,2025-01-24,10091,Sugar,Grocery,2,55.92,At Risk,111.84
500631,2025-01-24,10091,Milk,Grocery,2,36.53,At Risk,73.06
500846,2025-01-24,10127,Dog Food,Pet Care,1,803.58,Lost,803.58
500846,2025-01-24,10127,Pet Shampoo,Pet Care,2,268.64,Lost,537.28
500063,2025-01-25,10008,Coffee Powder,Grocery,2,167.03,At Risk,334.06
500063,2025-01-25,10008,Sugar,Grocery,1,52.71,At Risk,52.71
500063,2025-01-25,10008,Milk,Grocery,2,35.96,At Risk,71.92
500375,2025-01-25,10058,Notebook,Stationery,2,58.63,Champions,117.26
500375,2025-01-25,10058,Pen Pack,Stationery,1,34.56,Champions,34.56
500375,2025-01-25,10058,Highlighter,Stationery,2,63.0,Champions,126.0
500810,2025-01-25,10120,Dog Food,Pet Care,1,735.36,Lost,735.36
500810,2025-01-25,10120,Pet Shampoo,Pet Care,1,240.27,Lost,240.27
501084,2025-01-25,10161,Lunch Box,Lifestyle,2,350.13,At Risk,700.26
501084,2025-01-25,10161,Water Bottle,Lifestyle,2,223.99,At Risk,447.98
501277,2025-01-25,10190,Notebook,Stationery,1,59.82,Champions,59.82
501277,2025-01-25,10190,Pen Pack,Stationery,1,43.27,Champions,43.27
501277,2025-01-25,10190,Highlighter,Stationery,1,73.75,Champions,73.75
501277,2025-01-25,10190,Yoga Mat,Fitness,1,641.11,Champions,641.11
501348,2025-01-25,10202,Yoga Mat,Fitness,1,648.59,Champions,648.59
501348,2025-01-25,10202,Protein Bar,Fitness,1,88.69,Champions,88.69
501348,2025-01-25,10202,Water Bottle,Lifestyle,1,238.68,Champions,238.68
501442,2025-01-25,10213,Dog Food,Pet Care,2,805.82,Loyal,1611.64
501442,2025-01-25,10213,Pet Shampoo,Pet Care,1,249.79,Loyal,249.79
501582,2025-01-25,10234,Bread,Grocery,2,40.25,Loyal,80.5
501582,2025-01-25,10234,Butter,Grocery,1,99.1,Loyal,99.1
501582,2025-01-25,10234,Jam,Grocery,2,113.8,Loyal,227.6
501582,2025-01-25,10234,Bluetooth Earbuds,Tech,2,1423.93,Loyal,2847.86
501834,2025-01-25,10276,Bread,Grocery,2,43.89,Lost,87.78
501834,2025-01-25,10276,Butter,Grocery,1,90.68,Lost,90.68
501834,2025-01-25,10276,Jam,Grocery,1,121.29,Lost,121.29
501834,2025-01-25,10276,Lunch Box,Lifestyle,2,355.92,Lost,711.84
500130,2025-01-26,10020,Dog Food,Pet Care,1,759.86,At Risk,759.86
500130,2025-01-26,10020,Pet Shampoo,Pet Care,2,236.85,At Risk,473.7
500130,2025-01-26,10020,Dumbbell Pair,Fitness,1,1184.99,At Risk,1184.99
500376,2025-01-26,10058,Phone Case,Tech,1,297.47,Champions,297.47
500376,2025-01-26,10058,Screen Guard,Tech,1,207.91,Champions,207.91
500376,2025-01-26,10058,USB Cable,Tech,1,197.59,Champions,197.59
500376,2025-01-26,10058,Bread,Grocery,1,43.12,Champions,43.12
500493,2025-01-26,10074,Baby Diapers,Baby Care,1,522.69,At Risk,522.69
500493,2025-01-26,10074,Baby Wipes,Baby Care,1,173.91,At Risk,173.91
500493,2025-01-26,10074,Baby Lotion,Baby Care,1,237.03,At Risk,237.03
500493,2025-01-26,10074,Lunch Box,Lifestyle,1,348.01,At Risk,348.01
500511,2025-01-26,10076,Phone Case,Tech,1,322.59,Lost,322.59
500511,2025-01-26,10076,Screen Guard,Tech,1,186.91,Lost,186.91
500511,2025-01-26,10076,USB Cable,Tech,2,198.91,Lost,397.82
500734,2025-01-26,10108,Dog Food,Pet Care,1,727.41,Loyal,727.41
500734,2025-01-26,10108,Pet Shampoo,Pet Care,1,300.04,Loyal,300.04
501043,2025-01-26,10155,Bread,Grocery,1,44.12,Loyal,44.12
501043,2025-01-26,10155,Butter,Grocery,2,101.3,Loyal,202.6
501043,2025-01-26,10155,Jam,Grocery,1,115.51,Loyal,115.51
501043,2025-01-26,10155,Dumbbell Pair,Fitness,1,1206.84,Loyal,1206.84
501118,2025-01-26,10166,Phone Case,Tech,1,302.66,Loyal,302.66
501118,2025-01-26,10166,Screen Guard,Tech,2,195.5,Loyal,391.0
501118,2025-01-26,10166,USB Cable,Tech,2,199.77,Loyal,399.54
501216,2025-01-26,10178,Coffee Powder,Grocery,1,180.04,High Value Rare,180.04
501216,2025-01-26,10178,Sugar,Grocery,1,52.17,High Value Rare,52.17
501216,2025-01-26,10178,Milk,Grocery,2,37.3,High Value Rare,74.6
501333,2025-01-26,10201,Baby Diapers,Baby Care,1,551.92,Champions,551.92
501333,2025-01-26,10201,Baby Wipes,Baby Care,3,183.67,Champions,551.01
501333,2025-01-26,10201,Baby Lotion,Baby Care,1,249.95,Champions,249.95
501367,2025-01-26,10205,Bread,Grocery,2,44.92,Champions,89.84
501367,2025-01-26,10205,Butter,Grocery,1,91.75,Champions,91.75
501367,2025-01-26,10205,Jam,Grocery,1,98.26,Champions,98.26
502384,2025-01-26,10094,Dumbbell Pair,Fitness,20,1113.03,Synthetic anomaly,22260.6
500006,2025-01-27,10001,Phone Case,Tech,2,292.68,High Value Rare,585.36
500006,2025-01-27,10001,Screen Guard,Tech,2,193.92,High Value Rare,387.84
500006,2025-01-27,10001,USB Cable,Tech,1,175.61,High Value Rare,175.61
500201,2025-01-27,10031,Phone Case,Tech,1,300.94,Champions,300.94
500201,2025-01-27,10031,Screen Guard,Tech,2,188.17,Champions,376.34
500201,2025-01-27,10031,USB Cable,Tech,2,168.92,Champions,337.84
500422,2025-01-27,10063,Phone Case,Tech,1,323.69,Loyal,323.69
500422,2025-01-27,10063,Screen Guard,Tech,1,186.05,Loyal,186.05
500422,2025-01-27,10063,USB Cable,Tech,1,172.75,Loyal,172.75
500468,2025-01-27,10069,Baby Diapers,Baby Care,1,528.61,High Value Rare,528.61
500468,2025-01-27,10069,Baby Wipes,Baby Care,1,181.96,High Value Rare,181.96
500468,2025-01-27,10069,Baby Lotion,Baby Care,1,260.93,High Value Rare,260.93
500501,2025-01-27,10075,Lunch Box,Lifestyle,1,340.43,At Risk,340.43
500501,2025-01-27,10075,Water Bottle,Lifestyle,2,254.98,At Risk,509.96
500619,2025-01-27,10090,Coffee Powder,Grocery,2,159.65,Champions,319.3
500619,2025-01-27,10090,Sugar,Grocery,1,58.29,Champions,58.29
500619,2025-01-27,10090,Milk,Grocery,1,33.67,Champions,33.67
501053,2025-01-27,10157,Novel,Books,1,228.08,Lost,228.08
501053,2025-01-27,10157,Exam Guide,Books,1,401.31,Lost,401.31
501053,2025-01-27,10157,Jam,Grocery,3,112.6,Lost,337.8
501292,2025-01-27,10191,Dog Food,Pet Care,1,785.46,Lost,785.46
501292,2025-01-27,10191,Pet Shampoo,Pet Care,1,249.42,Lost,249.42
501765,2025-01-27,10262,Bread,Grocery,1,45.27,Champions,45.27
501765,2025-01-27,10262,Butter,Grocery,2,87.72,Champions,175.44
501765,2025-01-27,10262,Jam,Grocery,2,109.65,Champions,219.3
501837,2025-01-27,10277,Phone Case,Tech,1,290.82,At Risk,290.82
501837,2025-01-27,10277,Screen Guard,Tech,1,207.61,At Risk,207.61
501837,2025-01-27,10277,USB Cable,Tech,1,177.37,At Risk,177.37
502258,2025-01-27,10334,Phone Case,Tech,1,280.43,Champions,280.43
502258,2025-01-27,10334,Screen Guard,Tech,1,166.66,Champions,166.66
502258,2025-01-27,10334,USB Cable,Tech,1,171.36,Champions,171.36
502332,2025-01-27,10345,Notebook,Stationery,1,57.36,At Risk,57.36
502332,2025-01-27,10345,Pen Pack,Stationery,1,40.39,At Risk,40.39
502332,2025-01-27,10345,Highlighter,Stationery,1,73.38,At Risk,73.38
500244,2025-01-28,10037,Yoga Mat,Fitness,1,634.94,Champions,634.94
500244,2025-01-28,10037,Protein Bar,Fitness,1,95.48,Champions,95.48
500244,2025-01-28,10037,Water Bottle,Lifestyle,1,252.9,Champions,252.9
501217,2025-01-28,10178,Baby Diapers,Baby Care,1,573.08,High Value Rare,573.08
501217,2025-01-28,10178,Baby Wipes,Baby Care,1,190.03,High Value Rare,190.03
501217,2025-01-28,10178,Baby Lotion,Baby Care,1,216.79,High Value Rare,216.79
501227,2025-01-28,10180,Lunch Box,Lifestyle,2,358.73,Loyal,717.46
501227,2025-01-28,10180,Water Bottle,Lifestyle,1,229.38,Loyal,229.38
501251,2025-01-28,10184,Notebook,Stationery,1,57.03,Loyal,57.03
501251,2025-01-28,10184,Pen Pack,Stationery,1,40.81,Loyal,40.81
501251,2025-01-28,10184,Highlighter,Stationery,1,76.19,Loyal,76.19
502371,2025-01-28,10349,Coffee Powder,Grocery,4,176.14,At Risk,704.56
502371,2025-01-28,10349,Sugar,Grocery,2,55.95,At Risk,111.9
502371,2025-01-28,10349,Milk,Grocery,1,37.95,At Risk,37.95
500345,2025-01-29,10053,Baby Diapers,Baby Care,2,543.63,Lost,1087.26
500345,2025-01-29,10053,Baby Wipes,Baby Care,3,158.63,Lost,475.89
500345,2025-01-29,10053,Baby Lotion,Baby Care,1,249.2,Lost,249.2
500451,2025-01-29,10068,Bread,Grocery,1,41.5,Champions,41.5
500451,2025-01-29,10068,Butter,Grocery,1,91.39,Champions,91.39
500451,2025-01-29,10068,Jam,Grocery,1,116.97,Champions,116.97
500534,2025-01-29,10079,Phone Case,Tech,2,281.05,Champions,562.1
500534,2025-01-29,10079,Screen Guard,Tech,1,184.63,Champions,184.63
500534,2025-01-29,10079,USB Cable,Tech,1,182.52,Champions,182.52
500620,2025-01-29,10090,Novel,Books,1,261.21,Champions,261.21
500620,2025-01-29,10090,Exam Guide,Books,1,383.12,Champions,383.12
500814,2025-01-29,10122,Dog Food,Pet Care,1,709.87,Loyal,709.87
500814,2025-01-29,10122,Pet Shampoo,Pet Care,1,248.58,Loyal,248.58
500814,2025-01-29,10122,Milk,Grocery,1,38.49,Loyal,38.49
500877,2025-01-29,10132,Phone Case,Tech,1,295.91,Champions,295.91
500877,2025-01-29,10132,Screen Guard,Tech,1,195.43,Champions,195.43
500877,2025-01-29,10132,USB Cable,Tech,1,208.82,Champions,208.82
501105,2025-01-29,10164,Dog Food,Pet Care,4,786.38,Champions,3145.52
501105,2025-01-29,10164,Pet Shampoo,Pet Care,1,242.84,Champions,242.84
501135,2025-01-29,10168,Notebook,Stationery,2,59.53,Champions,119.06
501135,2025-01-29,10168,Pen Pack,Stationery,1,36.61,Champions,36.61
501135,2025-01-29,10168,Highlighter,Stationery,2,71.81,Champions,143.62
501766,2025-01-29,10262,Bread,Grocery,1,43.16,Champions,43.16
501766,2025-01-29,10262,Butter,Grocery,1,97.84,Champions,97.84
501766,2025-01-29,10262,Jam,Grocery,1,118.24,Champions,118.24
501825,2025-01-29,10271,Dog Food,Pet Care,1,728.38,Lost,728.38
501825,2025-01-29,10271,Pet Shampoo,Pet Care,1,279.38,Lost,279.38
501925,2025-01-29,10290,Tea Pack,Grocery,1,131.45,Champions,131.45
501925,2025-01-29,10290,Sugar,Grocery,1,57.04,Champions,57.04
501925,2025-01-29,10290,Milk,Grocery,1,38.81,Champions,38.81
502192,2025-01-29,10328,Phone Case,Tech,1,313.29,Loyal,313.29
502192,2025-01-29,10328,Screen Guard,Tech,1,187.04,Loyal,187.04
502192,2025-01-29,10328,USB Cable,Tech,1,187.36,Loyal,187.36
502372,2025-01-29,10349,Novel,Books,2,265.82,At Risk,531.64
502372,2025-01-29,10349,Exam Guide,Books,1,376.31,At Risk,376.31
500202,2025-01-30,10031,Phone Case,Tech,2,305.84,Champions,611.68
500202,2025-01-30,10031,Screen Guard,Tech,1,198.21,Champions,198.21
500202,2025-01-30,10031,USB Cable,Tech,1,176.13,Champions,176.13
500391,2025-01-30,10059,Lunch Box,Lifestyle,1,379.08,Loyal,379.08
500391,2025-01-30,10059,Water Bottle,Lifestyle,1,255.95,Loyal,255.95
500813,2025-01-30,10121,Novel,Books,1,256.79,Lost,256.79
500813,2025-01-30,10121,Exam Guide,Books,2,454.1,Lost,908.2
501006,2025-01-30,10149,Coffee Powder,Grocery,1,191.82,Loyal,191.82
501006,2025-01-30,10149,Sugar,Grocery,2,50.29,Loyal,100.58
501006,2025-01-30,10149,Milk,Grocery,2,30.23,Loyal,60.46
501055,2025-01-30,10158,Dog Food,Pet Care,1,747.15,Loyal,747.15
501055,2025-01-30,10158,Pet Shampoo,Pet Care,1,269.9,Loyal,269.9
501055,2025-01-30,10158,Yoga Mat,Fitness,2,621.04,Loyal,1242.08
501074,2025-01-30,10160,Yoga Mat,Fitness,2,628.15,Loyal,1256.3
501074,2025-01-30,10160,Protein Bar,Fitness,1,78.39,Loyal,78.39
501074,2025-01-30,10160,Water Bottle,Lifestyle,2,248.54,Loyal,497.08
501472,2025-01-30,10216,Lunch Box,Lifestyle,1,381.65,Loyal,381.65
501472,2025-01-30,10216,Water Bottle,Lifestyle,1,265.13,Loyal,265.13
501472,2025-01-30,10216,Baby Diapers,Baby Care,2,555.61,Loyal,1111.22
501498,2025-01-30,10219,Yoga Mat,Fitness,2,695.41,Lost,1390.82
501498,2025-01-30,10219,Protein Bar,Fitness,1,93.44,Lost,93.44
501498,2025-01-30,10219,Water Bottle,Lifestyle,1,272.62,Lost,272.62
500317,2025-01-31,10046,Notebook,Stationery,1,61.65,Loyal,61.65
500317,2025-01-31,10046,Pen Pack,Stationery,1,42.97,Loyal,42.97
500317,2025-01-31,10046,Highlighter,Stationery,1,67.28,Loyal,67.28
500317,2025-01-31,10046,Tea Pack,Grocery,1,117.04,Loyal,117.04
500936,2025-01-31,10141,Baby Diapers,Baby Care,1,554.72,Loyal,554.72
500936,2025-01-31,10141,Baby Wipes,Baby Care,1,182.43,Loyal,182.43
500936,2025-01-31,10141,Baby Lotion,Baby Care,1,224.89,Loyal,224.89
501068,2025-01-31,10159,Bread,Grocery,1,45.73,At Risk,45.73
501068,2025-01-31,10159,Butter,Grocery,2,96.67,At Risk,193.34
501068,2025-01-31,10159,Jam,Grocery,1,111.69,At Risk,111.69
501644,2025-01-31,10242,Coffee Powder,Grocery,1,171.21,Lost,171.21
501644,2025-01-31,10242,Sugar,Grocery,1,56.69,Lost,56.69
501644,2025-01-31,10242,Milk,Grocery,1,33.63,Lost,33.63
501644,2025-01-31,10242,Protein Bar,Fitness,1,72.24,Lost,72.24
501777,2025-01-31,10264,Baby Diapers,Baby Care,1,565.14,Lost,565.14
501777,2025-01-31,10264,Baby Wipes,Baby Care,1,184.39,Lost,184.39
501777,2025-01-31,10264,Baby Lotion,Baby Care,2,231.08,Lost,462.16
502094,2025-01-31,10315,Novel,Books,1,250.44,At Risk,250.44
502094,2025-01-31,10315,Exam Guide,Books,2,410.84,At Risk,821.68
502143,2025-01-31,10321,Novel,Books,1,252.94,At Risk,252.94
502143,2025-01-31,10321,Exam Guide,Books,1,438.28,At Risk,438.28
500137,2025-02-01,10021,Novel,Books,2,216.66,Champions,433.32
500137,2025-02-01,10021,Exam Guide,Books,2,398.46,Champions,796.92
500137,2025-02-01,10021,Highlighter,Stationery,1,75.42,Champions,75.42
500346,2025-02-01,10053,Coffee Powder,Grocery,1,172.35,Lost,172.35
500346,2025-02-01,10053,Sugar,Grocery,1,53.56,Lost,53.56
500346,2025-02-01,10053,Milk,Grocery,3,31.9,Lost,95.7
500346,2025-02-01,10053,Exam Guide,Books,2,362.26,Lost,724.52
500795,2025-02-01,10116,Lunch Box,Lifestyle,1,377.24,Lost,377.24
500795,2025-02-01,10116,Water Bottle,Lifestyle,1,229.66,Lost,229.66
501218,2025-02-01,10179,Dog Food,Pet Care,2,714.36,Champions,1428.72
501218,2025-02-01,10179,Pet Shampoo,Pet Care,2,264.82,Champions,529.64
501334,2025-02-01,10201,Baby Diapers,Baby Care,1,504.99,Champions,504.99
501334,2025-02-01,10201,Baby Wipes,Baby Care,3,166.3,Champions,498.9
501334,2025-02-01,10201,Baby Lotion,Baby Care,1,224.16,Champions,224.16
501658,2025-02-01,10244,Lunch Box,Lifestyle,2,373.43,Champions,746.86
501658,2025-02-01,10244,Water Bottle,Lifestyle,1,265.36,Champions,265.36
501895,2025-02-01,10285,Tea Pack,Grocery,1,123.35,Champions,123.35
501895,2025-02-01,10285,Sugar,Grocery,2,57.62,Champions,115.24
501895,2025-02-01,10285,Milk,Grocery,1,37.32,Champions,37.32
501949,2025-02-01,10293,Tea Pack,Grocery,1,130.33,Loyal,130.33
501949,2025-02-01,10293,Sugar,Grocery,1,53.66,Loyal,53.66
501949,2025-02-01,10293,Milk,Grocery,1,36.05,Loyal,36.05
502163,2025-02-01,10323,Phone Case,Tech,1,309.17,Loyal,309.17
502163,2025-02-01,10323,Screen Guard,Tech,1,202.33,Loyal,202.33
502163,2025-02-01,10323,USB Cable,Tech,1,161.36,Loyal,161.36
502163,2025-02-01,10323,Protein Bar,Fitness,2,91.85,Loyal,183.7
502211,2025-02-01,10330,Bread,Grocery,1,50.27,Loyal,50.27
502211,2025-02-01,10330,Butter,Grocery,2,95.84,Loyal,191.68
502211,2025-02-01,10330,Jam,Grocery,2,106.2,Loyal,212.4
502211,2025-02-01,10330,Baby Wipes,Baby Care,1,176.91,Loyal,176.91
502283,2025-02-01,10337,Novel,Books,2,258.09,At Risk,516.18
502283,2025-02-01,10337,Exam Guide,Books,1,460.39,At Risk,460.39
502283,2025-02-01,10337,Highlighter,Stationery,1,68.52,At Risk,68.52
500077,2025-02-02,10010,Phone Case,Tech,2,285.99,Champions,571.98
500077,2025-02-02,10010,Screen Guard,Tech,2,209.02,Champions,418.04
500077,2025-02-02,10010,USB Cable,Tech,1,173.33,Champions,173.33
500077,2025-02-02,10010,Water Bottle,Lifestyle,1,256.59,Champions,256.59
500411,2025-02-02,10061,Notebook,Stationery,1,56.3,Loyal,56.3
500411,2025-02-02,10061,Pen Pack,Stationery,3,41.15,Loyal,123.45
500411,2025-02-02,10061,Highlighter,Stationery,1,70.55,Loyal,70.55
500411,2025-02-02,10061,Dumbbell Pair,Fitness,2,1255.12,Loyal,2510.24
501019,2025-02-02,10151,Novel,Books,1,242.3,Loyal,242.3
501019,2025-02-02,10151,Exam Guide,Books,1,431.71,Loyal,431.71
501019,2025-02-02,10151,Highlighter,Stationery,1,71.77,Loyal,71.77
501124,2025-02-02,10167,Lunch Box,Lifestyle,1,361.05,Loyal,361.05
501124,2025-02-02,10167,Water Bottle,Lifestyle,1,229.97,Loyal,229.97
501124,2025-02-02,10167,Water Bottle,Lifestyle,1,278.62,Loyal,278.62
501297,2025-02-02,10192,Bread,Grocery,1,45.52,Lost,45.52
501297,2025-02-02,10192,Butter,Grocery,2,95.9,Lost,191.8
501297,2025-02-02,10192,Jam,Grocery,1,103.3,Lost,103.3
501391,2025-02-02,10207,Notebook,Stationery,1,65.82,At Risk,65.82
501391,2025-02-02,10207,Pen Pack,Stationery,1,39.76,At Risk,39.76
501391,2025-02-02,10207,Highlighter,Stationery,1,73.64,At Risk,73.64
501391,2025-02-02,10207,Milk,Grocery,2,31.43,At Risk,62.86
501397,2025-02-02,10208,Bread,Grocery,1,46.04,Champions,46.04
501397,2025-02-02,10208,Butter,Grocery,1,88.56,Champions,88.56
501397,2025-02-02,10208,Jam,Grocery,1,111.24,Champions,111.24
501556,2025-02-02,10227,Baby Diapers,Baby Care,2,609.17,Loyal,1218.34
501556,2025-02-02,10227,Baby Wipes,Baby Care,4,167.18,Loyal,668.72
501556,2025-02-02,10227,Baby Lotion,Baby Care,2,256.39,Loyal,512.78
501814,2025-02-02,10269,Coffee Powder,Grocery,1,195.91,Loyal,195.91
501814,2025-02-02,10269,Sugar,Grocery,1,54.39,Loyal,54.39
501814,2025-02-02,10269,Milk,Grocery,1,33.67,Loyal,33.67
501814,2025-02-02,10269,Butter,Grocery,1,86.02,Loyal,86.02
501848,2025-02-02,10278,Coffee Powder,Grocery,1,185.16,At Risk,185.16
501848,2025-02-02,10278,Sugar,Grocery,1,52.22,At Risk,52.22
501848,2025-02-02,10278,Milk,Grocery,1,33.24,At Risk,33.24
501848,2025-02-02,10278,Baby Wipes,Baby Care,1,187.77,At Risk,187.77
502284,2025-02-02,10337,Bread,Grocery,3,43.64,At Risk,130.92
502284,2025-02-02,10337,Butter,Grocery,1,98.34,At Risk,98.34
502284,2025-02-02,10337,Jam,Grocery,1,115.99,At Risk,115.99
502284,2025-02-02,10337,Notebook,Stationery,1,58.54,At Risk,58.54
500061,2025-02-03,10007,Novel,Books,1,251.85,Lost,251.85
500061,2025-02-03,10007,Exam Guide,Books,2,433.9,Lost,867.8
500191,2025-02-03,10030,Tea Pack,Grocery,1,115.64,At Risk,115.64
500191,2025-02-03,10030,Sugar,Grocery,2,56.64,At Risk,113.28
500191,2025-02-03,10030,Milk,Grocery,2,31.44,At Risk,62.88
500815,2025-02-03,10122,Baby Diapers,Baby Care,3,528.84,Loyal,1586.52
500815,2025-02-03,10122,Baby Wipes,Baby Care,1,163.86,Loyal,163.86
500815,2025-02-03,10122,Baby Lotion,Baby Care,1,229.94,Loyal,229.94
501125,2025-02-03,10167,Lunch Box,Lifestyle,2,353.25,Loyal,706.5
501125,2025-02-03,10167,Water Bottle,Lifestyle,2,254.34,Loyal,508.68
501378,2025-02-03,10206,Coffee Powder,Grocery,1,201.53,Champions,201.53
501378,2025-02-03,10206,Sugar,Grocery,4,54.76,Champions,219.04
501378,2025-02-03,10206,Milk,Grocery,1,33.37,Champions,33.37
501605,2025-02-03,10236,Phone Case,Tech,1,354.79,Loyal,354.79
501605,2025-02-03,10236,Screen Guard,Tech,1,218.72,Loyal,218.72
501605,2025-02-03,10236,USB Cable,Tech,1,173.09,Loyal,173.09
501703,2025-02-03,10252,Lunch Box,Lifestyle,1,373.26,Lost,373.26
501703,2025-02-03,10252,Water Bottle,Lifestyle,1,227.3,Lost,227.3
501703,2025-02-03,10252,Pet Shampoo,Pet Care,3,255.86,Lost,767.58
502156,2025-02-03,10322,Yoga Mat,Fitness,2,672.48,At Risk,1344.96
502156,2025-02-03,10322,Protein Bar,Fitness,1,92.49,At Risk,92.49
502156,2025-02-03,10322,Water Bottle,Lifestyle,2,238.85,At Risk,477.7
500329,2025-02-04,10049,Notebook,Stationery,1,59.29,Loyal,59.29
500329,2025-02-04,10049,Pen Pack,Stationery,2,38.07,Loyal,76.14
500329,2025-02-04,10049,Highlighter,Stationery,1,75.16,Loyal,75.16
500329,2025-02-04,10049,Bluetooth Earbuds,Tech,1,1513.34,Loyal,1513.34
500808,2025-02-04,10119,Dog Food,Pet Care,1,763.19,New,763.19
500808,2025-02-04,10119,Pet Shampoo,Pet Care,1,233.13,New,233.13
501526,2025-02-04,10223,Notebook,Stationery,1,62.14,Loyal,62.14
501526,2025-02-04,10223,Pen Pack,Stationery,3,38.64,Loyal,115.92
501526,2025-02-04,10223,Highlighter,Stationery,2,75.26,Loyal,150.52
501566,2025-02-04,10228,Novel,Books,1,263.67,Lost,263.67
501566,2025-02-04,10228,Exam Guide,Books,2,437.61,Lost,875.22
501985,2025-02-04,10298,Novel,Books,1,245.53,At Risk,245.53
501985,2025-02-04,10298,Exam Guide,Books,2,413.58,At Risk,827.16
502040,2025-02-04,10307,Baby Diapers,Baby Care,3,586.65,Loyal,1759.95
502040,2025-02-04,10307,Baby Wipes,Baby Care,1,176.44,Loyal,176.44
502040,2025-02-04,10307,Baby Lotion,Baby Care,1,257.18,Loyal,257.18
502040,2025-02-04,10307,Screen Guard,Tech,1,218.26,Loyal,218.26
502133,2025-02-04,10319,Yoga Mat,Fitness,1,671.27,Loyal,671.27
502133,2025-02-04,10319,Protein Bar,Fitness,1,87.03,Loyal,87.03
502133,2025-02-04,10319,Water Bottle,Lifestyle,1,267.15,Loyal,267.15
500095,2025-02-05,10014,Yoga Mat,Fitness,1,696.81,Loyal,696.81
500095,2025-02-05,10014,Protein Bar,Fitness,2,87.5,Loyal,175.0
500095,2025-02-05,10014,Water Bottle,Lifestyle,1,221.95,Loyal,221.95
500095,2025-02-05,10014,Dumbbell Pair,Fitness,3,1172.03,Loyal,3516.09
500149,2025-02-05,10022,Dog Food,Pet Care,1,731.31,Loyal,731.31
500149,2025-02-05,10022,Pet Shampoo,Pet Care,3,261.79,Loyal,785.37
500349,2025-02-05,10054,Notebook,Stationery,1,62.87,At Risk,62.87
500349,2025-02-05,10054,Pen Pack,Stationery,1,35.69,At Risk,35.69
500349,2025-02-05,10054,Highlighter,Stationery,2,71.18,At Risk,142.36
500349,2025-02-05,10054,Dog Food,Pet Care,3,759.59,At Risk,2278.77
500664,2025-02-05,10099,Notebook,Stationery,1,58.71,Champions,58.71
500664,2025-02-05,10099,Pen Pack,Stationery,2,39.86,Champions,79.72
500664,2025-02-05,10099,Highlighter,Stationery,1,72.96,Champions,72.96
501149,2025-02-05,10169,Coffee Powder,Grocery,1,182.11,At Risk,182.11
501149,2025-02-05,10169,Sugar,Grocery,1,56.47,At Risk,56.47
501149,2025-02-05,10169,Milk,Grocery,1,34.9,At Risk,34.9
501149,2025-02-05,10169,Notebook,Stationery,1,61.09,At Risk,61.09
502006,2025-02-05,10300,Lunch Box,Lifestyle,1,350.7,Champions,350.7
502006,2025-02-05,10300,Water Bottle,Lifestyle,4,253.26,Champions,1013.04
502006,2025-02-05,10300,Dog Food,Pet Care,1,804.71,Champions,804.71
500268,2025-02-06,10039,Baby Diapers,Baby Care,1,589.74,New,589.74
500268,2025-02-06,10039,Baby Wipes,Baby Care,1,175.72,New,175.72
500268,2025-02-06,10039,Baby Lotion,Baby Care,1,243.42,New,243.42
500402,2025-02-06,10060,Dog Food,Pet Care,1,778.05,Loyal,778.05
500402,2025-02-06,10060,Pet Shampoo,Pet Care,1,266.38,Loyal,266.38
501398,2025-02-06,10208,Baby Diapers,Baby Care,1,555.23,Champions,555.23
501398,2025-02-06,10208,Baby Wipes,Baby Care,2,197.96,Champions,395.92
501398,2025-02-06,10208,Baby Lotion,Baby Care,1,255.05,Champions,255.05
501748,2025-02-06,10260,Lunch Box,Lifestyle,1,386.22,At Risk,386.22
501748,2025-02-06,10260,Water Bottle,Lifestyle,1,283.93,At Risk,283.93
500157,2025-02-07,10023,Tea Pack,Grocery,1,121.97,Loyal,121.97
500157,2025-02-07,10023,Sugar,Grocery,1,50.55,Loyal,50.55
500157,2025-02-07,10023,Milk,Grocery,1,37.4,Loyal,37.4
501248,2025-02-07,10183,Dog Food,Pet Care,2,860.64,Lost,1721.28
501248,2025-02-07,10183,Pet Shampoo,Pet Care,1,237.79,Lost,237.79
501392,2025-02-07,10207,Coffee Powder,Grocery,1,195.9,At Risk,195.9
501392,2025-02-07,10207,Sugar,Grocery,2,53.85,At Risk,107.7
501392,2025-02-07,10207,Milk,Grocery,2,35.46,At Risk,70.92
501392,2025-02-07,10207,Baby Lotion,Baby Care,1,235.9,At Risk,235.9
501461,2025-02-07,10215,Tea Pack,Grocery,1,130.29,Loyal,130.29
501461,2025-02-07,10215,Sugar,Grocery,1,52.02,Loyal,52.02
501461,2025-02-07,10215,Milk,Grocery,1,32.14,Loyal,32.14
502325,2025-02-07,10344,Dog Food,Pet Care,2,721.53,Loyal,1443.06
502325,2025-02-07,10344,Pet Shampoo,Pet Care,3,250.18,Loyal,750.54
500494,2025-02-08,10074,Phone Case,Tech,2,303.16,At Risk,606.32
500494,2025-02-08,10074,Screen Guard,Tech,1,200.01,At Risk,200.01
500494,2025-02-08,10074,USB Cable,Tech,1,165.07,At Risk,165.07
500621,2025-02-08,10090,Lunch Box,Lifestyle,2,357.63,Champions,715.26
500621,2025-02-08,10090,Water Bottle,Lifestyle,2,246.2,Champions,492.4
500824,2025-02-08,10123,Coffee Powder,Grocery,2,184.12,Champions,368.24
500824,2025-02-08,10123,Sugar,Grocery,2,56.55,Champions,113.1
500824,2025-02-08,10123,Milk,Grocery,2,35.25,Champions,70.5
501186,2025-02-08,10175,Notebook,Stationery,2,55.11,Champions,110.22
501186,2025-02-08,10175,Pen Pack,Stationery,1,36.21,Champions,36.21
501186,2025-02-08,10175,Highlighter,Stationery,1,74.49,Champions,74.49
501704,2025-02-08,10252,Coffee Powder,Grocery,1,174.78,Lost,174.78
501704,2025-02-08,10252,Sugar,Grocery,1,59.36,Lost,59.36
501704,2025-02-08,10252,Milk,Grocery,2,34.24,Lost,68.48
501849,2025-02-08,10278,Phone Case,Tech,2,305.54,At Risk,611.08
501849,2025-02-08,10278,Screen Guard,Tech,1,199.86,At Risk,199.86
501849,2025-02-08,10278,USB Cable,Tech,1,175.18,At Risk,175.18
501908,2025-02-08,10288,Coffee Powder,Grocery,1,183.77,Loyal,183.77
501908,2025-02-08,10288,Sugar,Grocery,1,61.56,Loyal,61.56
501908,2025-02-08,10288,Milk,Grocery,1,36.28,Loyal,36.28
501986,2025-02-08,10298,Notebook,Stationery,1,60.39,At Risk,60.39
501986,2025-02-08,10298,Pen Pack,Stationery,1,32.34,At Risk,32.34
501986,2025-02-08,10298,Highlighter,Stationery,1,80.21,At Risk,80.21
500073,2025-02-09,10009,Phone Case,Tech,1,292.6,At Risk,292.6
500073,2025-02-09,10009,Screen Guard,Tech,2,206.87,At Risk,413.74
500073,2025-02-09,10009,USB Cable,Tech,1,177.02,At Risk,177.02
500183,2025-02-09,10029,Coffee Powder,Grocery,1,172.65,Champions,172.65
500183,2025-02-09,10029,Sugar,Grocery,1,48.8,Champions,48.8
500183,2025-02-09,10029,Milk,Grocery,1,33.33,Champions,33.33
500260,2025-02-09,10038,Lunch Box,Lifestyle,1,342.56,At Risk,342.56
500260,2025-02-09,10038,Water Bottle,Lifestyle,1,240.79,At Risk,240.79
500260,2025-02-09,10038,Bread,Grocery,1,50.89,At Risk,50.89
500435,2025-02-09,10065,Notebook,Stationery,1,59.54,New,59.54
500435,2025-02-09,10065,Pen Pack,Stationery,1,44.2,New,44.2
500435,2025-02-09,10065,Highlighter,Stationery,1,77.87,New,77.87
500708,2025-02-09,10104,Novel,Books,1,218.21,Lost,218.21
500708,2025-02-09,10104,Exam Guide,Books,1,439.57,Lost,439.57
500903,2025-02-09,10135,Coffee Powder,Grocery,2,200.6,Loyal,401.2
500903,2025-02-09,10135,Sugar,Grocery,2,56.55,Loyal,113.1
500903,2025-02-09,10135,Milk,Grocery,2,34.53,Loyal,69.06
500991,2025-02-09,10148,Baby Diapers,Baby Care,1,541.96,Champions,541.96
500991,2025-02-09,10148,Baby Wipes,Baby Care,3,175.87,Champions,527.61
500991,2025-02-09,10148,Baby Lotion,Baby Care,1,218.75,Champions,218.75
500991,2025-02-09,10148,Bluetooth Earbuds,Tech,1,1420.34,Champions,1420.34
501278,2025-02-09,10190,Coffee Powder,Grocery,2,170.13,Champions,340.26
501278,2025-02-09,10190,Sugar,Grocery,2,57.93,Champions,115.86
501278,2025-02-09,10190,Milk,Grocery,1,36.71,Champions,36.71
501432,2025-02-09,10212,Phone Case,Tech,3,307.4,At Risk,922.2
501432,2025-02-09,10212,Screen Guard,Tech,2,205.56,At Risk,411.12
501432,2025-02-09,10212,USB Cable,Tech,1,189.94,At Risk,189.94
501432,2025-02-09,10212,Exam Guide,Books,2,415.97,At Risk,831.94
501606,2025-02-09,10236,Lunch Box,Lifestyle,2,329.71,Loyal,659.42
501606,2025-02-09,10236,Water Bottle,Lifestyle,1,250.63,Loyal,250.63
501645,2025-02-09,10242,Yoga Mat,Fitness,2,619.65,Lost,1239.3
501645,2025-02-09,10242,Protein Bar,Fitness,1,87.79,Lost,87.79
501645,2025-02-09,10242,Water Bottle,Lifestyle,3,245.84,Lost,737.52
501786,2025-02-09,10266,Dog Food,Pet Care,1,863.16,At Risk,863.16
501786,2025-02-09,10266,Pet Shampoo,Pet Care,4,269.09,At Risk,1076.36
500107,2025-02-10,10016,Notebook,Stationery,1,62.19,Loyal,62.19
500107,2025-02-10,10016,Pen Pack,Stationery,2,41.26,Loyal,82.52
500107,2025-02-10,10016,Highlighter,Stationery,1,66.17,Loyal,66.17
500107,2025-02-10,10016,Highlighter,Stationery,1,72.46,Loyal,72.46
500235,2025-02-10,10036,Bread,Grocery,1,46.91,Loyal,46.91
500235,2025-02-10,10036,Butter,Grocery,2,90.9,Loyal,181.8
500235,2025-02-10,10036,Jam,Grocery,1,105.28,Loyal,105.28
500350,2025-02-10,10054,Baby Diapers,Baby Care,1,549.62,At Risk,549.62
500350,2025-02-10,10054,Baby Wipes,Baby Care,2,170.04,At Risk,340.08
500350,2025-02-10,10054,Baby Lotion,Baby Care,2,219.22,At Risk,438.44
500711,2025-02-10,10105,Dog Food,Pet Care,1,784.31,Loyal,784.31
500711,2025-02-10,10105,Pet Shampoo,Pet Care,2,271.77,Loyal,543.54
500711,2025-02-10,10105,Coffee Powder,Grocery,1,163.73,Loyal,163.73
500725,2025-02-10,10107,Novel,Books,1,248.73,At Risk,248.73
500725,2025-02-10,10107,Exam Guide,Books,1,403.55,At Risk,403.55
500742,2025-02-10,10109,Dog Food,Pet Care,1,825.15,Champions,825.15
500742,2025-02-10,10109,Pet Shampoo,Pet Care,1,263.89,Champions,263.89
500891,2025-02-10,10133,Baby Diapers,Baby Care,2,565.1,Loyal,1130.2
500891,2025-02-10,10133,Baby Wipes,Baby Care,1,169.86,Loyal,169.86
500891,2025-02-10,10133,Baby Lotion,Baby Care,2,216.36,Loyal,432.72
501106,2025-02-10,10164,Bread,Grocery,1,46.75,Champions,46.75
501106,2025-02-10,10164,Butter,Grocery,1,92.57,Champions,92.57
501106,2025-02-10,10164,Jam,Grocery,1,115.38,Champions,115.38
501106,2025-02-10,10164,Yoga Mat,Fitness,1,606.51,Champions,606.51
501557,2025-02-10,10227,Bread,Grocery,1,45.27,Loyal,45.27
501557,2025-02-10,10227,Butter,Grocery,1,85.13,Loyal,85.13
501557,2025-02-10,10227,Jam,Grocery,2,103.27,Loyal,206.54
501557,2025-02-10,10227,Exam Guide,Books,1,388.67,Loyal,388.67
501835,2025-02-10,10276,Notebook,Stationery,2,62.26,Lost,124.52
501835,2025-02-10,10276,Pen Pack,Stationery,1,43.05,Lost,43.05
501835,2025-02-10,10276,Highlighter,Stationery,1,73.82,Lost,73.82
501835,2025-02-10,10276,Baby Wipes,Baby Care,1,167.51,Lost,167.51
500377,2025-02-11,10058,Baby Diapers,Baby Care,3,564.58,Champions,1693.74
500377,2025-02-11,10058,Baby Wipes,Baby Care,2,197.57,Champions,395.14
500377,2025-02-11,10058,Baby Lotion,Baby Care,1,221.81,Champions,221.81
500665,2025-02-11,10099,Phone Case,Tech,1,289.4,Champions,289.4
500665,2025-02-11,10099,Screen Guard,Tech,1,179.28,Champions,179.28
500665,2025-02-11,10099,USB Cable,Tech,1,188.04,Champions,188.04
501252,2025-02-11,10184,Dog Food,Pet Care,1,828.85,Loyal,828.85
501252,2025-02-11,10184,Pet Shampoo,Pet Care,1,270.88,Loyal,270.88
501308,2025-02-11,10195,Notebook,Stationery,2,64.87,Loyal,129.74
501308,2025-02-11,10195,Pen Pack,Stationery,2,40.32,Loyal,80.64
501308,2025-02-11,10195,Highlighter,Stationery,2,68.34,Loyal,136.68
501407,2025-02-11,10209,Baby Diapers,Baby Care,1,523.32,Champions,523.32
501407,2025-02-11,10209,Baby Wipes,Baby Care,1,180.92,Champions,180.92
501407,2025-02-11,10209,Baby Lotion,Baby Care,1,254.7,Champions,254.7
501815,2025-02-11,10269,Novel,Books,1,263.82,Loyal,263.82
501815,2025-02-11,10269,Exam Guide,Books,2,393.14,Loyal,786.28
501815,2025-02-11,10269,Tea Pack,Grocery,1,106.58,Loyal,106.58
502041,2025-02-11,10307,Coffee Powder,Grocery,1,167.74,Loyal,167.74
502041,2025-02-11,10307,Sugar,Grocery,1,54.26,Loyal,54.26
502041,2025-02-11,10307,Milk,Grocery,1,35.77,Loyal,35.77
502047,2025-02-11,10309,Phone Case,Tech,2,312.15,Loyal,624.3
502047,2025-02-11,10309,Screen Guard,Tech,1,169.85,Loyal,169.85
502047,2025-02-11,10309,USB Cable,Tech,1,187.21,Loyal,187.21
502103,2025-02-11,10316,Tea Pack,Grocery,1,120.13,Loyal,120.13
502103,2025-02-11,10316,Sugar,Grocery,2,55.77,Loyal,111.54
502103,2025-02-11,10316,Milk,Grocery,1,36.53,Loyal,36.53
502103,2025-02-11,10316,Pen Pack,Stationery,1,40.3,Loyal,40.3
502339,2025-02-11,10346,Baby Diapers,Baby Care,1,497.53,At Risk,497.53
502339,2025-02-11,10346,Baby Wipes,Baby Care,1,182.28,At Risk,182.28
502339,2025-02-11,10346,Baby Lotion,Baby Care,4,255.29,At Risk,1021.16
502339,2025-02-11,10346,Dog Food,Pet Care,1,751.8,At Risk,751.8
500421,2025-02-12,10062,Bread,Grocery,1,45.86,Lost,45.86
500421,2025-02-12,10062,Butter,Grocery,1,95.88,Lost,95.88
500421,2025-02-12,10062,Jam,Grocery,1,112.32,Lost,112.32
500449,2025-02-12,10067,Baby Diapers,Baby Care,2,565.16,Lost,1130.32
500449,2025-02-12,10067,Baby Wipes,Baby Care,1,186.13,Lost,186.13
500449,2025-02-12,10067,Baby Lotion,Baby Care,2,254.32,Lost,508.64
500449,2025-02-12,10067,Baby Lotion,Baby Care,1,210.65,Lost,210.65
500574,2025-02-12,10083,Coffee Powder,Grocery,1,195.56,Champions,195.56
500574,2025-02-12,10083,Sugar,Grocery,1,46.69,Champions,46.69
500574,2025-02-12,10083,Milk,Grocery,1,35.65,Champions,35.65
500574,2025-02-12,10083,Milk,Grocery,1,38.18,Champions,38.18
500757,2025-02-12,10110,Phone Case,Tech,2,293.08,Loyal,586.16
500757,2025-02-12,10110,Screen Guard,Tech,2,200.85,Loyal,401.7
500757,2025-02-12,10110,USB Cable,Tech,2,200.91,Loyal,401.82
500878,2025-02-12,10132,Baby Diapers,Baby Care,1,543.53,Champions,543.53
500878,2025-02-12,10132,Baby Wipes,Baby Care,2,194.74,Champions,389.48
500878,2025-02-12,10132,Baby Lotion,Baby Care,4,264.25,Champions,1057.0
500992,2025-02-12,10148,Tea Pack,Grocery,2,124.16,Champions,248.32
500992,2025-02-12,10148,Sugar,Grocery,1,56.62,Champions,56.62
500992,2025-02-12,10148,Milk,Grocery,1,35.07,Champions,35.07
501235,2025-02-12,10181,Novel,Books,1,260.31,Champions,260.31
501235,2025-02-12,10181,Exam Guide,Books,4,413.62,Champions,1654.48
501454,2025-02-12,10214,Dog Food,Pet Care,2,735.62,At Risk,1471.24
501454,2025-02-12,10214,Pet Shampoo,Pet Care,1,241.11,At Risk,241.11
501454,2025-02-12,10214,Bread,Grocery,1,44.5,At Risk,44.5
501876,2025-02-12,10283,Novel,Books,1,252.28,Champions,252.28
501876,2025-02-12,10283,Exam Guide,Books,1,413.92,Champions,413.92
501876,2025-02-12,10283,Tea Pack,Grocery,3,112.87,Champions,338.61
501987,2025-02-12,10298,Yoga Mat,Fitness,1,614.08,At Risk,614.08
501987,2025-02-12,10298,Protein Bar,Fitness,2,96.13,At Risk,192.26
501987,2025-02-12,10298,Water Bottle,Lifestyle,1,283.84,At Risk,283.84
502048,2025-02-12,10309,Notebook,Stationery,1,56.71,Loyal,56.71
502048,2025-02-12,10309,Pen Pack,Stationery,1,39.77,Loyal,39.77
502048,2025-02-12,10309,Highlighter,Stationery,2,78.99,Loyal,157.98
502259,2025-02-12,10334,Phone Case,Tech,1,307.62,Champions,307.62
502259,2025-02-12,10334,Screen Guard,Tech,1,186.56,Champions,186.56
502259,2025-02-12,10334,USB Cable,Tech,2,177.23,Champions,354.46
502259,2025-02-12,10334,Baby Lotion,Baby Care,1,244.75,Champions,244.75
502310,2025-02-12,10341,Phone Case,Tech,4,295.0,New,1180.0
502310,2025-02-12,10341,Screen Guard,Tech,1,190.61,New,190.61
502310,2025-02-12,10341,USB Cable,Tech,1,176.21,New,176.21
502310,2025-02-12,10341,Baby Lotion,Baby Care,1,242.99,New,242.99
500012,2025-02-13,10002,Dog Food,Pet Care,2,769.59,At Risk,1539.18
500012,2025-02-13,10002,Pet Shampoo,Pet Care,1,274.82,At Risk,274.82
500012,2025-02-13,10002,Jam,Grocery,1,113.56,At Risk,113.56
500535,2025-02-13,10079,Phone Case,Tech,1,292.62,Champions,292.62
500535,2025-02-13,10079,Screen Guard,Tech,2,170.31,Champions,340.62
500535,2025-02-13,10079,USB Cable,Tech,1,184.79,Champions,184.79
500865,2025-02-13,10130,Coffee Powder,Grocery,1,192.63,Loyal,192.63
500865,2025-02-13,10130,Sugar,Grocery,2,57.5,Loyal,115.0
500865,2025-02-13,10130,Milk,Grocery,1,31.29,Loyal,31.29
500865,2025-02-13,10130,Dumbbell Pair,Fitness,2,1161.75,Loyal,2323.5
501545,2025-02-13,10225,Lunch Box,Lifestyle,1,308.2,Loyal,308.2
501545,2025-02-13,10225,Water Bottle,Lifestyle,4,275.62,Loyal,1102.48
502076,2025-02-13,10312,Novel,Books,1,259.37,Champions,259.37
502076,2025-02-13,10312,Exam Guide,Books,1,388.09,Champions,388.09
502076,2025-02-13,10312,Lunch Box,Lifestyle,1,357.2,Champions,357.2
502314,2025-02-13,10342,Yoga Mat,Fitness,1,632.91,Champions,632.91
502314,2025-02-13,10342,Protein Bar,Fitness,2,83.65,Champions,167.3
502314,2025-02-13,10342,Water Bottle,Lifestyle,1,239.91,Champions,239.91
502314,2025-02-13,10342,Water Bottle,Lifestyle,1,278.73,Champions,278.73
500203,2025-02-14,10031,Tea Pack,Grocery,1,123.16,Champions,123.16
500203,2025-02-14,10031,Sugar,Grocery,2,50.48,Champions,100.96
500203,2025-02-14,10031,Milk,Grocery,2,37.24,Champions,74.48
500203,2025-02-14,10031,Notebook,Stationery,1,59.07,Champions,59.07
501155,2025-02-14,10170,Baby Diapers,Baby Care,1,597.92,At Risk,597.92
501155,2025-02-14,10170,Baby Wipes,Baby Care,1,174.42,At Risk,174.42
501155,2025-02-14,10170,Baby Lotion,Baby Care,1,230.0,At Risk,230.0
501155,2025-02-14,10170,Pet Shampoo,Pet Care,1,254.13,At Risk,254.13
501236,2025-02-14,10181,Coffee Powder,Grocery,1,168.4,Champions,168.4
501236,2025-02-14,10181,Sugar,Grocery,1,53.96,Champions,53.96
501236,2025-02-14,10181,Milk,Grocery,4,34.96,Champions,139.84
501236,2025-02-14,10181,Novel,Books,1,255.19,Champions,255.19
501473,2025-02-14,10216,Dog Food,Pet Care,1,778.61,Loyal,778.61
501473,2025-02-14,10216,Pet Shampoo,Pet Care,1,241.57,Loyal,241.57
501620,2025-02-14,10238,Novel,Books,2,252.86,At Risk,505.72
501620,2025-02-14,10238,Exam Guide,Books,1,409.19,At Risk,409.19
502046,2025-02-14,10308,Yoga Mat,Fitness,1,711.36,Lost,711.36
502046,2025-02-14,10308,Protein Bar,Fitness,1,96.27,Lost,96.27
502046,2025-02-14,10308,Water Bottle,Lifestyle,1,234.77,Lost,234.77
502382,2025-02-14,10289,Bluetooth Earbuds,Tech,35,1551.85,Synthetic anomaly,54314.75
500204,2025-02-15,10031,Notebook,Stationery,4,64.57,Champions,258.28
500204,2025-02-15,10031,Pen Pack,Stationery,1,41.18,Champions,41.18
500204,2025-02-15,10031,Highlighter,Stationery,1,69.5,Champions,69.5
500338,2025-02-15,10050,Notebook,Stationery,3,62.78,High Value Rare,188.34
500338,2025-02-15,10050,Pen Pack,Stationery,4,37.48,High Value Rare,149.92
500338,2025-02-15,10050,Highlighter,Stationery,3,73.47,High Value Rare,220.41
500338,2025-02-15,10050,Notebook,Stationery,1,59.19,High Value Rare,59.19
500553,2025-02-15,10081,Dog Food,Pet Care,2,761.08,At Risk,1522.16
500553,2025-02-15,10081,Pet Shampoo,Pet Care,1,257.26,At Risk,257.26
500553,2025-02-15,10081,Pen Pack,Stationery,1,41.27,At Risk,41.27
500655,2025-02-15,10098,Lunch Box,Lifestyle,1,380.97,Champions,380.97
500655,2025-02-15,10098,Water Bottle,Lifestyle,2,246.91,Champions,493.82
500655,2025-02-15,10098,Yoga Mat,Fitness,1,690.4,Champions,690.4
501659,2025-02-15,10244,Yoga Mat,Fitness,1,593.58,Champions,593.58
501659,2025-02-15,10244,Protein Bar,Fitness,1,90.7,Champions,90.7
501659,2025-02-15,10244,Water Bottle,Lifestyle,1,269.18,Champions,269.18
501950,2025-02-15,10293,Coffee Powder,Grocery,1,202.61,Loyal,202.61
501950,2025-02-15,10293,Sugar,Grocery,1,55.48,Loyal,55.48
501950,2025-02-15,10293,Milk,Grocery,1,33.8,Loyal,33.8
502200,2025-02-15,10329,Phone Case,Tech,1,310.2,Loyal,310.2
502200,2025-02-15,10329,Screen Guard,Tech,1,184.58,Loyal,184.58
502200,2025-02-15,10329,USB Cable,Tech,3,183.16,Loyal,549.48
500179,2025-02-16,10028,Phone Case,Tech,1,306.35,At Risk,306.35
500179,2025-02-16,10028,Screen Guard,Tech,1,202.25,At Risk,202.25
500179,2025-02-16,10028,USB Cable,Tech,1,170.29,At Risk,170.29
500179,2025-02-16,10028,Dog Food,Pet Care,1,735.79,At Risk,735.79
500245,2025-02-16,10037,Notebook,Stationery,1,60.21,Champions,60.21
500245,2025-02-16,10037,Pen Pack,Stationery,1,39.86,Champions,39.86
500245,2025-02-16,10037,Highlighter,Stationery,1,80.08,Champions,80.08
500392,2025-02-16,10059,Tea Pack,Grocery,1,114.0,Loyal,114.0
500392,2025-02-16,10059,Sugar,Grocery,3,58.52,Loyal,175.56
500392,2025-02-16,10059,Milk,Grocery,2,32.47,Loyal,64.94
500743,2025-02-16,10109,Yoga Mat,Fitness,1,612.78,Champions,612.78
500743,2025-02-16,10109,Protein Bar,Fitness,1,95.22,Champions,95.22
500743,2025-02-16,10109,Water Bottle,Lifestyle,2,261.87,Champions,523.74
500743,2025-02-16,10109,Exam Guide,Books,1,431.25,Champions,431.25
501007,2025-02-16,10149,Dog Food,Pet Care,1,820.76,Loyal,820.76
501007,2025-02-16,10149,Pet Shampoo,Pet Care,2,267.56,Loyal,535.12
501007,2025-02-16,10149,Pet Shampoo,Pet Care,3,264.17,Loyal,792.51
501206,2025-02-16,10177,Novel,Books,1,252.98,Loyal,252.98
501206,2025-02-16,10177,Exam Guide,Books,1,384.95,Loyal,384.95
501335,2025-02-16,10201,Lunch Box,Lifestyle,1,308.58,Champions,308.58
501335,2025-02-16,10201,Water Bottle,Lifestyle,1,249.83,Champions,249.83
501621,2025-02-16,10238,Tea Pack,Grocery,1,122.65,At Risk,122.65
501621,2025-02-16,10238,Sugar,Grocery,1,52.63,At Risk,52.63
501621,2025-02-16,10238,Milk,Grocery,4,35.33,At Risk,141.32
501795,2025-02-16,10267,Tea Pack,Grocery,1,125.6,At Risk,125.6
501795,2025-02-16,10267,Sugar,Grocery,2,50.18,At Risk,100.36
501795,2025-02-16,10267,Milk,Grocery,1,31.83,At Risk,31.83
502090,2025-02-16,10313,Yoga Mat,Fitness,1,635.9,High Value Rare,635.9
502090,2025-02-16,10313,Protein Bar,Fitness,2,89.86,High Value Rare,179.72
502090,2025-02-16,10313,Water Bottle,Lifestyle,2,234.81,High Value Rare,469.62
502090,2025-02-16,10313,Butter,Grocery,1,102.81,High Value Rare,102.81
502123,2025-02-16,10318,Lunch Box,Lifestyle,1,362.94,Champions,362.94
502123,2025-02-16,10318,Water Bottle,Lifestyle,1,267.92,Champions,267.92
502164,2025-02-16,10323,Phone Case,Tech,1,324.62,Loyal,324.62
502164,2025-02-16,10323,Screen Guard,Tech,3,194.75,Loyal,584.25
502164,2025-02-16,10323,USB Cable,Tech,4,170.08,Loyal,680.32
502201,2025-02-16,10329,Dog Food,Pet Care,1,742.42,Loyal,742.42
502201,2025-02-16,10329,Pet Shampoo,Pet Care,1,250.74,Loyal,250.74
502201,2025-02-16,10329,Exam Guide,Books,4,447.14,Loyal,1788.56
502219,2025-02-16,10331,Baby Diapers,Baby Care,1,558.02,At Risk,558.02
502219,2025-02-16,10331,Baby Wipes,Baby Care,1,173.5,At Risk,173.5
502219,2025-02-16,10331,Baby Lotion,Baby Care,1,245.84,At Risk,245.84
500025,2025-02-17,10004,Dog Food,Pet Care,2,691.43,Champions,1382.86
500025,2025-02-17,10004,Pet Shampoo,Pet Care,1,269.36,Champions,269.36
500025,2025-02-17,10004,Lunch Box,Lifestyle,1,332.99,Champions,332.99
501091,2025-02-17,10162,Coffee Powder,Grocery,2,182.51,At Risk,365.02
501091,2025-02-17,10162,Sugar,Grocery,1,55.14,At Risk,55.14
501091,2025-02-17,10162,Milk,Grocery,3,39.22,At Risk,117.66
501266,2025-02-17,10189,Baby Diapers,Baby Care,3,518.03,Loyal,1554.09
501266,2025-02-17,10189,Baby Wipes,Baby Care,2,174.26,Loyal,348.52
501266,2025-02-17,10189,Baby Lotion,Baby Care,1,245.04,Loyal,245.04
501266,2025-02-17,10189,Baby Lotion,Baby Care,1,257.91,Loyal,257.91
501321,2025-02-17,10197,Coffee Powder,Grocery,3,184.5,Lost,553.5
501321,2025-02-17,10197,Sugar,Grocery,3,55.23,Lost,165.69
501321,2025-02-17,10197,Milk,Grocery,1,32.87,Lost,32.87
501321,2025-02-17,10197,Protein Bar,Fitness,1,90.32,Lost,90.32
501660,2025-02-17,10244,Tea Pack,Grocery,1,117.8,Champions,117.8
501660,2025-02-17,10244,Sugar,Grocery,1,62.47,Champions,62.47
501660,2025-02-17,10244,Milk,Grocery,2,37.87,Champions,75.74
501660,2025-02-17,10244,Phone Case,Tech,2,282.79,Champions,565.58
501836,2025-02-17,10276,Lunch Box,Lifestyle,1,314.98,Lost,314.98
501836,2025-02-17,10276,Water Bottle,Lifestyle,1,276.56,Lost,276.56
501988,2025-02-17,10298,Lunch Box,Lifestyle,1,353.93,At Risk,353.93
501988,2025-02-17,10298,Water Bottle,Lifestyle,1,264.31,At Risk,264.31
501988,2025-02-17,10298,Bread,Grocery,1,48.29,At Risk,48.29
500246,2025-02-18,10037,Lunch Box,Lifestyle,1,330.57,Champions,330.57
500246,2025-02-18,10037,Water Bottle,Lifestyle,2,243.25,Champions,486.5
500491,2025-02-18,10073,Coffee Powder,Grocery,1,177.45,Lost,177.45
500491,2025-02-18,10073,Sugar,Grocery,1,48.09,Lost,48.09
500491,2025-02-18,10073,Milk,Grocery,1,35.43,Lost,35.43
500785,2025-02-18,10114,Tea Pack,Grocery,3,121.98,At Risk,365.94
500785,2025-02-18,10114,Sugar,Grocery,1,56.96,At Risk,56.96
500785,2025-02-18,10114,Milk,Grocery,1,34.77,At Risk,34.77
500825,2025-02-18,10123,Novel,Books,1,260.18,Champions,260.18
500825,2025-02-18,10123,Exam Guide,Books,2,409.05,Champions,818.1
500849,2025-02-18,10128,Tea Pack,Grocery,1,111.58,Champions,111.58
500849,2025-02-18,10128,Sugar,Grocery,1,56.13,Champions,56.13
500849,2025-02-18,10128,Milk,Grocery,2,33.09,Champions,66.18
500849,2025-02-18,10128,Baby Diapers,Baby Care,1,548.48,Champions,548.48
501075,2025-02-18,10160,Baby Diapers,Baby Care,1,555.77,Loyal,555.77
501075,2025-02-18,10160,Baby Wipes,Baby Care,2,148.76,Loyal,297.52
501075,2025-02-18,10160,Baby Lotion,Baby Care,1,210.76,Loyal,210.76
501075,2025-02-18,10160,Notebook,Stationery,2,64.09,Loyal,128.18
501279,2025-02-18,10190,Coffee Powder,Grocery,1,169.19,Champions,169.19
501279,2025-02-18,10190,Sugar,Grocery,1,51.06,Champions,51.06
501279,2025-02-18,10190,Milk,Grocery,1,35.86,Champions,35.86
501279,2025-02-18,10190,Lunch Box,Lifestyle,1,372.18,Champions,372.18
502220,2025-02-18,10331,Notebook,Stationery,1,58.92,At Risk,58.92
502220,2025-02-18,10331,Pen Pack,Stationery,1,42.08,At Risk,42.08
502220,2025-02-18,10331,Highlighter,Stationery,1,74.94,At Risk,74.94
500393,2025-02-19,10059,Baby Diapers,Baby Care,1,517.33,Loyal,517.33
500393,2025-02-19,10059,Baby Wipes,Baby Care,1,180.84,Loyal,180.84
500393,2025-02-19,10059,Baby Lotion,Baby Care,1,262.23,Loyal,262.23
500431,2025-02-19,10064,Yoga Mat,Fitness,1,631.39,Loyal,631.39
500431,2025-02-19,10064,Protein Bar,Fitness,2,88.53,Loyal,177.06
500431,2025-02-19,10064,Water Bottle,Lifestyle,2,248.62,Loyal,497.24
500933,2025-02-19,10140,Notebook,Stationery,1,55.84,High Value Rare,55.84
500933,2025-02-19,10140,Pen Pack,Stationery,1,40.6,High Value Rare,40.6
500933,2025-02-19,10140,Highlighter,Stationery,1,70.64,High Value Rare,70.64
500933,2025-02-19,10140,Yoga Mat,Fitness,1,647.77,High Value Rare,647.77
501581,2025-02-19,10233,Coffee Powder,Grocery,1,190.08,New,190.08
501581,2025-02-19,10233,Sugar,Grocery,2,63.76,New,127.52
501581,2025-02-19,10233,Milk,Grocery,1,35.92,New,35.92
501581,2025-02-19,10233,Yoga Mat,Fitness,1,620.38,New,620.38
500158,2025-02-20,10023,Phone Case,Tech,1,317.27,Loyal,317.27
500158,2025-02-20,10023,Screen Guard,Tech,1,179.95,Loyal,179.95
500158,2025-02-20,10023,USB Cable,Tech,1,157.98,Loyal,157.98
500351,2025-02-20,10054,Baby Diapers,Baby Care,2,522.84,At Risk,1045.68
500351,2025-02-20,10054,Baby Wipes,Baby Care,1,187.04,At Risk,187.04
500351,2025-02-20,10054,Baby Lotion,Baby Care,2,206.43,At Risk,412.86
500561,2025-02-20,10082,Lunch Box,Lifestyle,1,375.82,Loyal,375.82
500561,2025-02-20,10082,Water Bottle,Lifestyle,1,235.89,Loyal,235.89
500696,2025-02-20,10101,Phone Case,Tech,2,275.74,At Risk,551.48
500696,2025-02-20,10101,Screen Guard,Tech,2,204.6,At Risk,409.2
500696,2025-02-20,10101,USB Cable,Tech,1,184.05,At Risk,184.05
500959,2025-02-20,10144,Bread,Grocery,1,48.75,Loyal,48.75
500959,2025-02-20,10144,Butter,Grocery,1,89.67,Loyal,89.67
500959,2025-02-20,10144,Jam,Grocery,2,111.79,Loyal,223.58
501187,2025-02-20,10175,Dog Food,Pet Care,2,770.6,Champions,1541.2
501187,2025-02-20,10175,Pet Shampoo,Pet Care,2,242.67,Champions,485.34
501433,2025-02-20,10212,Baby Diapers,Baby Care,1,571.03,At Risk,571.03
501433,2025-02-20,10212,Baby Wipes,Baby Care,1,189.53,At Risk,189.53
501433,2025-02-20,10212,Baby Lotion,Baby Care,2,248.44,At Risk,496.88
501433,2025-02-20,10212,Phone Case,Tech,1,284.51,At Risk,284.51
501917,2025-02-20,10289,Lunch Box,Lifestyle,1,331.68,At Risk,331.68
501917,2025-02-20,10289,Water Bottle,Lifestyle,3,250.28,At Risk,750.84
501974,2025-02-20,10297,Novel,Books,2,267.67,Loyal,535.34
501974,2025-02-20,10297,Exam Guide,Books,1,441.39,Loyal,441.39
500048,2025-02-21,10006,Novel,Books,4,234.13,Champions,936.52
500048,2025-02-21,10006,Exam Guide,Books,2,418.97,Champions,837.94
500168,2025-02-21,10026,Phone Case,Tech,1,310.44,Loyal,310.44
500168,2025-02-21,10026,Screen Guard,Tech,1,207.23,Loyal,207.23
500168,2025-02-21,10026,USB Cable,Tech,1,184.57,Loyal,184.57
500605,2025-02-21,10087,Tea Pack,Grocery,2,117.65,At Risk,235.3
500605,2025-02-21,10087,Sugar,Grocery,1,54.79,At Risk,54.79
500605,2025-02-21,10087,Milk,Grocery,2,34.56,At Risk,69.12
500971,2025-02-21,10145,Phone Case,Tech,2,313.08,Champions,626.16
500971,2025-02-21,10145,Screen Guard,Tech,1,185.37,Champions,185.37
500971,2025-02-21,10145,USB Cable,Tech,1,184.52,Champions,184.52
501805,2025-02-21,10268,Yoga Mat,Fitness,1,670.03,Loyal,670.03
501805,2025-02-21,10268,Protein Bar,Fitness,2,89.27,Loyal,178.54
501805,2025-02-21,10268,Water Bottle,Lifestyle,2,234.59,Loyal,469.18
501861,2025-02-21,10281,Coffee Powder,Grocery,1,175.29,Loyal,175.29
501861,2025-02-21,10281,Sugar,Grocery,2,60.14,Loyal,120.28
501861,2025-02-21,10281,Milk,Grocery,1,34.58,Loyal,34.58
502182,2025-02-21,10327,Bread,Grocery,2,47.12,At Risk,94.24
502182,2025-02-21,10327,Butter,Grocery,2,96.5,At Risk,193.0
502182,2025-02-21,10327,Jam,Grocery,2,104.86,At Risk,209.72
502182,2025-02-21,10327,Novel,Books,1,265.65,At Risk,265.65
500274,2025-02-22,10040,Lunch Box,Lifestyle,4,345.61,Champions,1382.44
500274,2025-02-22,10040,Water Bottle,Lifestyle,1,276.55,Champions,276.55
500313,2025-02-22,10045,Tea Pack,Grocery,1,122.66,At Risk,122.66
500313,2025-02-22,10045,Sugar,Grocery,2,49.36,At Risk,98.72
500313,2025-02-22,10045,Milk,Grocery,4,36.85,At Risk,147.4
500313,2025-02-22,10045,Tea Pack,Grocery,2,123.72,At Risk,247.44
500438,2025-02-22,10066,Bread,Grocery,1,51.44,Champions,51.44
500438,2025-02-22,10066,Butter,Grocery,2,100.72,Champions,201.44
500438,2025-02-22,10066,Jam,Grocery,1,118.35,Champions,118.35
500656,2025-02-22,10098,Tea Pack,Grocery,1,121.59,Champions,121.59
500656,2025-02-22,10098,Sugar,Grocery,2,50.07,Champions,100.14
500656,2025-02-22,10098,Milk,Grocery,2,34.48,Champions,68.96
500656,2025-02-22,10098,Dog Food,Pet Care,1,845.9,Champions,845.9
500946,2025-02-22,10142,Coffee Powder,Grocery,1,166.46,New,166.46
500946,2025-02-22,10142,Sugar,Grocery,1,53.25,New,53.25
500946,2025-02-22,10142,Milk,Grocery,1,31.49,New,31.49
501076,2025-02-22,10160,Lunch Box,Lifestyle,1,381.21,Loyal,381.21
501076,2025-02-22,10160,Water Bottle,Lifestyle,1,246.97,Loyal,246.97
501443,2025-02-22,10213,Dog Food,Pet Care,1,794.24,Loyal,794.24
501443,2025-02-22,10213,Pet Shampoo,Pet Care,1,240.57,Loyal,240.57
501455,2025-02-22,10214,Lunch Box,Lifestyle,1,365.71,At Risk,365.71
501455,2025-02-22,10214,Water Bottle,Lifestyle,1,248.08,At Risk,248.08
501474,2025-02-22,10216,Lunch Box,Lifestyle,2,341.49,Loyal,682.98
501474,2025-02-22,10216,Water Bottle,Lifestyle,1,249.94,Loyal,249.94
501474,2025-02-22,10216,Bluetooth Earbuds,Tech,2,1628.23,Loyal,3256.46
501558,2025-02-22,10227,Baby Diapers,Baby Care,1,592.95,Loyal,592.95
501558,2025-02-22,10227,Baby Wipes,Baby Care,4,173.42,Loyal,693.68
501558,2025-02-22,10227,Baby Lotion,Baby Care,1,223.25,Loyal,223.25
501558,2025-02-22,10227,Phone Case,Tech,1,307.35,Loyal,307.35
501567,2025-02-22,10228,Bread,Grocery,1,44.33,Lost,44.33
501567,2025-02-22,10228,Butter,Grocery,1,105.65,Lost,105.65
501567,2025-02-22,10228,Jam,Grocery,1,107.61,Lost,107.61
501749,2025-02-22,10260,Dog Food,Pet Care,1,703.46,At Risk,703.46
501749,2025-02-22,10260,Pet Shampoo,Pet Care,1,236.97,At Risk,236.97
501857,2025-02-22,10279,Novel,Books,1,227.13,Lost,227.13
501857,2025-02-22,10279,Exam Guide,Books,1,436.84,Lost,436.84
501857,2025-02-22,10279,Notebook,Stationery,2,58.72,Lost,117.44
502340,2025-02-22,10346,Coffee Powder,Grocery,1,180.72,At Risk,180.72
502340,2025-02-22,10346,Sugar,Grocery,1,50.09,At Risk,50.09
502340,2025-02-22,10346,Milk,Grocery,1,33.73,At Risk,33.73
502340,2025-02-22,10346,Phone Case,Tech,1,296.06,At Risk,296.06
502350,2025-02-22,10347,Bread,Grocery,4,45.46,Champions,181.84
502350,2025-02-22,10347,Butter,Grocery,1,94.11,Champions,94.11
502350,2025-02-22,10347,Jam,Grocery,2,115.86,Champions,231.72
502350,2025-02-22,10347,Baby Lotion,Baby Care,2,220.93,Champions,441.86
500218,2025-02-23,10032,Novel,Books,1,249.37,Champions,249.37
500218,2025-02-23,10032,Exam Guide,Books,1,463.08,Champions,463.08
500479,2025-02-23,10072,Notebook,Stationery,1,59.01,Champions,59.01
500479,2025-02-23,10072,Pen Pack,Stationery,1,41.38,Champions,41.38
500479,2025-02-23,10072,Highlighter,Stationery,3,76.64,Champions,229.92
500479,2025-02-23,10072,USB Cable,Tech,1,187.45,Champions,187.45
500502,2025-02-23,10075,Bread,Grocery,1,41.95,At Risk,41.95
500502,2025-02-23,10075,Butter,Grocery,3,89.88,At Risk,269.64
500502,2025-02-23,10075,Jam,Grocery,1,106.18,At Risk,106.18
500666,2025-02-23,10099,Lunch Box,Lifestyle,1,367.98,Champions,367.98
500666,2025-02-23,10099,Water Bottle,Lifestyle,4,243.06,Champions,972.24
500879,2025-02-23,10132,Phone Case,Tech,1,295.71,Champions,295.71
500879,2025-02-23,10132,Screen Guard,Tech,1,203.4,Champions,203.4
500879,2025-02-23,10132,USB Cable,Tech,1,163.24,Champions,163.24
500892,2025-02-23,10133,Baby Diapers,Baby Care,1,571.98,Loyal,571.98
500892,2025-02-23,10133,Baby Wipes,Baby Care,1,192.14,Loyal,192.14
500892,2025-02-23,10133,Baby Lotion,Baby Care,1,212.56,Loyal,212.56
500892,2025-02-23,10133,Baby Diapers,Baby Care,1,583.26,Loyal,583.26
501069,2025-02-23,10159,Baby Diapers,Baby Care,1,556.91,At Risk,556.91
501069,2025-02-23,10159,Baby Wipes,Baby Care,1,192.49,At Risk,192.49
501069,2025-02-23,10159,Baby Lotion,Baby Care,1,234.93,At Risk,234.93
501107,2025-02-23,10164,Coffee Powder,Grocery,2,180.68,Champions,361.36
501107,2025-02-23,10164,Sugar,Grocery,1,51.63,Champions,51.63
501107,2025-02-23,10164,Milk,Grocery,1,36.21,Champions,36.21
501150,2025-02-23,10169,Dog Food,Pet Care,1,750.03,At Risk,750.03
501150,2025-02-23,10169,Pet Shampoo,Pet Care,1,255.22,At Risk,255.22
501150,2025-02-23,10169,Baby Diapers,Baby Care,1,521.69,At Risk,521.69
501859,2025-02-23,10280,Notebook,Stationery,1,61.4,Lost,61.4
501859,2025-02-23,10280,Pen Pack,Stationery,1,36.09,Lost,36.09
501859,2025-02-23,10280,Highlighter,Stationery,1,77.36,Lost,77.36
501989,2025-02-23,10298,Baby Diapers,Baby Care,1,586.9,At Risk,586.9
501989,2025-02-23,10298,Baby Wipes,Baby Care,1,169.89,At Risk,169.89
501989,2025-02-23,10298,Baby Lotion,Baby Care,2,219.12,At Risk,438.24
500087,2025-02-24,10012,Yoga Mat,Fitness,1,672.21,Lost,672.21
500087,2025-02-24,10012,Protein Bar,Fitness,1,88.51,Lost,88.51
500087,2025-02-24,10012,Water Bottle,Lifestyle,1,264.11,Lost,264.11
500087,2025-02-24,10012,Milk,Grocery,3,35.4,Lost,106.2
500108,2025-02-24,10016,Phone Case,Tech,1,311.8,Loyal,311.8
500108,2025-02-24,10016,Screen Guard,Tech,4,198.06,Loyal,792.24
500108,2025-02-24,10016,USB Cable,Tech,2,188.48,Loyal,376.96
500123,2025-02-24,10019,Tea Pack,Grocery,1,127.13,Loyal,127.13
500123,2025-02-24,10019,Sugar,Grocery,1,54.28,Loyal,54.28
500123,2025-02-24,10019,Milk,Grocery,2,33.64,Loyal,67.28
500342,2025-02-24,10052,Lunch Box,Lifestyle,1,332.14,High Value Rare,332.14
500342,2025-02-24,10052,Water Bottle,Lifestyle,3,271.82,High Value Rare,815.46
500937,2025-02-24,10141,Phone Case,Tech,1,294.95,Loyal,294.95
500937,2025-02-24,10141,Screen Guard,Tech,1,205.81,Loyal,205.81
500937,2025-02-24,10141,USB Cable,Tech,1,157.78,Loyal,157.78
500937,2025-02-24,10141,Bread,Grocery,1,51.81,Loyal,51.81
501016,2025-02-24,10150,Notebook,Stationery,1,60.35,Lost,60.35
501016,2025-02-24,10150,Pen Pack,Stationery,2,37.26,Lost,74.52
501016,2025-02-24,10150,Highlighter,Stationery,4,70.11,Lost,280.44
501228,2025-02-24,10180,Lunch Box,Lifestyle,1,329.79,Loyal,329.79
501228,2025-02-24,10180,Water Bottle,Lifestyle,2,239.88,Loyal,479.76
501361,2025-02-24,10204,Lunch Box,Lifestyle,1,318.78,At Risk,318.78
501361,2025-02-24,10204,Water Bottle,Lifestyle,1,236.97,At Risk,236.97
501712,2025-02-24,10254,Notebook,Stationery,1,67.03,Champions,67.03
501712,2025-02-24,10254,Pen Pack,Stationery,1,40.92,Champions,40.92
501712,2025-02-24,10254,Highlighter,Stationery,1,67.29,Champions,67.29
502007,2025-02-24,10300,Yoga Mat,Fitness,1,690.65,Champions,690.65
502007,2025-02-24,10300,Protein Bar,Fitness,1,92.13,Champions,92.13
502007,2025-02-24,10300,Water Bottle,Lifestyle,1,248.03,Champions,248.03
502059,2025-02-24,10311,Notebook,Stationery,3,60.19,Champions,180.57
502059,2025-02-24,10311,Pen Pack,Stationery,1,39.34,Champions,39.34
502059,2025-02-24,10311,Highlighter,Stationery,1,68.93,Champions,68.93
502059,2025-02-24,10311,Jam,Grocery,1,100.16,Champions,100.16
502092,2025-02-24,10314,Phone Case,Tech,2,322.65,Lost,645.3
502092,2025-02-24,10314,Screen Guard,Tech,1,209.56,Lost,209.56
502092,2025-02-24,10314,USB Cable,Tech,1,179.46,Lost,179.46
501237,2025-02-25,10181,Yoga Mat,Fitness,1,669.44,Champions,669.44
501237,2025-02-25,10181,Protein Bar,Fitness,2,88.87,Champions,177.74
501237,2025-02-25,10181,Water Bottle,Lifestyle,1,239.15,Champions,239.15
501349,2025-02-25,10202,Dog Food,Pet Care,1,724.24,Champions,724.24
501349,2025-02-25,10202,Pet Shampoo,Pet Care,1,248.01,Champions,248.01
501349,2025-02-25,10202,Sugar,Grocery,2,54.05,Champions,108.1
501661,2025-02-25,10244,Dog Food,Pet Care,2,734.2,Champions,1468.4
501661,2025-02-25,10244,Pet Shampoo,Pet Care,1,244.14,Champions,244.14
502060,2025-02-25,10311,Lunch Box,Lifestyle,2,344.95,Champions,689.9
502060,2025-02-25,10311,Water Bottle,Lifestyle,2,267.85,Champions,535.7
502060,2025-02-25,10311,Pet Shampoo,Pet Care,1,246.15,Champions,246.15
502241,2025-02-25,10333,Tea Pack,Grocery,1,111.46,Champions,111.46
502241,2025-02-25,10333,Sugar,Grocery,1,57.6,Champions,57.6
502241,2025-02-25,10333,Milk,Grocery,1,37.89,Champions,37.89
500700,2025-02-26,10102,Bread,Grocery,1,48.14,Loyal,48.14
500700,2025-02-26,10102,Butter,Grocery,1,90.12,Loyal,90.12
500700,2025-02-26,10102,Jam,Grocery,2,108.56,Loyal,217.12
501173,2025-02-26,10173,Novel,Books,1,234.97,Loyal,234.97
501173,2025-02-26,10173,Exam Guide,Books,2,406.05,Loyal,812.1
501173,2025-02-26,10173,USB Cable,Tech,2,191.0,Loyal,382.0
501267,2025-02-26,10189,Tea Pack,Grocery,1,123.49,Loyal,123.49
501267,2025-02-26,10189,Sugar,Grocery,1,52.48,Loyal,52.48
501267,2025-02-26,10189,Milk,Grocery,1,35.55,Loyal,35.55
501267,2025-02-26,10189,Baby Wipes,Baby Care,2,176.55,Loyal,353.1
501309,2025-02-26,10195,Coffee Powder,Grocery,2,183.76,Loyal,367.52
501309,2025-02-26,10195,Sugar,Grocery,2,55.31,Loyal,110.62
501309,2025-02-26,10195,Milk,Grocery,1,34.56,Loyal,34.56
501309,2025-02-26,10195,Sugar,Grocery,2,51.49,Loyal,102.98
501627,2025-02-26,10239,Notebook,Stationery,1,55.68,Champions,55.68
501627,2025-02-26,10239,Pen Pack,Stationery,2,40.76,Champions,81.52
501627,2025-02-26,10239,Highlighter,Stationery,1,74.61,Champions,74.61
501627,2025-02-26,10239,Baby Wipes,Baby Care,1,173.86,Champions,173.86
502157,2025-02-26,10322,Lunch Box,Lifestyle,2,349.21,At Risk,698.42
502157,2025-02-26,10322,Water Bottle,Lifestyle,1,247.74,At Risk,247.74
502157,2025-02-26,10322,Coffee Powder,Grocery,1,181.79,At Risk,181.79
500064,2025-02-27,10008,Baby Diapers,Baby Care,2,604.93,At Risk,1209.86
500064,2025-02-27,10008,Baby Wipes,Baby Care,1,196.87,At Risk,196.87
500064,2025-02-27,10008,Baby Lotion,Baby Care,1,230.23,At Risk,230.23
500064,2025-02-27,10008,Notebook,Stationery,1,60.27,At Risk,60.27
500261,2025-02-27,10038,Notebook,Stationery,1,60.23,At Risk,60.23
500261,2025-02-27,10038,Pen Pack,Stationery,1,39.41,At Risk,39.41
500261,2025-02-27,10038,Highlighter,Stationery,1,76.41,At Risk,76.41
500304,2025-02-27,10043,Notebook,Stationery,1,54.35,Lost,54.35
500304,2025-02-27,10043,Pen Pack,Stationery,1,38.69,Lost,38.69
500304,2025-02-27,10043,Highlighter,Stationery,1,76.47,Lost,76.47
500304,2025-02-27,10043,Pen Pack,Stationery,1,41.74,Lost,41.74
501092,2025-02-27,10162,Baby Diapers,Baby Care,1,524.93,At Risk,524.93
501092,2025-02-27,10162,Baby Wipes,Baby Care,2,178.76,At Risk,357.52
501092,2025-02-27,10162,Baby Lotion,Baby Care,1,235.53,At Risk,235.53
501434,2025-02-27,10212,Novel,Books,1,234.01,At Risk,234.01
501434,2025-02-27,10212,Exam Guide,Books,1,432.62,At Risk,432.62
501781,2025-02-27,10265,Novel,Books,4,239.34,At Risk,957.36
501781,2025-02-27,10265,Exam Guide,Books,2,413.04,At Risk,826.08
502061,2025-02-27,10311,Phone Case,Tech,1,326.9,Champions,326.9
502061,2025-02-27,10311,Screen Guard,Tech,1,201.71,Champions,201.71
502061,2025-02-27,10311,USB Cable,Tech,1,179.71,Champions,179.71
500150,2025-02-28,10022,Tea Pack,Grocery,1,121.3,Loyal,121.3
500150,2025-02-28,10022,Sugar,Grocery,1,56.44,Loyal,56.44
500150,2025-02-28,10022,Milk,Grocery,2,35.23,Loyal,70.46
501174,2025-02-28,10173,Yoga Mat,Fitness,1,649.81,Loyal,649.81
501174,2025-02-28,10173,Protein Bar,Fitness,1,88.08,Loyal,88.08
501174,2025-02-28,10173,Water Bottle,Lifestyle,1,252.6,Loyal,252.6
501399,2025-02-28,10208,Tea Pack,Grocery,2,117.34,Champions,234.68
501399,2025-02-28,10208,Sugar,Grocery,3,55.7,Champions,167.1
501399,2025-02-28,10208,Milk,Grocery,1,31.84,Champions,31.84
501399,2025-02-28,10208,Yoga Mat,Fitness,3,667.38,Champions,2002.14
501612,2025-02-28,10237,Lunch Box,Lifestyle,1,311.19,Champions,311.19
501612,2025-02-28,10237,Water Bottle,Lifestyle,2,226.42,Champions,452.84
501647,2025-02-28,10243,Bread,Grocery,1,45.03,Loyal,45.03
501647,2025-02-28,10243,Butter,Grocery,2,93.3,Loyal,186.6
501647,2025-02-28,10243,Jam,Grocery,1,114.96,Loyal,114.96
501860,2025-02-28,10280,Yoga Mat,Fitness,2,604.62,Lost,1209.24
501860,2025-02-28,10280,Protein Bar,Fitness,1,94.13,Lost,94.13
501860,2025-02-28,10280,Water Bottle,Lifestyle,4,232.27,Lost,929.08
501860,2025-02-28,10280,Yoga Mat,Fitness,1,611.76,Lost,611.76
502037,2025-02-28,10305,Phone Case,Tech,1,288.45,High Value Rare,288.45
502037,2025-02-28,10305,Screen Guard,Tech,1,210.12,High Value Rare,210.12
502037,2025-02-28,10305,USB Cable,Tech,1,183.51,High Value Rare,183.51
502183,2025-02-28,10327,Tea Pack,Grocery,1,114.02,At Risk,114.02
502183,2025-02-28,10327,Sugar,Grocery,1,53.78,At Risk,53.78
502183,2025-02-28,10327,Milk,Grocery,1,36.38,At Risk,36.38
502183,2025-02-28,10327,Novel,Books,1,258.75,At Risk,258.75
502221,2025-02-28,10331,Novel,Books,3,262.37,At Risk,787.11
502221,2025-02-28,10331,Exam Guide,Books,2,446.09,At Risk,892.18
502221,2025-02-28,10331,Dog Food,Pet Care,1,795.53,At Risk,795.53
500109,2025-03-01,10016,Lunch Box,Lifestyle,1,373.44,Loyal,373.44
500109,2025-03-01,10016,Water Bottle,Lifestyle,1,266.58,Loyal,266.58
500138,2025-03-01,10021,Lunch Box,Lifestyle,1,343.27,Champions,343.27
500138,2025-03-01,10021,Water Bottle,Lifestyle,1,236.55,Champions,236.55
500138,2025-03-01,10021,Water Bottle,Lifestyle,1,256.34,Champions,256.34
500184,2025-03-01,10029,Dog Food,Pet Care,1,800.26,Champions,800.26
500184,2025-03-01,10029,Pet Shampoo,Pet Care,1,241.07,Champions,241.07
500403,2025-03-01,10060,Phone Case,Tech,1,291.36,Loyal,291.36
500403,2025-03-01,10060,Screen Guard,Tech,1,204.41,Loyal,204.41
500403,2025-03-01,10060,USB Cable,Tech,2,191.59,Loyal,383.18
500949,2025-03-01,10143,Tea Pack,Grocery,1,111.21,Loyal,111.21
500949,2025-03-01,10143,Sugar,Grocery,2,52.16,Loyal,104.32
500949,2025-03-01,10143,Milk,Grocery,1,33.8,Loyal,33.8
500949,2025-03-01,10143,Screen Guard,Tech,1,183.82,Loyal,183.82
501259,2025-03-01,10186,Bread,Grocery,1,44.98,Lost,44.98
501259,2025-03-01,10186,Butter,Grocery,1,101.04,Lost,101.04
501259,2025-03-01,10186,Jam,Grocery,1,106.52,Lost,106.52
501259,2025-03-01,10186,Baby Wipes,Baby Care,1,182.33,Lost,182.33
501607,2025-03-01,10236,Dog Food,Pet Care,2,782.3,Loyal,1564.6
501607,2025-03-01,10236,Pet Shampoo,Pet Care,2,264.12,Loyal,528.24
501892,2025-03-01,10284,Dog Food,Pet Care,3,824.86,New,2474.58
501892,2025-03-01,10284,Pet Shampoo,Pet Care,1,261.57,New,261.57
501973,2025-03-01,10296,Tea Pack,Grocery,1,127.8,Lost,127.8
501973,2025-03-01,10296,Sugar,Grocery,1,59.42,Lost,59.42
501973,2025-03-01,10296,Milk,Grocery,2,34.29,Lost,68.58
501973,2025-03-01,10296,Jam,Grocery,1,96.96,Lost,96.96
502242,2025-03-01,10333,Phone Case,Tech,1,302.91,Champions,302.91
502242,2025-03-01,10333,Screen Guard,Tech,1,199.18,Champions,199.18
502242,2025-03-01,10333,USB Cable,Tech,1,186.7,Champions,186.7
502242,2025-03-01,10333,Jam,Grocery,1,117.6,Champions,117.6
500275,2025-03-02,10040,Dog Food,Pet Care,1,838.43,Champions,838.43
500275,2025-03-02,10040,Pet Shampoo,Pet Care,1,262.23,Champions,262.23
500306,2025-03-02,10044,Dog Food,Pet Care,1,738.21,Loyal,738.21
500306,2025-03-02,10044,Pet Shampoo,Pet Care,1,265.8,Loyal,265.8
500306,2025-03-02,10044,USB Cable,Tech,2,185.41,Loyal,370.82
500480,2025-03-02,10072,Dog Food,Pet Care,2,832.13,Champions,1664.26
500480,2025-03-02,10072,Pet Shampoo,Pet Care,3,281.74,Champions,845.22
500680,2025-03-02,10100,Phone Case,Tech,3,277.51,Champions,832.53
500680,2025-03-02,10100,Screen Guard,Tech,1,192.24,Champions,192.24
500680,2025-03-02,10100,USB Cable,Tech,1,193.09,Champions,193.09
501156,2025-03-02,10170,Novel,Books,1,254.78,At Risk,254.78
501156,2025-03-02,10170,Exam Guide,Books,2,369.26,At Risk,738.52
501379,2025-03-02,10206,Bread,Grocery,1,48.28,Champions,48.28
501379,2025-03-02,10206,Butter,Grocery,1,96.38,Champions,96.38
501379,2025-03-02,10206,Jam,Grocery,1,118.78,Champions,118.78
501535,2025-03-02,10224,Yoga Mat,Fitness,2,695.82,Loyal,1391.64
501535,2025-03-02,10224,Protein Bar,Fitness,1,90.29,Loyal,90.29
501535,2025-03-02,10224,Water Bottle,Lifestyle,1,252.16,Loyal,252.16
501535,2025-03-02,10224,Baby Wipes,Baby Care,2,181.36,Loyal,362.72
501613,2025-03-02,10237,Dog Food,Pet Care,1,783.78,Champions,783.78
501613,2025-03-02,10237,Pet Shampoo,Pet Care,2,262.62,Champions,525.24
501675,2025-03-02,10247,Phone Case,Tech,1,256.41,High Value Rare,256.41
501675,2025-03-02,10247,Screen Guard,Tech,2,184.66,High Value Rare,369.32
501675,2025-03-02,10247,USB Cable,Tech,1,181.61,High Value Rare,181.61
501862,2025-03-02,10281,Lunch Box,Lifestyle,1,356.6,Loyal,356.6
501862,2025-03-02,10281,Water Bottle,Lifestyle,1,244.4,Loyal,244.4
501862,2025-03-02,10281,Pet Shampoo,Pet Care,1,237.88,Loyal,237.88
502025,2025-03-02,10303,Novel,Books,2,266.37,At Risk,532.74
502025,2025-03-02,10303,Exam Guide,Books,3,408.6,At Risk,1225.8
502025,2025-03-02,10303,Tea Pack,Grocery,1,118.53,At Risk,118.53
502351,2025-03-02,10347,Baby Diapers,Baby Care,2,569.68,Champions,1139.36
502351,2025-03-02,10347,Baby Wipes,Baby Care,2,177.53,Champions,355.06
502351,2025-03-02,10347,Baby Lotion,Baby Care,4,229.31,Champions,917.24
500034,2025-03-03,10005,Coffee Powder,Grocery,1,180.63,Champions,180.63
500034,2025-03-03,10005,Sugar,Grocery,1,56.46,Champions,56.46
500034,2025-03-03,10005,Milk,Grocery,2,37.53,Champions,75.06
500034,2025-03-03,10005,Bluetooth Earbuds,Tech,1,1525.21,Champions,1525.21
500356,2025-03-03,10056,Lunch Box,Lifestyle,1,348.4,Champions,348.4
500356,2025-03-03,10056,Water Bottle,Lifestyle,2,225.08,Champions,450.16
500469,2025-03-03,10070,Dog Food,Pet Care,1,729.24,Lost,729.24
500469,2025-03-03,10070,Pet Shampoo,Pet Care,2,266.08,Lost,532.16
500481,2025-03-03,10072,Phone Case,Tech,3,322.21,Champions,966.63
500481,2025-03-03,10072,Screen Guard,Tech,1,177.99,Champions,177.99
500481,2025-03-03,10072,USB Cable,Tech,1,199.42,Champions,199.42
500512,2025-03-03,10077,Bread,Grocery,1,41.67,Champions,41.67
500512,2025-03-03,10077,Butter,Grocery,1,100.54,Champions,100.54
500512,2025-03-03,10077,Jam,Grocery,1,117.6,Champions,117.6
500512,2025-03-03,10077,Tea Pack,Grocery,1,115.68,Champions,115.68
501317,2025-03-03,10196,Baby Diapers,Baby Care,1,556.76,At Risk,556.76
501317,2025-03-03,10196,Baby Wipes,Baby Care,2,191.91,At Risk,383.82
501317,2025-03-03,10196,Baby Lotion,Baby Care,1,234.27,At Risk,234.27
501317,2025-03-03,10196,Sugar,Grocery,1,55.01,At Risk,55.01
501778,2025-03-03,10264,Tea Pack,Grocery,1,120.91,Lost,120.91
501778,2025-03-03,10264,Sugar,Grocery,1,59.24,Lost,59.24
501778,2025-03-03,10264,Milk,Grocery,2,34.03,Lost,68.06
501778,2025-03-03,10264,Baby Diapers,Baby Care,2,598.55,Lost,1197.1
501828,2025-03-03,10273,Novel,Books,2,241.97,Lost,483.94
501828,2025-03-03,10273,Exam Guide,Books,2,381.77,Lost,763.54
502232,2025-03-03,10332,Lunch Box,Lifestyle,4,336.77,Champions,1347.08
502232,2025-03-03,10332,Water Bottle,Lifestyle,1,231.36,Champions,231.36
502232,2025-03-03,10332,Pet Shampoo,Pet Care,1,254.48,Champions,254.48
500234,2025-03-04,10035,Lunch Box,Lifestyle,2,345.32,Lost,690.64
500234,2025-03-04,10035,Water Bottle,Lifestyle,1,257.12,Lost,257.12
500950,2025-03-04,10143,Notebook,Stationery,4,58.23,Loyal,232.92
500950,2025-03-04,10143,Pen Pack,Stationery,1,39.61,Loyal,39.61
500950,2025-03-04,10143,Highlighter,Stationery,2,79.39,Loyal,158.78
500950,2025-03-04,10143,Jam,Grocery,1,114.43,Loyal,114.43
501108,2025-03-04,10164,Novel,Books,2,256.14,Champions,512.28
501108,2025-03-04,10164,Exam Guide,Books,1,416.6,Champions,416.6
501359,2025-03-04,10203,Baby Diapers,Baby Care,2,534.96,Lost,1069.92
501359,2025-03-04,10203,Baby Wipes,Baby Care,1,170.04,Lost,170.04
501359,2025-03-04,10203,Baby Lotion,Baby Care,2,226.08,Lost,452.16
501510,2025-03-04,10222,Coffee Powder,Grocery,1,172.83,Champions,172.83
501510,2025-03-04,10222,Sugar,Grocery,1,56.04,Champions,56.04
501510,2025-03-04,10222,Milk,Grocery,1,33.4,Champions,33.4
501510,2025-03-04,10222,Butter,Grocery,1,101.57,Champions,101.57
501583,2025-03-04,10234,Phone Case,Tech,2,305.2,Loyal,610.4
501583,2025-03-04,10234,Screen Guard,Tech,2,199.22,Loyal,398.44
501583,2025-03-04,10234,USB Cable,Tech,1,174.09,Loyal,174.09
501684,2025-03-04,10250,Novel,Books,1,268.05,Loyal,268.05
501684,2025-03-04,10250,Exam Guide,Books,2,392.12,Loyal,784.24
501730,2025-03-04,10258,Dog Food,Pet Care,2,845.58,New,1691.16
501730,2025-03-04,10258,Pet Shampoo,Pet Care,1,263.25,New,263.25
501730,2025-03-04,10258,Pen Pack,Stationery,1,36.14,New,36.14
501750,2025-03-04,10260,Coffee Powder,Grocery,1,171.63,At Risk,171.63
501750,2025-03-04,10260,Sugar,Grocery,1,54.36,At Risk,54.36
501750,2025-03-04,10260,Milk,Grocery,1,32.84,At Risk,32.84
501750,2025-03-04,10260,Baby Lotion,Baby Care,1,262.27,At Risk,262.27
500159,2025-03-05,10023,Tea Pack,Grocery,1,125.62,Loyal,125.62
500159,2025-03-05,10023,Sugar,Grocery,1,56.27,Loyal,56.27
500159,2025-03-05,10023,Milk,Grocery,4,31.94,Loyal,127.76
500219,2025-03-05,10032,Novel,Books,2,222.63,Champions,445.26
500219,2025-03-05,10032,Exam Guide,Books,1,475.98,Champions,475.98
500369,2025-03-05,10057,Dog Food,Pet Care,1,624.57,Loyal,624.57
500369,2025-03-05,10057,Pet Shampoo,Pet Care,3,250.79,Loyal,752.37
500369,2025-03-05,10057,Milk,Grocery,1,34.44,Loyal,34.44
500904,2025-03-05,10135,Phone Case,Tech,1,311.18,Loyal,311.18
500904,2025-03-05,10135,Screen Guard,Tech,1,185.99,Loyal,185.99
500904,2025-03-05,10135,USB Cable,Tech,2,187.05,Loyal,374.1
500911,2025-03-05,10137,Baby Diapers,Baby Care,1,528.13,At Risk,528.13
500911,2025-03-05,10137,Baby Wipes,Baby Care,1,185.99,At Risk,185.99
500911,2025-03-05,10137,Baby Lotion,Baby Care,1,234.58,At Risk,234.58
501622,2025-03-05,10238,Dog Food,Pet Care,1,823.75,At Risk,823.75
501622,2025-03-05,10238,Pet Shampoo,Pet Care,1,258.44,At Risk,258.44
501838,2025-03-05,10277,Dog Food,Pet Care,1,774.95,At Risk,774.95
501838,2025-03-05,10277,Pet Shampoo,Pet Care,1,262.71,At Risk,262.71
500247,2025-03-06,10037,Yoga Mat,Fitness,1,597.72,Champions,597.72
500247,2025-03-06,10037,Protein Bar,Fitness,2,88.27,Champions,176.54
500247,2025-03-06,10037,Water Bottle,Lifestyle,1,252.16,Champions,252.16
500562,2025-03-06,10082,Coffee Powder,Grocery,1,165.01,Loyal,165.01
500562,2025-03-06,10082,Sugar,Grocery,1,55.46,Loyal,55.46
500562,2025-03-06,10082,Milk,Grocery,3,36.64,Loyal,109.92
500562,2025-03-06,10082,Baby Wipes,Baby Care,1,187.23,Loyal,187.23
500681,2025-03-06,10100,Dog Food,Pet Care,3,760.02,Champions,2280.06
500681,2025-03-06,10100,Pet Shampoo,Pet Care,1,260.25,Champions,260.25
500850,2025-03-06,10128,Dog Food,Pet Care,1,780.89,Champions,780.89
500850,2025-03-06,10128,Pet Shampoo,Pet Care,1,270.14,Champions,270.14
500850,2025-03-06,10128,Baby Diapers,Baby Care,1,531.72,Champions,531.72
501479,2025-03-06,10217,Coffee Powder,Grocery,1,175.98,At Risk,175.98
501479,2025-03-06,10217,Sugar,Grocery,1,54.96,At Risk,54.96
501479,2025-03-06,10217,Milk,Grocery,1,35.02,At Risk,35.02
501568,2025-03-06,10229,Tea Pack,Grocery,1,113.5,At Risk,113.5
501568,2025-03-06,10229,Sugar,Grocery,1,59.09,At Risk,59.09
501568,2025-03-06,10229,Milk,Grocery,1,37.6,At Risk,37.6
501568,2025-03-06,10229,Dog Food,Pet Care,1,799.16,At Risk,799.16
501726,2025-03-06,10257,Lunch Box,Lifestyle,1,342.1,At Risk,342.1
501726,2025-03-06,10257,Water Bottle,Lifestyle,1,245.33,At Risk,245.33
501726,2025-03-06,10257,Baby Wipes,Baby Care,1,176.03,At Risk,176.03
502095,2025-03-06,10315,Yoga Mat,Fitness,1,676.46,At Risk,676.46
502095,2025-03-06,10315,Protein Bar,Fitness,1,93.34,At Risk,93.34
502095,2025-03-06,10315,Water Bottle,Lifestyle,1,241.52,At Risk,241.52
502095,2025-03-06,10315,Exam Guide,Books,1,420.1,At Risk,420.1
502333,2025-03-06,10345,Notebook,Stationery,1,61.7,At Risk,61.7
502333,2025-03-06,10345,Pen Pack,Stationery,1,36.82,At Risk,36.82
502333,2025-03-06,10345,Highlighter,Stationery,1,78.26,At Risk,78.26
502333,2025-03-06,10345,Notebook,Stationery,1,65.56,At Risk,65.56
500185,2025-03-07,10029,Coffee Powder,Grocery,1,176.24,Champions,176.24
500185,2025-03-07,10029,Sugar,Grocery,1,60.56,Champions,60.56
500185,2025-03-07,10029,Milk,Grocery,1,33.66,Champions,33.66
500307,2025-03-07,10044,Tea Pack,Grocery,2,115.22,Loyal,230.44
500307,2025-03-07,10044,Sugar,Grocery,1,56.64,Loyal,56.64
500307,2025-03-07,10044,Milk,Grocery,1,34.01,Loyal,34.01
500307,2025-03-07,10044,Pet Shampoo,Pet Care,1,259.85,Loyal,259.85
501070,2025-03-07,10159,Lunch Box,Lifestyle,1,301.63,At Risk,301.63
501070,2025-03-07,10159,Water Bottle,Lifestyle,1,238.4,At Risk,238.4
501362,2025-03-07,10204,Phone Case,Tech,2,317.11,At Risk,634.22
501362,2025-03-07,10204,Screen Guard,Tech,2,217.88,At Risk,435.76
501362,2025-03-07,10204,USB Cable,Tech,2,169.24,At Risk,338.48
501774,2025-03-07,10263,Yoga Mat,Fitness,1,677.1,New,677.1
501774,2025-03-07,10263,Protein Bar,Fitness,2,97.51,New,195.02
501774,2025-03-07,10263,Water Bottle,Lifestyle,1,263.29,New,263.29
502077,2025-03-07,10312,Yoga Mat,Fitness,2,640.33,Champions,1280.66
502077,2025-03-07,10312,Protein Bar,Fitness,1,86.86,Champions,86.86
502077,2025-03-07,10312,Water Bottle,Lifestyle,2,272.7,Champions,545.4
500088,2025-03-08,10013,Yoga Mat,Fitness,4,628.17,Loyal,2512.68
500088,2025-03-08,10013,Protein Bar,Fitness,2,89.67,Loyal,179.34
500088,2025-03-08,10013,Water Bottle,Lifestyle,1,257.19,Loyal,257.19
500495,2025-03-08,10074,Phone Case,Tech,1,294.75,At Risk,294.75
500495,2025-03-08,10074,Screen Guard,Tech,1,181.18,At Risk,181.18
500495,2025-03-08,10074,USB Cable,Tech,2,166.58,At Risk,333.16
500797,2025-03-08,10117,Lunch Box,Lifestyle,1,372.63,Loyal,372.63
500797,2025-03-08,10117,Water Bottle,Lifestyle,1,247.55,Loyal,247.55
500797,2025-03-08,10117,Bluetooth Earbuds,Tech,1,1416.27,Loyal,1416.27
501489,2025-03-08,10218,Lunch Box,Lifestyle,2,371.62,At Risk,743.24
501489,2025-03-08,10218,Water Bottle,Lifestyle,2,242.48,At Risk,484.96
501584,2025-03-08,10234,Phone Case,Tech,3,300.8,Loyal,902.4
501584,2025-03-08,10234,Screen Guard,Tech,1,214.03,Loyal,214.03
501584,2025-03-08,10234,USB Cable,Tech,1,193.15,Loyal,193.15
501877,2025-03-08,10283,Bread,Grocery,1,47.82,Champions,47.82
501877,2025-03-08,10283,Butter,Grocery,2,105.41,Champions,210.82
501877,2025-03-08,10283,Jam,Grocery,1,97.52,Champions,97.52
500001,2025-03-09,10000,Coffee Powder,Grocery,1,186.41,Loyal,186.41
500001,2025-03-09,10000,Sugar,Grocery,2,59.0,Loyal,118.0
500001,2025-03-09,10000,Milk,Grocery,2,35.43,Loyal,70.86
500001,2025-03-09,10000,Pen Pack,Stationery,1,40.12,Loyal,40.12
500026,2025-03-09,10004,Phone Case,Tech,1,297.15,Champions,297.15
500026,2025-03-09,10004,Screen Guard,Tech,1,198.68,Champions,198.68
500026,2025-03-09,10004,USB Cable,Tech,2,184.03,Champions,368.06
500622,2025-03-09,10090,Bread,Grocery,1,49.12,Champions,49.12
500622,2025-03-09,10090,Butter,Grocery,1,90.07,Champions,90.07
500622,2025-03-09,10090,Jam,Grocery,1,111.23,Champions,111.23
500912,2025-03-09,10137,Bread,Grocery,3,47.34,At Risk,142.02
500912,2025-03-09,10137,Butter,Grocery,1,94.39,At Risk,94.39
500912,2025-03-09,10137,Jam,Grocery,2,103.24,At Risk,206.48
500912,2025-03-09,10137,Baby Diapers,Baby Care,1,535.03,At Risk,535.03
501008,2025-03-09,10149,Phone Case,Tech,1,339.04,Loyal,339.04
501008,2025-03-09,10149,Screen Guard,Tech,1,205.0,Loyal,205.0
501008,2025-03-09,10149,USB Cable,Tech,1,181.14,Loyal,181.14
501008,2025-03-09,10149,Yoga Mat,Fitness,1,692.7,Loyal,692.7
501662,2025-03-09,10244,Tea Pack,Grocery,1,119.3,Champions,119.3
501662,2025-03-09,10244,Sugar,Grocery,2,54.42,Champions,108.84
501662,2025-03-09,10244,Milk,Grocery,2,32.84,Champions,65.68
502315,2025-03-09,10342,Coffee Powder,Grocery,1,170.22,Champions,170.22
502315,2025-03-09,10342,Sugar,Grocery,1,52.26,Champions,52.26
502315,2025-03-09,10342,Milk,Grocery,2,38.55,Champions,77.1
500110,2025-03-10,10016,Bread,Grocery,1,47.49,Loyal,47.49
500110,2025-03-10,10016,Butter,Grocery,3,93.5,Loyal,280.5
500110,2025-03-10,10016,Jam,Grocery,1,106.69,Loyal,106.69
500163,2025-03-10,10024,Coffee Powder,Grocery,1,170.88,New,170.88
500163,2025-03-10,10024,Sugar,Grocery,1,57.12,New,57.12
500163,2025-03-10,10024,Milk,Grocery,1,33.79,New,33.79
500330,2025-03-10,10049,Yoga Mat,Fitness,2,664.19,Loyal,1328.38
500330,2025-03-10,10049,Protein Bar,Fitness,1,91.43,Loyal,91.43
500330,2025-03-10,10049,Water Bottle,Lifestyle,1,230.74,Loyal,230.74
500330,2025-03-10,10049,Baby Diapers,Baby Care,2,583.06,Loyal,1166.12
501027,2025-03-10,10152,Lunch Box,Lifestyle,1,334.07,Champions,334.07
501027,2025-03-10,10152,Water Bottle,Lifestyle,1,235.17,Champions,235.17
501303,2025-03-10,10194,Lunch Box,Lifestyle,1,368.65,Loyal,368.65
501303,2025-03-10,10194,Water Bottle,Lifestyle,4,267.75,Loyal,1071.0
501303,2025-03-10,10194,Coffee Powder,Grocery,2,166.99,Loyal,333.98
501546,2025-03-10,10225,Coffee Powder,Grocery,1,165.91,Loyal,165.91
501546,2025-03-10,10225,Sugar,Grocery,2,61.48,Loyal,122.96
501546,2025-03-10,10225,Milk,Grocery,1,36.07,Loyal,36.07
501707,2025-03-10,10253,Baby Diapers,Baby Care,1,610.52,Loyal,610.52
501707,2025-03-10,10253,Baby Wipes,Baby Care,1,185.89,Loyal,185.89
501707,2025-03-10,10253,Baby Lotion,Baby Care,1,226.31,Loyal,226.31
501863,2025-03-10,10281,Lunch Box,Lifestyle,1,356.95,Loyal,356.95
501863,2025-03-10,10281,Water Bottle,Lifestyle,2,252.74,Loyal,505.48
501863,2025-03-10,10281,Sugar,Grocery,1,59.13,Loyal,59.13
501995,2025-03-10,10299,Yoga Mat,Fitness,1,609.08,Champions,609.08
501995,2025-03-10,10299,Protein Bar,Fitness,1,102.35,Champions,102.35
501995,2025-03-10,10299,Water Bottle,Lifestyle,1,261.99,Champions,261.99
502108,2025-03-10,10317,Baby Diapers,Baby Care,1,624.12,Champions,624.12
502108,2025-03-10,10317,Baby Wipes,Baby Care,1,181.52,Champions,181.52
502108,2025-03-10,10317,Baby Lotion,Baby Care,2,231.77,Champions,463.54
502108,2025-03-10,10317,Protein Bar,Fitness,2,96.96,Champions,193.92
500065,2025-03-11,10008,Lunch Box,Lifestyle,1,350.39,At Risk,350.39
500065,2025-03-11,10008,Water Bottle,Lifestyle,1,259.81,At Risk,259.81
500318,2025-03-11,10046,Baby Diapers,Baby Care,1,588.96,Loyal,588.96
500318,2025-03-11,10046,Baby Wipes,Baby Care,2,163.06,Loyal,326.12
500318,2025-03-11,10046,Baby Lotion,Baby Care,1,212.72,Loyal,212.72
500357,2025-03-11,10056,Bread,Grocery,4,47.32,Champions,189.28
500357,2025-03-11,10056,Butter,Grocery,1,79.23,Champions,79.23
500357,2025-03-11,10056,Jam,Grocery,1,108.28,Champions,108.28
500503,2025-03-11,10075,Phone Case,Tech,2,279.55,At Risk,559.1
500503,2025-03-11,10075,Screen Guard,Tech,2,212.04,At Risk,424.08
500503,2025-03-11,10075,USB Cable,Tech,1,178.43,At Risk,178.43
500527,2025-03-11,10078,Lunch Box,Lifestyle,2,343.1,Loyal,686.2
500527,2025-03-11,10078,Water Bottle,Lifestyle,1,258.79,Loyal,258.79
500712,2025-03-11,10105,Dog Food,Pet Care,2,770.0,Loyal,1540.0
500712,2025-03-11,10105,Pet Shampoo,Pet Care,2,245.51,Loyal,491.02
501126,2025-03-11,10167,Phone Case,Tech,1,317.13,Loyal,317.13
501126,2025-03-11,10167,Screen Guard,Tech,2,197.97,Loyal,395.94
501126,2025-03-11,10167,USB Cable,Tech,1,182.45,Loyal,182.45
501456,2025-03-11,10214,Tea Pack,Grocery,1,113.14,At Risk,113.14
501456,2025-03-11,10214,Sugar,Grocery,2,50.37,At Risk,100.74
501456,2025-03-11,10214,Milk,Grocery,1,35.38,At Risk,35.38
500781,2025-03-12,10112,Coffee Powder,Grocery,1,174.89,High Value Rare,174.89
500781,2025-03-12,10112,Sugar,Grocery,1,56.88,High Value Rare,56.88
500781,2025-03-12,10112,Milk,Grocery,1,32.03,High Value Rare,32.03
501041,2025-03-12,10154,Yoga Mat,Fitness,1,594.45,High Value Rare,594.45
501041,2025-03-12,10154,Protein Bar,Fitness,2,99.13,High Value Rare,198.26
501041,2025-03-12,10154,Water Bottle,Lifestyle,1,236.18,High Value Rare,236.18
501041,2025-03-12,10154,Baby Wipes,Baby Care,1,194.74,High Value Rare,194.74
501325,2025-03-12,10199,Tea Pack,Grocery,1,114.11,Lost,114.11
501325,2025-03-12,10199,Sugar,Grocery,1,58.73,Lost,58.73
501325,2025-03-12,10199,Milk,Grocery,4,31.46,Lost,125.84
501325,2025-03-12,10199,Dog Food,Pet Care,1,821.62,Lost,821.62
502341,2025-03-12,10346,Bread,Grocery,4,45.38,At Risk,181.52
502341,2025-03-12,10346,Butter,Grocery,1,84.34,At Risk,84.34
502341,2025-03-12,10346,Jam,Grocery,1,108.96,At Risk,108.96
502341,2025-03-12,10346,Pet Shampoo,Pet Care,2,225.36,At Risk,450.72
502383,2025-03-12,10285,Dog Food,Pet Care,50,816.34,Synthetic anomaly,40817.0
500584,2025-03-13,10084,Phone Case,Tech,1,298.55,Loyal,298.55
500584,2025-03-13,10084,Screen Guard,Tech,2,202.52,Loyal,405.04
500584,2025-03-13,10084,USB Cable,Tech,1,170.07,Loyal,170.07
500985,2025-03-13,10146,Novel,Books,1,254.45,At Risk,254.45
500985,2025-03-13,10146,Exam Guide,Books,3,395.44,At Risk,1186.32
500985,2025-03-13,10146,Novel,Books,1,259.66,At Risk,259.66
501085,2025-03-13,10161,Yoga Mat,Fitness,4,691.37,At Risk,2765.48
501085,2025-03-13,10161,Protein Bar,Fitness,1,89.82,At Risk,89.82
501085,2025-03-13,10161,Water Bottle,Lifestyle,2,250.41,At Risk,500.82
501219,2025-03-13,10179,Bread,Grocery,1,44.27,Champions,44.27
501219,2025-03-13,10179,Butter,Grocery,1,87.93,Champions,87.93
501219,2025-03-13,10179,Jam,Grocery,1,95.12,Champions,95.12
501499,2025-03-13,10220,Tea Pack,Grocery,1,109.03,At Risk,109.03
501499,2025-03-13,10220,Sugar,Grocery,2,49.62,At Risk,99.24
501499,2025-03-13,10220,Milk,Grocery,1,33.62,At Risk,33.62
502184,2025-03-13,10327,Yoga Mat,Fitness,3,637.16,At Risk,1911.48
502184,2025-03-13,10327,Protein Bar,Fitness,1,97.6,At Risk,97.6
502184,2025-03-13,10327,Water Bottle,Lifestyle,1,219.82,At Risk,219.82
502184,2025-03-13,10327,Phone Case,Tech,1,291.28,At Risk,291.28
502212,2025-03-13,10330,Tea Pack,Grocery,2,109.59,Loyal,219.18
502212,2025-03-13,10330,Sugar,Grocery,2,60.24,Loyal,120.48
502212,2025-03-13,10330,Milk,Grocery,2,36.82,Loyal,73.64
500347,2025-03-14,10053,Baby Diapers,Baby Care,1,513.42,Lost,513.42
500347,2025-03-14,10053,Baby Wipes,Baby Care,1,174.4,Lost,174.4
500347,2025-03-14,10053,Baby Lotion,Baby Care,1,232.25,Lost,232.25
500470,2025-03-14,10070,Notebook,Stationery,1,58.26,Lost,58.26
500470,2025-03-14,10070,Pen Pack,Stationery,2,40.73,Lost,81.46
500470,2025-03-14,10070,Highlighter,Stationery,1,74.87,Lost,74.87
501028,2025-03-14,10152,Tea Pack,Grocery,1,107.65,Champions,107.65
501028,2025-03-14,10152,Sugar,Grocery,1,54.11,Champions,54.11
501028,2025-03-14,10152,Milk,Grocery,2,36.07,Champions,72.14
501028,2025-03-14,10152,USB Cable,Tech,1,173.64,Champions,173.64
501268,2025-03-14,10189,Baby Diapers,Baby Care,1,546.86,Loyal,546.86
501268,2025-03-14,10189,Baby Wipes,Baby Care,1,184.37,Loyal,184.37
501268,2025-03-14,10189,Baby Lotion,Baby Care,1,224.21,Loyal,224.21
501350,2025-03-14,10202,Lunch Box,Lifestyle,2,337.92,Champions,675.84
501350,2025-03-14,10202,Water Bottle,Lifestyle,1,244.01,Champions,244.01
501595,2025-03-14,10235,Baby Diapers,Baby Care,2,565.66,At Risk,1131.32
501595,2025-03-14,10235,Baby Wipes,Baby Care,1,175.77,At Risk,175.77
501595,2025-03-14,10235,Baby Lotion,Baby Care,1,259.82,At Risk,259.82
501734,2025-03-14,10259,Coffee Powder,Grocery,3,205.97,Champions,617.91
501734,2025-03-14,10259,Sugar,Grocery,1,48.56,Champions,48.56
501734,2025-03-14,10259,Milk,Grocery,1,37.44,Champions,37.44
502176,2025-03-14,10325,Notebook,Stationery,1,61.79,At Risk,61.79
502176,2025-03-14,10325,Pen Pack,Stationery,1,44.95,At Risk,44.95
502176,2025-03-14,10325,Highlighter,Stationery,3,80.97,At Risk,242.91
500131,2025-03-15,10020,Novel,Books,3,268.1,At Risk,804.3
500131,2025-03-15,10020,Exam Guide,Books,1,381.52,At Risk,381.52
500536,2025-03-15,10079,Notebook,Stationery,1,57.22,Champions,57.22
500536,2025-03-15,10079,Pen Pack,Stationery,1,40.56,Champions,40.56
500536,2025-03-15,10079,Highlighter,Stationery,1,75.17,Champions,75.17
500554,2025-03-15,10081,Lunch Box,Lifestyle,1,336.92,At Risk,336.92
500554,2025-03-15,10081,Water Bottle,Lifestyle,2,249.57,At Risk,499.14
500554,2025-03-15,10081,Protein Bar,Fitness,1,82.94,At Risk,82.94
500709,2025-03-15,10104,Yoga Mat,Fitness,1,643.57,Lost,643.57
500709,2025-03-15,10104,Protein Bar,Fitness,1,80.24,Lost,80.24
500709,2025-03-15,10104,Water Bottle,Lifestyle,1,269.33,Lost,269.33
500993,2025-03-15,10148,Yoga Mat,Fitness,1,606.31,Champions,606.31
500993,2025-03-15,10148,Protein Bar,Fitness,1,95.11,Champions,95.11
500993,2025-03-15,10148,Water Bottle,Lifestyle,1,247.09,Champions,247.09
501049,2025-03-15,10156,Baby Diapers,Baby Care,1,521.4,At Risk,521.4
501049,2025-03-15,10156,Baby Wipes,Baby Care,1,197.03,At Risk,197.03
501049,2025-03-15,10156,Baby Lotion,Baby Care,2,239.67,At Risk,479.34
501253,2025-03-15,10184,Novel,Books,1,213.24,Loyal,213.24
501253,2025-03-15,10184,Exam Guide,Books,2,457.08,Loyal,914.16
501336,2025-03-15,10201,Notebook,Stationery,2,53.64,Champions,107.28
501336,2025-03-15,10201,Pen Pack,Stationery,1,43.76,Champions,43.76
501336,2025-03-15,10201,Highlighter,Stationery,1,70.09,Champions,70.09
501380,2025-03-15,10206,Tea Pack,Grocery,3,125.03,Champions,375.09
501380,2025-03-15,10206,Sugar,Grocery,1,54.86,Champions,54.86
501380,2025-03-15,10206,Milk,Grocery,1,36.96,Champions,36.96
501380,2025-03-15,10206,Pen Pack,Stationery,3,41.9,Champions,125.7
502326,2025-03-15,10344,Lunch Box,Lifestyle,1,365.29,Loyal,365.29
502326,2025-03-15,10344,Water Bottle,Lifestyle,1,271.2,Loyal,271.2
502326,2025-03-15,10344,Baby Lotion,Baby Care,1,252.04,Loyal,252.04
500314,2025-03-16,10045,Novel,Books,1,250.23,At Risk,250.23
500314,2025-03-16,10045,Exam Guide,Books,2,435.63,At Risk,871.26
500314,2025-03-16,10045,Bread,Grocery,3,43.75,At Risk,131.25
500513,2025-03-16,10077,Tea Pack,Grocery,2,113.62,Champions,227.24
500513,2025-03-16,10077,Sugar,Grocery,1,55.14,Champions,55.14
500513,2025-03-16,10077,Milk,Grocery,2,36.71,Champions,73.42
500537,2025-03-16,10079,Coffee Powder,Grocery,1,176.28,Champions,176.28
500537,2025-03-16,10079,Sugar,Grocery,1,52.01,Champions,52.01
500537,2025-03-16,10079,Milk,Grocery,1,35.55,Champions,35.55
500537,2025-03-16,10079,Water Bottle,Lifestyle,1,252.24,Champions,252.24
500718,2025-03-16,10106,Notebook,Stationery,1,56.98,Loyal,56.98
500718,2025-03-16,10106,Pen Pack,Stationery,1,40.18,Loyal,40.18
500718,2025-03-16,10106,Highlighter,Stationery,1,73.31,Loyal,73.31
500735,2025-03-16,10108,Novel,Books,2,257.39,Loyal,514.78
500735,2025-03-16,10108,Exam Guide,Books,1,443.1,Loyal,443.1
500735,2025-03-16,10108,Sugar,Grocery,1,57.95,Loyal,57.95
501787,2025-03-16,10266,Dog Food,Pet Care,2,757.72,At Risk,1515.44
501787,2025-03-16,10266,Pet Shampoo,Pet Care,1,248.79,At Risk,248.79
501996,2025-03-16,10299,Dog Food,Pet Care,2,759.89,Champions,1519.78
501996,2025-03-16,10299,Pet Shampoo,Pet Care,1,254.32,Champions,254.32
502233,2025-03-16,10332,Coffee Powder,Grocery,1,183.04,Champions,183.04
502233,2025-03-16,10332,Sugar,Grocery,1,59.78,Champions,59.78
502233,2025-03-16,10332,Milk,Grocery,1,32.97,Champions,32.97
500016,2025-03-17,10003,Bread,Grocery,2,51.04,At Risk,102.08
500016,2025-03-17,10003,Butter,Grocery,2,91.2,At Risk,182.4
500016,2025-03-17,10003,Jam,Grocery,1,95.18,At Risk,95.18
500423,2025-03-17,10063,Baby Diapers,Baby Care,1,539.34,Loyal,539.34
500423,2025-03-17,10063,Baby Wipes,Baby Care,1,188.97,Loyal,188.97
500423,2025-03-17,10063,Baby Lotion,Baby Care,1,252.38,Loyal,252.38
500496,2025-03-17,10074,Coffee Powder,Grocery,2,180.44,At Risk,360.88
500496,2025-03-17,10074,Sugar,Grocery,1,57.88,At Risk,57.88
500496,2025-03-17,10074,Milk,Grocery,3,36.51,At Risk,109.53
501157,2025-03-17,10170,Lunch Box,Lifestyle,1,371.17,At Risk,371.17
501157,2025-03-17,10170,Water Bottle,Lifestyle,1,240.43,At Risk,240.43
501157,2025-03-17,10170,Lunch Box,Lifestyle,2,328.84,At Risk,657.68
501614,2025-03-17,10237,Phone Case,Tech,1,283.03,Champions,283.03
501614,2025-03-17,10237,Screen Guard,Tech,1,210.09,Champions,210.09
501614,2025-03-17,10237,USB Cable,Tech,1,206.42,Champions,206.42
501663,2025-03-17,10244,Yoga Mat,Fitness,3,674.03,Champions,2022.09
501663,2025-03-17,10244,Protein Bar,Fitness,1,88.9,Champions,88.9
501663,2025-03-17,10244,Water Bottle,Lifestyle,2,268.53,Champions,537.06
501663,2025-03-17,10244,Notebook,Stationery,1,59.05,Champions,59.05
501694,2025-03-17,10251,Phone Case,Tech,1,291.61,Loyal,291.61
501694,2025-03-17,10251,Screen Guard,Tech,1,205.07,Loyal,205.07
501694,2025-03-17,10251,USB Cable,Tech,1,178.23,Loyal,178.23
501824,2025-03-17,10270,Coffee Powder,Grocery,2,195.08,Lost,390.16
501824,2025-03-17,10270,Sugar,Grocery,1,53.82,Lost,53.82
501824,2025-03-17,10270,Milk,Grocery,1,32.58,Lost,32.58
501926,2025-03-17,10290,Notebook,Stationery,1,59.37,Champions,59.37
501926,2025-03-17,10290,Pen Pack,Stationery,2,39.08,Champions,78.16
501926,2025-03-17,10290,Highlighter,Stationery,1,75.79,Champions,75.79
502342,2025-03-17,10346,Novel,Books,1,264.05,At Risk,264.05
502342,2025-03-17,10346,Exam Guide,Books,1,384.02,At Risk,384.02
502342,2025-03-17,10346,USB Cable,Tech,1,185.47,At Risk,185.47
500013,2025-03-18,10002,Dog Food,Pet Care,2,744.45,At Risk,1488.9
500013,2025-03-18,10002,Pet Shampoo,Pet Care,1,259.95,At Risk,259.95
500013,2025-03-18,10002,Yoga Mat,Fitness,1,628.11,At Risk,628.11
500552,2025-03-18,10080,Dog Food,Pet Care,1,855.66,Lost,855.66
500552,2025-03-18,10080,Pet Shampoo,Pet Care,3,218.03,Lost,654.09
500585,2025-03-18,10084,Dog Food,Pet Care,2,699.7,Loyal,1399.4
500585,2025-03-18,10084,Pet Shampoo,Pet Care,4,289.47,Loyal,1157.88
500585,2025-03-18,10084,Pet Shampoo,Pet Care,1,254.29,Loyal,254.29
501327,2025-03-18,10200,Tea Pack,Grocery,1,135.89,At Risk,135.89
501327,2025-03-18,10200,Sugar,Grocery,1,55.28,At Risk,55.28
501327,2025-03-18,10200,Milk,Grocery,1,34.04,At Risk,34.04
501664,2025-03-18,10244,Tea Pack,Grocery,2,124.62,Champions,249.24
501664,2025-03-18,10244,Sugar,Grocery,1,59.38,Champions,59.38
501664,2025-03-18,10244,Milk,Grocery,2,33.9,Champions,67.8
501664,2025-03-18,10244,Coffee Powder,Grocery,2,190.49,Champions,380.98
501695,2025-03-18,10251,Baby Diapers,Baby Care,1,504.93,Loyal,504.93
501695,2025-03-18,10251,Baby Wipes,Baby Care,2,187.03,Loyal,374.06
501695,2025-03-18,10251,Baby Lotion,Baby Care,1,227.93,Loyal,227.93
501695,2025-03-18,10251,Tea Pack,Grocery,1,108.66,Loyal,108.66
501868,2025-03-18,10282,Notebook,Stationery,1,52.65,Loyal,52.65
501868,2025-03-18,10282,Pen Pack,Stationery,1,45.12,Loyal,45.12
501868,2025-03-18,10282,Highlighter,Stationery,1,72.51,Loyal,72.51
501957,2025-03-18,10294,Tea Pack,Grocery,1,115.07,Champions,115.07
501957,2025-03-18,10294,Sugar,Grocery,1,53.7,Champions,53.7
501957,2025-03-18,10294,Milk,Grocery,1,34.23,Champions,34.23
502173,2025-03-18,10324,Tea Pack,Grocery,1,114.58,High Value Rare,114.58
502173,2025-03-18,10324,Sugar,Grocery,1,52.5,High Value Rare,52.5
502173,2025-03-18,10324,Milk,Grocery,3,34.29,High Value Rare,102.87
502173,2025-03-18,10324,USB Cable,Tech,1,163.35,High Value Rare,163.35
502202,2025-03-18,10329,Baby Diapers,Baby Care,1,571.63,Loyal,571.63
502202,2025-03-18,10329,Baby Wipes,Baby Care,1,168.81,Loyal,168.81
502202,2025-03-18,10329,Baby Lotion,Baby Care,1,231.53,Loyal,231.53
502352,2025-03-18,10347,Dog Food,Pet Care,1,795.95,Champions,795.95
502352,2025-03-18,10347,Pet Shampoo,Pet Care,1,254.95,Champions,254.95
500641,2025-03-19,10092,Baby Diapers,Baby Care,1,551.34,Lost,551.34
500641,2025-03-19,10092,Baby Wipes,Baby Care,1,169.28,Lost,169.28
500641,2025-03-19,10092,Baby Lotion,Baby Care,1,225.78,Lost,225.78
500851,2025-03-19,10128,Baby Diapers,Baby Care,1,565.04,Champions,565.04
500851,2025-03-19,10128,Baby Wipes,Baby Care,2,192.68,Champions,385.36
500851,2025-03-19,10128,Baby Lotion,Baby Care,2,253.29,Champions,506.58
501093,2025-03-19,10162,Coffee Powder,Grocery,1,166.8,At Risk,166.8
501093,2025-03-19,10162,Sugar,Grocery,1,59.24,At Risk,59.24
501093,2025-03-19,10162,Milk,Grocery,1,36.18,At Risk,36.18
501093,2025-03-19,10162,Bread,Grocery,1,46.31,At Risk,46.31
501136,2025-03-19,10168,Phone Case,Tech,1,312.14,Champions,312.14
501136,2025-03-19,10168,Screen Guard,Tech,2,189.99,Champions,379.98
501136,2025-03-19,10168,USB Cable,Tech,1,186.08,Champions,186.08
501299,2025-03-19,10193,Novel,Books,2,247.82,At Risk,495.64
501299,2025-03-19,10193,Exam Guide,Books,1,417.79,At Risk,417.79
501299,2025-03-19,10193,Yoga Mat,Fitness,3,623.17,At Risk,1869.51
501490,2025-03-19,10218,Phone Case,Tech,1,280.9,At Risk,280.9
501490,2025-03-19,10218,Screen Guard,Tech,1,185.77,At Risk,185.77
501490,2025-03-19,10218,USB Cable,Tech,1,174.07,At Risk,174.07
501490,2025-03-19,10218,Sugar,Grocery,1,56.89,At Risk,56.89
501672,2025-03-19,10245,Yoga Mat,Fitness,1,652.72,High Value Rare,652.72
501672,2025-03-19,10245,Protein Bar,Fitness,1,82.23,High Value Rare,82.23
501672,2025-03-19,10245,Water Bottle,Lifestyle,2,249.02,High Value Rare,498.04
502078,2025-03-19,10312,Tea Pack,Grocery,1,115.76,Champions,115.76
502078,2025-03-19,10312,Sugar,Grocery,2,53.58,Champions,107.16
502078,2025-03-19,10312,Milk,Grocery,1,38.42,Champions,38.42
502222,2025-03-19,10331,Notebook,Stationery,1,57.65,At Risk,57.65
502222,2025-03-19,10331,Pen Pack,Stationery,1,37.14,At Risk,37.14
502222,2025-03-19,10331,Highlighter,Stationery,1,73.51,At Risk,73.51
502222,2025-03-19,10331,Butter,Grocery,1,95.28,At Risk,95.28
502387,2025-03-19,10077,Bluetooth Earbuds,Tech,20,1628.62,Synthetic anomaly,32572.4
500049,2025-03-20,10006,Bread,Grocery,1,42.67,Champions,42.67
500049,2025-03-20,10006,Butter,Grocery,1,97.07,Champions,97.07
500049,2025-03-20,10006,Jam,Grocery,1,106.54,Champions,106.54
500192,2025-03-20,10030,Baby Diapers,Baby Care,1,583.22,At Risk,583.22
500192,2025-03-20,10030,Baby Wipes,Baby Care,1,208.49,At Risk,208.49
500192,2025-03-20,10030,Baby Lotion,Baby Care,1,244.35,At Risk,244.35
500786,2025-03-20,10114,Bread,Grocery,2,43.46,At Risk,86.92
500786,2025-03-20,10114,Butter,Grocery,1,90.28,At Risk,90.28
500786,2025-03-20,10114,Jam,Grocery,1,108.13,At Risk,108.13
501188,2025-03-20,10175,Lunch Box,Lifestyle,1,358.09,Champions,358.09
501188,2025-03-20,10175,Water Bottle,Lifestyle,1,238.82,Champions,238.82
501310,2025-03-20,10195,Bread,Grocery,1,45.77,Loyal,45.77
501310,2025-03-20,10195,Butter,Grocery,1,95.26,Loyal,95.26
501310,2025-03-20,10195,Jam,Grocery,1,100.94,Loyal,100.94
501310,2025-03-20,10195,Tea Pack,Grocery,2,128.62,Loyal,257.24
501381,2025-03-20,10206,Dog Food,Pet Care,2,738.39,Champions,1476.78
501381,2025-03-20,10206,Pet Shampoo,Pet Care,1,270.55,Champions,270.55
501596,2025-03-20,10235,Lunch Box,Lifestyle,3,367.68,At Risk,1103.04
501596,2025-03-20,10235,Water Bottle,Lifestyle,1,257.4,At Risk,257.4
501788,2025-03-20,10266,Lunch Box,Lifestyle,1,375.89,At Risk,375.89
501788,2025-03-20,10266,Water Bottle,Lifestyle,1,240.25,At Risk,240.25
502158,2025-03-20,10322,Novel,Books,1,242.42,At Risk,242.42
502158,2025-03-20,10322,Exam Guide,Books,1,403.44,At Risk,403.44
502353,2025-03-20,10347,Bread,Grocery,2,47.12,Champions,94.24
502353,2025-03-20,10347,Butter,Grocery,1,100.32,Champions,100.32
502353,2025-03-20,10347,Jam,Grocery,1,107.68,Champions,107.68
502353,2025-03-20,10347,Baby Wipes,Baby Care,1,167.35,Champions,167.35
500111,2025-03-21,10016,Bread,Grocery,1,44.57,Loyal,44.57
500111,2025-03-21,10016,Butter,Grocery,2,92.61,Loyal,185.22
500111,2025-03-21,10016,Jam,Grocery,1,116.29,Loyal,116.29
500111,2025-03-21,10016,Phone Case,Tech,1,331.84,Loyal,331.84
500504,2025-03-21,10075,Lunch Box,Lifestyle,2,340.29,At Risk,680.58
500504,2025-03-21,10075,Water Bottle,Lifestyle,1,235.79,At Risk,235.79
500504,2025-03-21,10075,Novel,Books,1,269.55,At Risk,269.55
500697,2025-03-21,10101,Lunch Box,Lifestyle,1,341.66,At Risk,341.66
500697,2025-03-21,10101,Water Bottle,Lifestyle,1,247.34,At Risk,247.34
500713,2025-03-21,10105,Dog Food,Pet Care,1,784.75,Loyal,784.75
500713,2025-03-21,10105,Pet Shampoo,Pet Care,3,255.82,Loyal,767.46
500713,2025-03-21,10105,Baby Lotion,Baby Care,1,230.78,Loyal,230.78
501326,2025-03-21,10199,Tea Pack,Grocery,1,107.44,Lost,107.44
501326,2025-03-21,10199,Sugar,Grocery,2,56.87,Lost,113.74
501326,2025-03-21,10199,Milk,Grocery,1,34.75,Lost,34.75
501551,2025-03-21,10226,Notebook,Stationery,1,66.99,High Value Rare,66.99
501551,2025-03-21,10226,Pen Pack,Stationery,1,39.85,High Value Rare,39.85
501551,2025-03-21,10226,Highlighter,Stationery,1,72.61,High Value Rare,72.61
501708,2025-03-21,10253,Notebook,Stationery,1,59.92,Loyal,59.92
501708,2025-03-21,10253,Pen Pack,Stationery,2,37.56,Loyal,75.12
501708,2025-03-21,10253,Highlighter,Stationery,2,80.47,Loyal,160.94
502028,2025-03-21,10304,Bread,Grocery,1,40.86,At Risk,40.86
502028,2025-03-21,10304,Butter,Grocery,1,89.03,At Risk,89.03
502028,2025-03-21,10304,Jam,Grocery,4,111.26,At Risk,445.04
500193,2025-03-22,10030,Bread,Grocery,1,48.75,At Risk,48.75
500193,2025-03-22,10030,Butter,Grocery,2,87.33,At Risk,174.66
500193,2025-03-22,10030,Jam,Grocery,1,103.38,At Risk,103.38
500193,2025-03-22,10030,Jam,Grocery,1,107.81,At Risk,107.81
500798,2025-03-22,10117,Bread,Grocery,1,44.67,Loyal,44.67
500798,2025-03-22,10117,Butter,Grocery,1,101.86,Loyal,101.86
500798,2025-03-22,10117,Jam,Grocery,1,110.08,Loyal,110.08
502008,2025-03-22,10300,Coffee Powder,Grocery,2,180.45,Champions,360.9
502008,2025-03-22,10300,Sugar,Grocery,3,51.99,Champions,155.97
502008,2025-03-22,10300,Milk,Grocery,3,35.56,Champions,106.68
502294,2025-03-22,10339,Lunch Box,Lifestyle,1,347.59,Champions,347.59
502294,2025-03-22,10339,Water Bottle,Lifestyle,1,225.18,Champions,225.18
500452,2025-03-23,10068,Notebook,Stationery,1,62.77,Champions,62.77
500452,2025-03-23,10068,Pen Pack,Stationery,1,37.74,Champions,37.74
500452,2025-03-23,10068,Highlighter,Stationery,1,72.32,Champions,72.32
500482,2025-03-23,10072,Notebook,Stationery,1,57.71,Champions,57.71
500482,2025-03-23,10072,Pen Pack,Stationery,1,41.23,Champions,41.23
500482,2025-03-23,10072,Highlighter,Stationery,2,77.5,Champions,155.0
500563,2025-03-23,10082,Bread,Grocery,1,43.86,Loyal,43.86
500563,2025-03-23,10082,Butter,Grocery,1,93.8,Loyal,93.8
500563,2025-03-23,10082,Jam,Grocery,2,103.62,Loyal,207.24
500563,2025-03-23,10082,Screen Guard,Tech,1,189.25,Loyal,189.25
501418,2025-03-23,10210,Tea Pack,Grocery,1,117.3,New,117.3
501418,2025-03-23,10210,Sugar,Grocery,1,53.02,New,53.02
501418,2025-03-23,10210,Milk,Grocery,1,37.39,New,37.39
501418,2025-03-23,10210,Dumbbell Pair,Fitness,1,1169.2,New,1169.2
501435,2025-03-23,10212,Lunch Box,Lifestyle,1,334.11,At Risk,334.11
501435,2025-03-23,10212,Water Bottle,Lifestyle,2,239.22,At Risk,478.44
501547,2025-03-23,10225,Lunch Box,Lifestyle,1,370.41,Loyal,370.41
501547,2025-03-23,10225,Water Bottle,Lifestyle,1,256.11,Loyal,256.11
501648,2025-03-23,10243,Dog Food,Pet Care,1,805.15,Loyal,805.15
501648,2025-03-23,10243,Pet Shampoo,Pet Care,1,291.1,Loyal,291.1
501678,2025-03-23,10248,Baby Diapers,Baby Care,1,557.42,High Value Rare,557.42
501678,2025-03-23,10248,Baby Wipes,Baby Care,1,176.89,High Value Rare,176.89
501678,2025-03-23,10248,Baby Lotion,Baby Care,1,225.99,High Value Rare,225.99
501936,2025-03-23,10291,Baby Diapers,Baby Care,1,559.35,Champions,559.35
501936,2025-03-23,10291,Baby Wipes,Baby Care,1,167.21,Champions,167.21
501936,2025-03-23,10291,Baby Lotion,Baby Care,3,241.3,Champions,723.9
502109,2025-03-23,10317,Coffee Powder,Grocery,1,194.01,Champions,194.01
502109,2025-03-23,10317,Sugar,Grocery,1,55.36,Champions,55.36
502109,2025-03-23,10317,Milk,Grocery,1,32.65,Champions,32.65
502144,2025-03-23,10321,Novel,Books,1,272.67,At Risk,272.67
502144,2025-03-23,10321,Exam Guide,Books,1,425.22,At Risk,425.22
502144,2025-03-23,10321,Baby Diapers,Baby Care,1,534.02,At Risk,534.02
500290,2025-03-24,10042,Dog Food,Pet Care,1,818.49,Champions,818.49
500290,2025-03-24,10042,Pet Shampoo,Pet Care,1,254.33,Champions,254.33
500632,2025-03-24,10091,Baby Diapers,Baby Care,1,544.08,At Risk,544.08
500632,2025-03-24,10091,Baby Wipes,Baby Care,2,173.69,At Risk,347.38
500632,2025-03-24,10091,Baby Lotion,Baby Care,1,259.27,At Risk,259.27
500667,2025-03-24,10099,Notebook,Stationery,1,62.42,Champions,62.42
500667,2025-03-24,10099,Pen Pack,Stationery,1,42.79,Champions,42.79
500667,2025-03-24,10099,Highlighter,Stationery,2,74.29,Champions,148.58
500726,2025-03-24,10107,Bread,Grocery,1,41.84,At Risk,41.84
500726,2025-03-24,10107,Butter,Grocery,1,98.86,At Risk,98.86
500726,2025-03-24,10107,Jam,Grocery,1,102.67,At Risk,102.67
501127,2025-03-24,10167,Tea Pack,Grocery,1,112.58,Loyal,112.58
501127,2025-03-24,10167,Sugar,Grocery,3,51.39,Loyal,154.17
501127,2025-03-24,10167,Milk,Grocery,1,37.17,Loyal,37.17
501249,2025-03-24,10183,Notebook,Stationery,2,64.66,Lost,129.32
501249,2025-03-24,10183,Pen Pack,Stationery,1,43.16,Lost,43.16
501249,2025-03-24,10183,Highlighter,Stationery,1,79.09,Lost,79.09
501249,2025-03-24,10183,Coffee Powder,Grocery,1,185.64,Lost,185.64
501280,2025-03-24,10190,Baby Diapers,Baby Care,2,530.45,Champions,1060.9
501280,2025-03-24,10190,Baby Wipes,Baby Care,1,176.34,Champions,176.34
501280,2025-03-24,10190,Baby Lotion,Baby Care,2,213.66,Champions,427.32
501280,2025-03-24,10190,Novel,Books,1,265.05,Champions,265.05
501673,2025-03-24,10245,Coffee Powder,Grocery,2,176.14,High Value Rare,352.28
501673,2025-03-24,10245,Sugar,Grocery,1,51.8,High Value Rare,51.8
501673,2025-03-24,10245,Milk,Grocery,1,38.25,High Value Rare,38.25
501896,2025-03-24,10285,Dog Food,Pet Care,2,822.08,Champions,1644.16
501896,2025-03-24,10285,Pet Shampoo,Pet Care,1,254.49,Champions,254.49
501918,2025-03-24,10289,Baby Diapers,Baby Care,1,532.3,At Risk,532.3
501918,2025-03-24,10289,Baby Wipes,Baby Care,1,163.71,At Risk,163.71
501918,2025-03-24,10289,Baby Lotion,Baby Care,1,251.18,At Risk,251.18
501918,2025-03-24,10289,Screen Guard,Tech,1,203.75,At Risk,203.75
502009,2025-03-24,10300,Notebook,Stationery,2,60.25,Champions,120.5
502009,2025-03-24,10300,Pen Pack,Stationery,1,39.0,Champions,39.0
502009,2025-03-24,10300,Highlighter,Stationery,1,73.11,Champions,73.11
502243,2025-03-24,10333,Coffee Powder,Grocery,2,167.27,Champions,334.54
502243,2025-03-24,10333,Sugar,Grocery,2,54.7,Champions,109.4
502243,2025-03-24,10333,Milk,Grocery,1,32.95,Champions,32.95
502243,2025-03-24,10333,Baby Wipes,Baby Care,1,184.08,Champions,184.08
500651,2025-03-25,10097,Tea Pack,Grocery,1,102.51,New,102.51
500651,2025-03-25,10097,Sugar,Grocery,1,58.27,New,58.27
500651,2025-03-25,10097,Milk,Grocery,1,35.52,New,35.52
500651,2025-03-25,10097,Exam Guide,Books,1,465.93,New,465.93
500880,2025-03-25,10132,Baby Diapers,Baby Care,1,551.61,Champions,551.61
500880,2025-03-25,10132,Baby Wipes,Baby Care,1,175.41,Champions,175.41
500880,2025-03-25,10132,Baby Lotion,Baby Care,1,267.24,Champions,267.24
500951,2025-03-25,10143,Lunch Box,Lifestyle,1,362.27,Loyal,362.27
500951,2025-03-25,10143,Water Bottle,Lifestyle,1,232.24,Loyal,232.24
501094,2025-03-25,10162,Yoga Mat,Fitness,2,625.33,At Risk,1250.66
501094,2025-03-25,10162,Protein Bar,Fitness,2,83.67,At Risk,167.34
501094,2025-03-25,10162,Water Bottle,Lifestyle,1,236.51,At Risk,236.51
501536,2025-03-25,10224,Tea Pack,Grocery,1,117.07,Loyal,117.07
501536,2025-03-25,10224,Sugar,Grocery,1,50.98,Loyal,50.98
501536,2025-03-25,10224,Milk,Grocery,4,34.73,Loyal,138.92
501559,2025-03-25,10227,Coffee Powder,Grocery,1,183.94,Loyal,183.94
501559,2025-03-25,10227,Sugar,Grocery,1,58.84,Loyal,58.84
501559,2025-03-25,10227,Milk,Grocery,2,38.08,Loyal,76.16
501676,2025-03-25,10247,Bread,Grocery,1,52.11,High Value Rare,52.11
501676,2025-03-25,10247,Butter,Grocery,1,100.42,High Value Rare,100.42
501676,2025-03-25,10247,Jam,Grocery,1,119.67,High Value Rare,119.67
501676,2025-03-25,10247,Baby Lotion,Baby Care,1,249.45,High Value Rare,249.45
500727,2025-03-26,10107,Phone Case,Tech,1,278.18,At Risk,278.18
500727,2025-03-26,10107,Screen Guard,Tech,1,206.29,At Risk,206.29
500727,2025-03-26,10107,USB Cable,Tech,1,181.76,At Risk,181.76
500727,2025-03-26,10107,Novel,Books,1,260.26,At Risk,260.26
500826,2025-03-26,10123,Phone Case,Tech,2,296.39,Champions,592.78
500826,2025-03-26,10123,Screen Guard,Tech,1,179.83,Champions,179.83
500826,2025-03-26,10123,USB Cable,Tech,2,178.28,Champions,356.56
500826,2025-03-26,10123,Lunch Box,Lifestyle,3,361.95,Champions,1085.85
500841,2025-03-26,10125,Dog Food,Pet Care,1,728.61,New,728.61
500841,2025-03-26,10125,Pet Shampoo,Pet Care,4,277.11,New,1108.44
501137,2025-03-26,10168,Baby Diapers,Baby Care,2,543.17,Champions,1086.34
501137,2025-03-26,10168,Baby Wipes,Baby Care,1,172.54,Champions,172.54
501137,2025-03-26,10168,Baby Lotion,Baby Care,2,223.94,Champions,447.88
501368,2025-03-26,10205,Yoga Mat,Fitness,1,702.88,Champions,702.88
501368,2025-03-26,10205,Protein Bar,Fitness,2,80.45,Champions,160.9
501368,2025-03-26,10205,Water Bottle,Lifestyle,2,250.22,Champions,500.44
501806,2025-03-26,10268,Dog Food,Pet Care,1,751.0,Loyal,751.0
501806,2025-03-26,10268,Pet Shampoo,Pet Care,1,265.04,Loyal,265.04
501997,2025-03-26,10299,Coffee Powder,Grocery,1,176.68,Champions,176.68
501997,2025-03-26,10299,Sugar,Grocery,1,61.55,Champions,61.55
501997,2025-03-26,10299,Milk,Grocery,1,39.3,Champions,39.3
501997,2025-03-26,10299,Baby Wipes,Baby Care,1,198.67,Champions,198.67
502323,2025-03-26,10343,Novel,Books,1,241.27,New,241.27
502323,2025-03-26,10343,Exam Guide,Books,1,390.54,New,390.54
502323,2025-03-26,10343,Sugar,Grocery,1,55.88,New,55.88
500642,2025-03-27,10092,Yoga Mat,Fitness,1,615.03,Lost,615.03
500642,2025-03-27,10092,Protein Bar,Fitness,1,90.54,Lost,90.54
500642,2025-03-27,10092,Water Bottle,Lifestyle,4,245.38,Lost,981.52
500642,2025-03-27,10092,Dog Food,Pet Care,1,845.72,Lost,845.72
500744,2025-03-27,10109,Bread,Grocery,1,46.16,Champions,46.16
500744,2025-03-27,10109,Butter,Grocery,1,95.76,Champions,95.76
500744,2025-03-27,10109,Jam,Grocery,3,113.69,Champions,341.07
500744,2025-03-27,10109,Baby Wipes,Baby Care,1,189.91,Champions,189.91
500758,2025-03-27,10110,Bread,Grocery,2,43.46,Loyal,86.92
500758,2025-03-27,10110,Butter,Grocery,1,100.38,Loyal,100.38
500758,2025-03-27,10110,Jam,Grocery,2,109.28,Loyal,218.56
501363,2025-03-27,10204,Novel,Books,1,238.52,At Risk,238.52
501363,2025-03-27,10204,Exam Guide,Books,1,468.53,At Risk,468.53
501796,2025-03-27,10267,Baby Diapers,Baby Care,1,505.89,At Risk,505.89
501796,2025-03-27,10267,Baby Wipes,Baby Care,2,158.64,At Risk,317.28
501796,2025-03-27,10267,Baby Lotion,Baby Care,1,237.32,At Risk,237.32
501796,2025-03-27,10267,Tea Pack,Grocery,1,136.5,At Risk,136.5
502244,2025-03-27,10333,Yoga Mat,Fitness,1,666.18,Champions,666.18
502244,2025-03-27,10333,Protein Bar,Fitness,2,90.28,Champions,180.56
502244,2025-03-27,10333,Water Bottle,Lifestyle,1,239.49,Champions,239.49
500378,2025-03-28,10058,Notebook,Stationery,1,62.64,Champions,62.64
500378,2025-03-28,10058,Pen Pack,Stationery,1,39.22,Champions,39.22
500378,2025-03-28,10058,Highlighter,Stationery,1,78.09,Champions,78.09
500378,2025-03-28,10058,Baby Wipes,Baby Care,1,181.78,Champions,181.78
501207,2025-03-28,10177,Notebook,Stationery,4,57.64,Loyal,230.56
501207,2025-03-28,10177,Pen Pack,Stationery,1,37.54,Loyal,37.54
501207,2025-03-28,10177,Highlighter,Stationery,1,64.29,Loyal,64.29
501263,2025-03-28,10188,Tea Pack,Grocery,4,114.91,New,459.64
501263,2025-03-28,10188,Sugar,Grocery,2,57.3,New,114.6
501263,2025-03-28,10188,Milk,Grocery,1,36.51,New,36.51
501436,2025-03-28,10212,Tea Pack,Grocery,1,117.1,At Risk,117.1
501436,2025-03-28,10212,Sugar,Grocery,1,54.13,At Risk,54.13
501436,2025-03-28,10212,Milk,Grocery,1,34.24,At Risk,34.24
501436,2025-03-28,10212,Baby Lotion,Baby Care,1,233.73,At Risk,233.73
501500,2025-03-28,10220,Yoga Mat,Fitness,2,647.27,At Risk,1294.54
501500,2025-03-28,10220,Protein Bar,Fitness,1,92.29,At Risk,92.29
501500,2025-03-28,10220,Water Bottle,Lifestyle,1,262.82,At Risk,262.82
501500,2025-03-28,10220,Milk,Grocery,2,30.62,At Risk,61.24
500586,2025-03-29,10084,Bread,Grocery,4,44.43,Loyal,177.72
500586,2025-03-29,10084,Butter,Grocery,2,97.41,Loyal,194.82
500586,2025-03-29,10084,Jam,Grocery,1,109.43,Loyal,109.43
500787,2025-03-29,10114,Novel,Books,1,251.02,At Risk,251.02
500787,2025-03-29,10114,Exam Guide,Books,1,357.0,At Risk,357.0
500787,2025-03-29,10114,Butter,Grocery,1,90.21,At Risk,90.21
500811,2025-03-29,10120,Dog Food,Pet Care,1,761.9,Lost,761.9
500811,2025-03-29,10120,Pet Shampoo,Pet Care,1,265.21,Lost,265.21
501109,2025-03-29,10164,Phone Case,Tech,2,303.06,Champions,606.12
501109,2025-03-29,10164,Screen Guard,Tech,1,195.56,Champions,195.56
501109,2025-03-29,10164,USB Cable,Tech,1,177.66,Champions,177.66
501437,2025-03-29,10212,Phone Case,Tech,2,296.26,At Risk,592.52
501437,2025-03-29,10212,Screen Guard,Tech,1,184.5,At Risk,184.5
501437,2025-03-29,10212,USB Cable,Tech,2,163.54,At Risk,327.08
501437,2025-03-29,10212,Exam Guide,Books,1,458.32,At Risk,458.32
501480,2025-03-29,10217,Dog Food,Pet Care,3,800.14,At Risk,2400.42
501480,2025-03-29,10217,Pet Shampoo,Pet Care,2,280.39,At Risk,560.78
500035,2025-03-30,10005,Dog Food,Pet Care,3,745.8,Champions,2237.4
500035,2025-03-30,10005,Pet Shampoo,Pet Care,2,256.91,Champions,513.82
500035,2025-03-30,10005,Phone Case,Tech,3,292.19,Champions,876.57
500099,2025-03-30,10015,Novel,Books,1,253.36,Loyal,253.36
500099,2025-03-30,10015,Exam Guide,Books,2,477.81,Loyal,955.62
500424,2025-03-30,10063,Coffee Powder,Grocery,1,178.04,Loyal,178.04
500424,2025-03-30,10063,Sugar,Grocery,1,54.81,Loyal,54.81
500424,2025-03-30,10063,Milk,Grocery,2,32.56,Loyal,65.12
500505,2025-03-30,10075,Novel,Books,2,246.67,At Risk,493.34
500505,2025-03-30,10075,Exam Guide,Books,1,411.45,At Risk,411.45
500505,2025-03-30,10075,Jam,Grocery,2,102.96,At Risk,205.92
502062,2025-03-30,10311,Phone Case,Tech,2,296.04,Champions,592.08
502062,2025-03-30,10311,Screen Guard,Tech,1,208.13,Champions,208.13
502062,2025-03-30,10311,USB Cable,Tech,1,175.16,Champions,175.16
502062,2025-03-30,10311,Notebook,Stationery,1,61.16,Champions,61.16
502203,2025-03-30,10329,Yoga Mat,Fitness,1,678.76,Loyal,678.76
502203,2025-03-30,10329,Protein Bar,Fitness,1,87.97,Loyal,87.97
502203,2025-03-30,10329,Water Bottle,Lifestyle,1,255.0,Loyal,255.0
500472,2025-03-31,10071,Phone Case,Tech,4,305.82,Loyal,1223.28
500472,2025-03-31,10071,Screen Guard,Tech,1,207.1,Loyal,207.1
500472,2025-03-31,10071,USB Cable,Tech,1,183.68,Loyal,183.68
500623,2025-03-31,10090,Lunch Box,Lifestyle,1,327.18,Champions,327.18
500623,2025-03-31,10090,Water Bottle,Lifestyle,1,231.11,Champions,231.11
501179,2025-03-31,10174,Notebook,Stationery,3,61.51,At Risk,184.53
501179,2025-03-31,10174,Pen Pack,Stationery,1,35.84,At Risk,35.84
501179,2025-03-31,10174,Highlighter,Stationery,1,70.95,At Risk,70.95
501408,2025-03-31,10209,Coffee Powder,Grocery,1,171.12,Champions,171.12
501408,2025-03-31,10209,Sugar,Grocery,2,52.43,Champions,104.86
501408,2025-03-31,10209,Milk,Grocery,4,33.27,Champions,133.08
501408,2025-03-31,10209,Sugar,Grocery,2,55.22,Champions,110.44
501511,2025-03-31,10222,Baby Diapers,Baby Care,2,552.82,Champions,1105.64
501511,2025-03-31,10222,Baby Wipes,Baby Care,4,189.82,Champions,759.28
501511,2025-03-31,10222,Baby Lotion,Baby Care,1,237.52,Champions,237.52
501685,2025-03-31,10250,Dog Food,Pet Care,1,676.54,Loyal,676.54
501685,2025-03-31,10250,Pet Shampoo,Pet Care,1,294.3,Loyal,294.3
501958,2025-03-31,10294,Bread,Grocery,1,51.45,Champions,51.45
501958,2025-03-31,10294,Butter,Grocery,2,92.9,Champions,185.8
501958,2025-03-31,10294,Jam,Grocery,1,107.02,Champions,107.02
502029,2025-03-31,10304,Bread,Grocery,2,42.14,At Risk,84.28
502029,2025-03-31,10304,Butter,Grocery,3,91.8,At Risk,275.4
502029,2025-03-31,10304,Jam,Grocery,1,106.4,At Risk,106.4
502145,2025-03-31,10321,Notebook,Stationery,1,63.56,At Risk,63.56
502145,2025-03-31,10321,Pen Pack,Stationery,1,38.84,At Risk,38.84
502145,2025-03-31,10321,Highlighter,Stationery,1,82.73,At Risk,82.73
502193,2025-03-31,10328,Baby Diapers,Baby Care,1,544.62,Loyal,544.62
502193,2025-03-31,10328,Baby Wipes,Baby Care,1,174.58,Loyal,174.58
502193,2025-03-31,10328,Baby Lotion,Baby Care,1,236.77,Loyal,236.77
502213,2025-03-31,10330,Coffee Powder,Grocery,1,184.2,Loyal,184.2
502213,2025-03-31,10330,Sugar,Grocery,1,56.43,Loyal,56.43
502213,2025-03-31,10330,Milk,Grocery,1,36.0,Loyal,36.0
502213,2025-03-31,10330,Notebook,Stationery,1,63.96,Loyal,63.96
502234,2025-03-31,10332,Novel,Books,2,267.11,Champions,534.22
502234,2025-03-31,10332,Exam Guide,Books,1,448.73,Champions,448.73
500100,2025-04-01,10015,Coffee Powder,Grocery,2,178.63,Loyal,357.26
500100,2025-04-01,10015,Sugar,Grocery,1,56.27,Loyal,56.27
500100,2025-04-01,10015,Milk,Grocery,1,37.69,Loyal,37.69
501180,2025-04-01,10174,Yoga Mat,Fitness,1,650.79,At Risk,650.79
501180,2025-04-01,10174,Protein Bar,Fitness,1,93.04,At Risk,93.04
501180,2025-04-01,10174,Water Bottle,Lifestyle,1,250.64,At Risk,250.64
501180,2025-04-01,10174,Jam,Grocery,1,113.01,At Risk,113.01
501608,2025-04-01,10236,Bread,Grocery,1,47.53,Loyal,47.53
501608,2025-04-01,10236,Butter,Grocery,1,100.28,Loyal,100.28
501608,2025-04-01,10236,Jam,Grocery,3,117.2,Loyal,351.6
501797,2025-04-01,10267,Baby Diapers,Baby Care,1,491.06,At Risk,491.06
501797,2025-04-01,10267,Baby Wipes,Baby Care,1,162.95,At Risk,162.95
501797,2025-04-01,10267,Baby Lotion,Baby Care,1,257.38,At Risk,257.38
501797,2025-04-01,10267,USB Cable,Tech,1,186.76,At Risk,186.76
502063,2025-04-01,10311,Baby Diapers,Baby Care,1,537.2,Champions,537.2
502063,2025-04-01,10311,Baby Wipes,Baby Care,2,197.23,Champions,394.46
502063,2025-04-01,10311,Baby Lotion,Baby Care,2,223.21,Champions,446.42
502063,2025-04-01,10311,Jam,Grocery,1,105.48,Champions,105.48
502194,2025-04-01,10328,Tea Pack,Grocery,1,121.75,Loyal,121.75
502194,2025-04-01,10328,Sugar,Grocery,1,52.86,Loyal,52.86
502194,2025-04-01,10328,Milk,Grocery,3,33.07,Loyal,99.21
502327,2025-04-01,10344,Yoga Mat,Fitness,2,732.9,Loyal,1465.8
502327,2025-04-01,10344,Protein Bar,Fitness,3,88.82,Loyal,266.46
502327,2025-04-01,10344,Water Bottle,Lifestyle,1,268.7,Loyal,268.7
500066,2025-04-02,10008,Coffee Powder,Grocery,2,159.21,At Risk,318.42
500066,2025-04-02,10008,Sugar,Grocery,1,54.74,At Risk,54.74
500066,2025-04-02,10008,Milk,Grocery,1,31.19,At Risk,31.19
500074,2025-04-02,10009,Yoga Mat,Fitness,2,705.06,At Risk,1410.12
500074,2025-04-02,10009,Protein Bar,Fitness,1,87.03,At Risk,87.03
500074,2025-04-02,10009,Water Bottle,Lifestyle,1,243.37,At Risk,243.37
500538,2025-04-02,10079,Baby Diapers,Baby Care,2,529.72,Champions,1059.44
500538,2025-04-02,10079,Baby Wipes,Baby Care,2,184.26,Champions,368.52
500538,2025-04-02,10079,Baby Lotion,Baby Care,1,235.34,Champions,235.34
500766,2025-04-02,10111,Notebook,Stationery,2,56.19,Champions,112.38
500766,2025-04-02,10111,Pen Pack,Stationery,1,41.07,Champions,41.07
500766,2025-04-02,10111,Highlighter,Stationery,1,75.47,Champions,75.47
500788,2025-04-02,10114,Tea Pack,Grocery,1,118.79,At Risk,118.79
500788,2025-04-02,10114,Sugar,Grocery,1,52.28,At Risk,52.28
500788,2025-04-02,10114,Milk,Grocery,2,40.53,At Risk,81.06
500788,2025-04-02,10114,Dog Food,Pet Care,3,809.49,At Risk,2428.47
500844,2025-04-02,10126,Yoga Mat,Fitness,1,686.28,Lost,686.28
500844,2025-04-02,10126,Protein Bar,Fitness,2,86.02,Lost,172.04
500844,2025-04-02,10126,Water Bottle,Lifestyle,1,250.88,Lost,250.88
501364,2025-04-02,10204,Phone Case,Tech,1,294.48,At Risk,294.48
501364,2025-04-02,10204,Screen Guard,Tech,1,219.97,At Risk,219.97
501364,2025-04-02,10204,USB Cable,Tech,1,162.71,At Risk,162.71
501364,2025-04-02,10204,Protein Bar,Fitness,1,92.38,At Risk,92.38
501909,2025-04-02,10288,Bread,Grocery,1,45.61,Loyal,45.61
501909,2025-04-02,10288,Butter,Grocery,1,107.43,Loyal,107.43
501909,2025-04-02,10288,Jam,Grocery,1,112.98,Loyal,112.98
501919,2025-04-02,10289,Novel,Books,1,247.57,At Risk,247.57
501919,2025-04-02,10289,Exam Guide,Books,2,419.28,At Risk,838.56
501919,2025-04-02,10289,Lunch Box,Lifestyle,1,339.05,At Risk,339.05
501937,2025-04-02,10291,Lunch Box,Lifestyle,2,361.4,Champions,722.8
501937,2025-04-02,10291,Water Bottle,Lifestyle,2,244.15,Champions,488.3
501937,2025-04-02,10291,Baby Wipes,Baby Care,1,196.95,Champions,196.95
502214,2025-04-02,10330,Dog Food,Pet Care,1,750.32,Loyal,750.32
502214,2025-04-02,10330,Pet Shampoo,Pet Care,2,253.53,Loyal,507.06
502223,2025-04-02,10331,Novel,Books,1,240.04,At Risk,240.04
502223,2025-04-02,10331,Exam Guide,Books,1,433.28,At Risk,433.28
502223,2025-04-02,10331,Pet Shampoo,Pet Care,1,251.67,At Risk,251.67
500358,2025-04-03,10056,Baby Diapers,Baby Care,1,550.31,Champions,550.31
500358,2025-04-03,10056,Baby Wipes,Baby Care,1,183.27,Champions,183.27
500358,2025-04-03,10056,Baby Lotion,Baby Care,1,231.52,Champions,231.52
500497,2025-04-03,10074,Dog Food,Pet Care,1,706.99,At Risk,706.99
500497,2025-04-03,10074,Pet Shampoo,Pet Care,1,277.07,At Risk,277.07
501050,2025-04-03,10156,Baby Diapers,Baby Care,1,566.77,At Risk,566.77
501050,2025-04-03,10156,Baby Wipes,Baby Care,1,184.49,At Risk,184.49
501050,2025-04-03,10156,Baby Lotion,Baby Care,3,246.61,At Risk,739.83
501050,2025-04-03,10156,Dog Food,Pet Care,2,843.68,At Risk,1687.36
501462,2025-04-03,10215,Yoga Mat,Fitness,1,618.87,Loyal,618.87
501462,2025-04-03,10215,Protein Bar,Fitness,3,89.63,Loyal,268.89
501462,2025-04-03,10215,Water Bottle,Lifestyle,1,238.19,Loyal,238.19
501751,2025-04-03,10260,Phone Case,Tech,1,271.72,At Risk,271.72
501751,2025-04-03,10260,Screen Guard,Tech,2,193.47,At Risk,386.94
501751,2025-04-03,10260,USB Cable,Tech,3,190.38,At Risk,571.14
501751,2025-04-03,10260,Lunch Box,Lifestyle,1,362.51,At Risk,362.51
501920,2025-04-03,10289,Novel,Books,1,242.75,At Risk,242.75
501920,2025-04-03,10289,Exam Guide,Books,1,445.02,At Risk,445.02
501920,2025-04-03,10289,Notebook,Stationery,1,54.19,At Risk,54.19
501975,2025-04-03,10297,Novel,Books,1,277.1,Loyal,277.1
501975,2025-04-03,10297,Exam Guide,Books,1,452.34,Loyal,452.34
500036,2025-04-04,10005,Yoga Mat,Fitness,1,672.94,Champions,672.94
500036,2025-04-04,10005,Protein Bar,Fitness,1,92.75,Champions,92.75
500036,2025-04-04,10005,Water Bottle,Lifestyle,1,227.36,Champions,227.36
500291,2025-04-04,10042,Dog Food,Pet Care,1,793.88,Champions,793.88
500291,2025-04-04,10042,Pet Shampoo,Pet Care,3,268.33,Champions,804.99
500291,2025-04-04,10042,Baby Diapers,Baby Care,2,599.27,Champions,1198.54
500352,2025-04-04,10054,Notebook,Stationery,1,57.12,At Risk,57.12
500352,2025-04-04,10054,Pen Pack,Stationery,1,37.89,At Risk,37.89
500352,2025-04-04,10054,Highlighter,Stationery,1,70.59,At Risk,70.59
500614,2025-04-04,10088,Baby Diapers,Baby Care,1,590.95,Lost,590.95
500614,2025-04-04,10088,Baby Wipes,Baby Care,1,189.14,Lost,189.14
500614,2025-04-04,10088,Baby Lotion,Baby Care,1,218.93,Lost,218.93
500759,2025-04-04,10110,Notebook,Stationery,1,51.63,Loyal,51.63
500759,2025-04-04,10110,Pen Pack,Stationery,1,39.29,Loyal,39.29
500759,2025-04-04,10110,Highlighter,Stationery,2,76.02,Loyal,152.04
501009,2025-04-04,10149,Lunch Box,Lifestyle,1,337.45,Loyal,337.45
501009,2025-04-04,10149,Water Bottle,Lifestyle,1,256.45,Loyal,256.45
501044,2025-04-04,10155,Dog Food,Pet Care,1,747.6,Loyal,747.6
501044,2025-04-04,10155,Pet Shampoo,Pet Care,2,233.91,Loyal,467.82
501044,2025-04-04,10155,Baby Wipes,Baby Care,1,183.18,Loyal,183.18
501938,2025-04-04,10291,Yoga Mat,Fitness,1,628.45,Champions,628.45
501938,2025-04-04,10291,Protein Bar,Fitness,1,86.11,Champions,86.11
501938,2025-04-04,10291,Water Bottle,Lifestyle,1,259.64,Champions,259.64
502343,2025-04-04,10346,Novel,Books,1,262.76,At Risk,262.76
502343,2025-04-04,10346,Exam Guide,Books,1,425.49,At Risk,425.49
500379,2025-04-05,10058,Lunch Box,Lifestyle,2,343.01,Champions,686.02
500379,2025-04-05,10058,Water Bottle,Lifestyle,1,250.08,Champions,250.08
500952,2025-04-05,10143,Novel,Books,1,257.76,Loyal,257.76
500952,2025-04-05,10143,Exam Guide,Books,1,390.66,Loyal,390.66
501481,2025-04-05,10217,Baby Diapers,Baby Care,1,556.38,At Risk,556.38
501481,2025-04-05,10217,Baby Wipes,Baby Care,1,188.61,At Risk,188.61
501481,2025-04-05,10217,Baby Lotion,Baby Care,1,256.37,At Risk,256.37
501481,2025-04-05,10217,Dog Food,Pet Care,1,845.14,At Risk,845.14
501639,2025-04-05,10240,Dog Food,Pet Care,1,802.56,High Value Rare,802.56
501639,2025-04-05,10240,Pet Shampoo,Pet Care,2,257.51,High Value Rare,515.02
501752,2025-04-05,10260,Baby Diapers,Baby Care,1,509.75,At Risk,509.75
501752,2025-04-05,10260,Baby Wipes,Baby Care,2,192.24,At Risk,384.48
501752,2025-04-05,10260,Baby Lotion,Baby Care,1,251.9,At Risk,251.9
501850,2025-04-05,10278,Yoga Mat,Fitness,4,682.47,At Risk,2729.88
501850,2025-04-05,10278,Protein Bar,Fitness,1,91.47,At Risk,91.47
501850,2025-04-05,10278,Water Bottle,Lifestyle,1,243.0,At Risk,243.0
502030,2025-04-05,10304,Coffee Powder,Grocery,1,176.0,At Risk,176.0
502030,2025-04-05,10304,Sugar,Grocery,1,54.24,At Risk,54.24
502030,2025-04-05,10304,Milk,Grocery,1,34.08,At Risk,34.08
502295,2025-04-05,10339,Coffee Powder,Grocery,4,181.15,Champions,724.6
502295,2025-04-05,10339,Sugar,Grocery,1,59.0,Champions,59.0
502295,2025-04-05,10339,Milk,Grocery,3,36.04,Champions,108.12
502364,2025-04-05,10348,Dog Food,Pet Care,2,787.11,Loyal,1574.22
502364,2025-04-05,10348,Pet Shampoo,Pet Care,2,257.84,Loyal,515.68
500194,2025-04-06,10030,Yoga Mat,Fitness,2,643.84,At Risk,1287.68
500194,2025-04-06,10030,Protein Bar,Fitness,3,91.66,At Risk,274.98
500194,2025-04-06,10030,Water Bottle,Lifestyle,1,240.99,At Risk,240.99
500412,2025-04-06,10061,Bread,Grocery,1,43.82,Loyal,43.82
500412,2025-04-06,10061,Butter,Grocery,2,98.89,Loyal,197.78
500412,2025-04-06,10061,Jam,Grocery,1,109.23,Loyal,109.23
500539,2025-04-06,10079,Tea Pack,Grocery,3,119.82,Champions,359.46
500539,2025-04-06,10079,Sugar,Grocery,1,52.41,Champions,52.41
500539,2025-04-06,10079,Milk,Grocery,1,36.27,Champions,36.27
500784,2025-04-06,10113,Tea Pack,Grocery,1,135.35,Lost,135.35
500784,2025-04-06,10113,Sugar,Grocery,1,54.34,Lost,54.34
500784,2025-04-06,10113,Milk,Grocery,1,37.0,Lost,37.0
500816,2025-04-06,10122,Tea Pack,Grocery,2,112.81,Loyal,225.62
500816,2025-04-06,10122,Sugar,Grocery,2,53.49,Loyal,106.98
500816,2025-04-06,10122,Milk,Grocery,1,39.06,Loyal,39.06
500816,2025-04-06,10122,Highlighter,Stationery,1,74.02,Loyal,74.02
500852,2025-04-06,10128,Novel,Books,1,265.29,Champions,265.29
500852,2025-04-06,10128,Exam Guide,Books,2,365.94,Champions,731.88
500872,2025-04-06,10131,Notebook,Stationery,1,57.64,Loyal,57.64
500872,2025-04-06,10131,Pen Pack,Stationery,3,42.9,Loyal,128.7
500872,2025-04-06,10131,Highlighter,Stationery,1,75.19,Loyal,75.19
500881,2025-04-06,10132,Phone Case,Tech,1,290.45,Champions,290.45
500881,2025-04-06,10132,Screen Guard,Tech,2,221.83,Champions,443.66
500881,2025-04-06,10132,USB Cable,Tech,2,174.47,Champions,348.94
500934,2025-04-06,10140,Novel,Books,3,249.2,High Value Rare,747.6
500934,2025-04-06,10140,Exam Guide,Books,2,428.69,High Value Rare,857.38
501337,2025-04-06,10201,Dog Food,Pet Care,1,782.65,Champions,782.65
501337,2025-04-06,10201,Pet Shampoo,Pet Care,1,258.84,Champions,258.84
501337,2025-04-06,10201,Bluetooth Earbuds,Tech,1,1576.81,Champions,1576.81
501990,2025-04-06,10298,Phone Case,Tech,4,323.37,At Risk,1293.48
501990,2025-04-06,10298,Screen Guard,Tech,1,173.53,At Risk,173.53
501990,2025-04-06,10298,USB Cable,Tech,1,182.06,At Risk,182.06
500169,2025-04-07,10026,Baby Diapers,Baby Care,1,529.62,Loyal,529.62
500169,2025-04-07,10026,Baby Wipes,Baby Care,1,179.2,Loyal,179.2
500169,2025-04-07,10026,Baby Lotion,Baby Care,1,228.5,Loyal,228.5
500248,2025-04-07,10037,Bread,Grocery,1,40.05,Champions,40.05
500248,2025-04-07,10037,Butter,Grocery,1,90.46,Champions,90.46
500248,2025-04-07,10037,Jam,Grocery,1,111.27,Champions,111.27
500248,2025-04-07,10037,Protein Bar,Fitness,1,92.31,Champions,92.31
500370,2025-04-07,10057,Yoga Mat,Fitness,1,663.56,Loyal,663.56
500370,2025-04-07,10057,Protein Bar,Fitness,1,80.93,Loyal,80.93
500370,2025-04-07,10057,Water Bottle,Lifestyle,2,231.88,Loyal,463.76
500380,2025-04-07,10058,Tea Pack,Grocery,1,127.08,Champions,127.08
500380,2025-04-07,10058,Sugar,Grocery,1,58.5,Champions,58.5
500380,2025-04-07,10058,Milk,Grocery,1,34.49,Champions,34.49
500380,2025-04-07,10058,Coffee Powder,Grocery,1,170.63,Champions,170.63
500498,2025-04-07,10074,Dog Food,Pet Care,1,832.64,At Risk,832.64
500498,2025-04-07,10074,Pet Shampoo,Pet Care,1,256.92,At Risk,256.92
500498,2025-04-07,10074,Pen Pack,Stationery,2,40.05,At Risk,80.1
500564,2025-04-07,10082,Phone Case,Tech,3,321.99,Loyal,965.97
500564,2025-04-07,10082,Screen Guard,Tech,2,178.71,Loyal,357.42
500564,2025-04-07,10082,USB Cable,Tech,2,160.48,Loyal,320.96
500682,2025-04-07,10100,Yoga Mat,Fitness,1,622.27,Champions,622.27
500682,2025-04-07,10100,Protein Bar,Fitness,1,95.11,Champions,95.11
500682,2025-04-07,10100,Water Bottle,Lifestyle,2,225.39,Champions,450.78
500682,2025-04-07,10100,Screen Guard,Tech,1,195.09,Champions,195.09
500767,2025-04-07,10111,Dog Food,Pet Care,3,834.97,Champions,2504.91
500767,2025-04-07,10111,Pet Shampoo,Pet Care,1,263.52,Champions,263.52
501095,2025-04-07,10162,Tea Pack,Grocery,1,122.07,At Risk,122.07
501095,2025-04-07,10162,Sugar,Grocery,1,53.75,At Risk,53.75
501095,2025-04-07,10162,Milk,Grocery,2,34.9,At Risk,69.8
501151,2025-04-07,10169,Bread,Grocery,2,41.41,At Risk,82.82
501151,2025-04-07,10169,Butter,Grocery,2,94.49,At Risk,188.98
501151,2025-04-07,10169,Jam,Grocery,1,98.72,At Risk,98.72
501322,2025-04-07,10198,Phone Case,Tech,1,301.75,Lost,301.75
501322,2025-04-07,10198,Screen Guard,Tech,1,180.81,Lost,180.81
501322,2025-04-07,10198,USB Cable,Tech,1,187.25,Lost,187.25
501322,2025-04-07,10198,Sugar,Grocery,1,53.21,Lost,53.21
501438,2025-04-07,10212,Bread,Grocery,1,42.55,At Risk,42.55
501438,2025-04-07,10212,Butter,Grocery,1,79.8,At Risk,79.8
501438,2025-04-07,10212,Jam,Grocery,1,106.13,At Risk,106.13
501869,2025-04-07,10282,Bread,Grocery,1,46.91,Loyal,46.91
501869,2025-04-07,10282,Butter,Grocery,1,91.52,Loyal,91.52
501869,2025-04-07,10282,Jam,Grocery,1,127.63,Loyal,127.63
502049,2025-04-07,10309,Lunch Box,Lifestyle,1,353.86,Loyal,353.86
502049,2025-04-07,10309,Water Bottle,Lifestyle,1,257.09,Loyal,257.09
502110,2025-04-07,10317,Lunch Box,Lifestyle,1,341.3,Champions,341.3
502110,2025-04-07,10317,Water Bottle,Lifestyle,1,275.1,Champions,275.1
502110,2025-04-07,10317,Bluetooth Earbuds,Tech,2,1420.03,Champions,2840.06
502260,2025-04-07,10334,Phone Case,Tech,1,300.63,Champions,300.63
502260,2025-04-07,10334,Screen Guard,Tech,2,182.71,Champions,365.42
502260,2025-04-07,10334,USB Cable,Tech,1,159.01,Champions,159.01
500002,2025-04-08,10000,Phone Case,Tech,1,283.42,Loyal,283.42
500002,2025-04-08,10000,Screen Guard,Tech,2,200.39,Loyal,400.78
500002,2025-04-08,10000,USB Cable,Tech,1,189.35,Loyal,189.35
500002,2025-04-08,10000,Pet Shampoo,Pet Care,1,258.38,Loyal,258.38
500565,2025-04-08,10082,Notebook,Stationery,1,57.58,Loyal,57.58
500565,2025-04-08,10082,Pen Pack,Stationery,1,44.01,Loyal,44.01
500565,2025-04-08,10082,Highlighter,Stationery,2,75.14,Loyal,150.28
500565,2025-04-08,10082,Lunch Box,Lifestyle,1,402.02,Loyal,402.02
500827,2025-04-08,10123,Bread,Grocery,1,42.25,Champions,42.25
500827,2025-04-08,10123,Butter,Grocery,1,93.38,Champions,93.38
500827,2025-04-08,10123,Jam,Grocery,1,102.45,Champions,102.45
500827,2025-04-08,10123,Phone Case,Tech,1,308.48,Champions,308.48
501782,2025-04-08,10265,Phone Case,Tech,3,324.17,At Risk,972.51
501782,2025-04-08,10265,Screen Guard,Tech,1,198.76,At Risk,198.76
501782,2025-04-08,10265,USB Cable,Tech,1,193.82,At Risk,193.82
501782,2025-04-08,10265,Dog Food,Pet Care,1,723.13,At Risk,723.13
502261,2025-04-08,10334,Tea Pack,Grocery,4,121.49,Champions,485.96
502261,2025-04-08,10334,Sugar,Grocery,1,57.73,Champions,57.73
502261,2025-04-08,10334,Milk,Grocery,1,30.63,Champions,30.63
500325,2025-04-09,10048,Coffee Powder,Grocery,1,182.71,New,182.71
500325,2025-04-09,10048,Sugar,Grocery,1,59.49,New,59.49
500325,2025-04-09,10048,Milk,Grocery,1,33.31,New,33.31
500540,2025-04-09,10079,Notebook,Stationery,1,64.67,Champions,64.67
500540,2025-04-09,10079,Pen Pack,Stationery,1,36.62,Champions,36.62
500540,2025-04-09,10079,Highlighter,Stationery,4,74.82,Champions,299.28
500540,2025-04-09,10079,Sugar,Grocery,2,56.19,Champions,112.38
500799,2025-04-09,10117,Bread,Grocery,1,45.8,Loyal,45.8
500799,2025-04-09,10117,Butter,Grocery,1,94.59,Loyal,94.59
500799,2025-04-09,10117,Jam,Grocery,3,106.72,Loyal,320.16
500799,2025-04-09,10117,Baby Wipes,Baby Care,4,181.61,Loyal,726.44
501071,2025-04-09,10159,Tea Pack,Grocery,1,110.71,At Risk,110.71
501071,2025-04-09,10159,Sugar,Grocery,2,56.69,At Risk,113.38
501071,2025-04-09,10159,Milk,Grocery,2,35.9,At Risk,71.8
501425,2025-04-09,10211,Novel,Books,2,272.91,At Risk,545.82
501425,2025-04-09,10211,Exam Guide,Books,1,404.46,At Risk,404.46
501425,2025-04-09,10211,Exam Guide,Books,2,404.63,At Risk,809.26
501463,2025-04-09,10215,Notebook,Stationery,1,62.47,Loyal,62.47
501463,2025-04-09,10215,Pen Pack,Stationery,1,40.83,Loyal,40.83
501463,2025-04-09,10215,Highlighter,Stationery,1,76.22,Loyal,76.22
501623,2025-04-09,10238,Phone Case,Tech,1,316.22,At Risk,316.22
501623,2025-04-09,10238,Screen Guard,Tech,2,198.97,At Risk,397.94
501623,2025-04-09,10238,USB Cable,Tech,1,177.58,At Risk,177.58
502020,2025-04-09,10301,Yoga Mat,Fitness,1,621.21,New,621.21
502020,2025-04-09,10301,Protein Bar,Fitness,2,88.15,New,176.3
502020,2025-04-09,10301,Water Bottle,Lifestyle,1,255.78,New,255.78
502204,2025-04-09,10329,Bread,Grocery,2,47.67,Loyal,95.34
502204,2025-04-09,10329,Butter,Grocery,1,99.82,Loyal,99.82
502204,2025-04-09,10329,Jam,Grocery,2,108.12,Loyal,216.24
502262,2025-04-09,10334,Novel,Books,1,246.17,Champions,246.17
502262,2025-04-09,10334,Exam Guide,Books,2,438.66,Champions,877.32
500139,2025-04-10,10021,Phone Case,Tech,1,249.23,Champions,249.23
500139,2025-04-10,10021,Screen Guard,Tech,1,186.44,Champions,186.44
500139,2025-04-10,10021,USB Cable,Tech,1,174.32,Champions,174.32
500186,2025-04-10,10029,Baby Diapers,Baby Care,2,498.24,Champions,996.48
500186,2025-04-10,10029,Baby Wipes,Baby Care,2,167.72,Champions,335.44
500186,2025-04-10,10029,Baby Lotion,Baby Care,1,265.48,Champions,265.48
500308,2025-04-10,10044,Notebook,Stationery,1,56.05,Loyal,56.05
500308,2025-04-10,10044,Pen Pack,Stationery,1,41.46,Loyal,41.46
500308,2025-04-10,10044,Highlighter,Stationery,2,73.37,Loyal,146.74
500308,2025-04-10,10044,Bluetooth Earbuds,Tech,3,1637.83,Loyal,4913.49
501293,2025-04-10,10191,Phone Case,Tech,1,286.78,Lost,286.78
501293,2025-04-10,10191,Screen Guard,Tech,2,191.71,Lost,383.42
501293,2025-04-10,10191,USB Cable,Tech,2,170.42,Lost,340.84
501293,2025-04-10,10191,Sugar,Grocery,1,52.06,Lost,52.06
501798,2025-04-10,10267,Bread,Grocery,1,46.59,At Risk,46.59
501798,2025-04-10,10267,Butter,Grocery,1,92.2,At Risk,92.2
501798,2025-04-10,10267,Jam,Grocery,2,110.2,At Risk,220.4
502050,2025-04-10,10309,Notebook,Stationery,2,55.3,Loyal,110.6
502050,2025-04-10,10309,Pen Pack,Stationery,1,38.19,Loyal,38.19
502050,2025-04-10,10309,Highlighter,Stationery,2,67.71,Loyal,135.42
502050,2025-04-10,10309,Sugar,Grocery,1,46.84,Loyal,46.84
502185,2025-04-10,10327,Tea Pack,Grocery,1,123.19,At Risk,123.19
502185,2025-04-10,10327,Sugar,Grocery,1,53.36,At Risk,53.36
502185,2025-04-10,10327,Milk,Grocery,1,33.93,At Risk,33.93
502185,2025-04-10,10327,Pen Pack,Stationery,1,37.91,At Risk,37.91
500205,2025-04-11,10031,Coffee Powder,Grocery,1,195.39,Champions,195.39
500205,2025-04-11,10031,Sugar,Grocery,1,52.49,Champions,52.49
500205,2025-04-11,10031,Milk,Grocery,1,34.36,Champions,34.36
501311,2025-04-11,10195,Bread,Grocery,1,44.73,Loyal,44.73
501311,2025-04-11,10195,Butter,Grocery,1,85.95,Loyal,85.95
501311,2025-04-11,10195,Jam,Grocery,1,112.22,Loyal,112.22
501482,2025-04-11,10217,Coffee Powder,Grocery,1,181.1,At Risk,181.1
501482,2025-04-11,10217,Sugar,Grocery,1,51.45,At Risk,51.45
501482,2025-04-11,10217,Milk,Grocery,1,31.86,At Risk,31.86
502031,2025-04-11,10304,Yoga Mat,Fitness,1,607.38,At Risk,607.38
502031,2025-04-11,10304,Protein Bar,Fitness,2,87.2,At Risk,174.4
502031,2025-04-11,10304,Water Bottle,Lifestyle,1,287.12,At Risk,287.12
500648,2025-04-12,10096,Tea Pack,Grocery,2,123.55,New,247.1
500648,2025-04-12,10096,Sugar,Grocery,1,53.45,New,53.45
500648,2025-04-12,10096,Milk,Grocery,1,36.26,New,36.26
500800,2025-04-12,10117,Lunch Box,Lifestyle,1,361.39,Loyal,361.39
500800,2025-04-12,10117,Water Bottle,Lifestyle,1,254.82,Loyal,254.82
500800,2025-04-12,10117,Jam,Grocery,1,122.29,Loyal,122.29
500812,2025-04-12,10120,Tea Pack,Grocery,2,103.84,Lost,207.68
500812,2025-04-12,10120,Sugar,Grocery,1,54.2,Lost,54.2
500812,2025-04-12,10120,Milk,Grocery,2,38.21,Lost,76.42
500882,2025-04-12,10132,Notebook,Stationery,1,62.08,Champions,62.08
500882,2025-04-12,10132,Pen Pack,Stationery,1,44.06,Champions,44.06
500882,2025-04-12,10132,Highlighter,Stationery,1,74.35,Champions,74.35
500882,2025-04-12,10132,Lunch Box,Lifestyle,1,384.02,Champions,384.02
501017,2025-04-12,10150,Lunch Box,Lifestyle,2,351.69,Lost,703.38
501017,2025-04-12,10150,Water Bottle,Lifestyle,1,250.71,Lost,250.71
502195,2025-04-12,10328,Bread,Grocery,1,43.94,Loyal,43.94
502195,2025-04-12,10328,Butter,Grocery,1,98.59,Loyal,98.59
502195,2025-04-12,10328,Jam,Grocery,2,122.35,Loyal,244.7
500037,2025-04-13,10005,Notebook,Stationery,2,59.01,Champions,118.02
500037,2025-04-13,10005,Pen Pack,Stationery,1,39.93,Champions,39.93
500037,2025-04-13,10005,Highlighter,Stationery,1,76.17,Champions,76.17
500037,2025-04-13,10005,Bread,Grocery,1,47.14,Champions,47.14
500170,2025-04-13,10026,Baby Diapers,Baby Care,1,584.89,Loyal,584.89
500170,2025-04-13,10026,Baby Wipes,Baby Care,1,187.01,Loyal,187.01
500170,2025-04-13,10026,Baby Lotion,Baby Care,1,234.87,Loyal,234.87
500249,2025-04-13,10037,Tea Pack,Grocery,1,132.41,Champions,132.41
500249,2025-04-13,10037,Sugar,Grocery,1,56.9,Champions,56.9
500249,2025-04-13,10037,Milk,Grocery,1,34.63,Champions,34.63
500905,2025-04-13,10135,Bread,Grocery,1,45.01,Loyal,45.01
500905,2025-04-13,10135,Butter,Grocery,2,93.38,Loyal,186.76
500905,2025-04-13,10135,Jam,Grocery,1,107.41,Loyal,107.41
501056,2025-04-13,10158,Coffee Powder,Grocery,1,180.85,Loyal,180.85
501056,2025-04-13,10158,Sugar,Grocery,2,50.83,Loyal,101.66
501056,2025-04-13,10158,Milk,Grocery,1,35.23,Loyal,35.23
501444,2025-04-13,10213,Bread,Grocery,1,43.61,Loyal,43.61
501444,2025-04-13,10213,Butter,Grocery,2,94.45,Loyal,188.9
501444,2025-04-13,10213,Jam,Grocery,2,115.02,Loyal,230.04
501574,2025-04-13,10230,Phone Case,Tech,2,276.8,Lost,553.6
501574,2025-04-13,10230,Screen Guard,Tech,1,211.64,Lost,211.64
501574,2025-04-13,10230,USB Cable,Tech,1,169.36,Lost,169.36
501574,2025-04-13,10230,Dumbbell Pair,Fitness,1,1193.46,Lost,1193.46
501686,2025-04-13,10250,Baby Diapers,Baby Care,2,577.95,Loyal,1155.9
501686,2025-04-13,10250,Baby Wipes,Baby Care,2,180.42,Loyal,360.84
501686,2025-04-13,10250,Baby Lotion,Baby Care,1,245.47,Loyal,245.47
501686,2025-04-13,10250,USB Cable,Tech,1,159.21,Loyal,159.21
501720,2025-04-13,10255,Lunch Box,Lifestyle,2,354.69,New,709.38
501720,2025-04-13,10255,Water Bottle,Lifestyle,1,252.14,New,252.14
501767,2025-04-13,10262,Yoga Mat,Fitness,2,725.11,Champions,1450.22
501767,2025-04-13,10262,Protein Bar,Fitness,1,93.68,Champions,93.68
501767,2025-04-13,10262,Water Bottle,Lifestyle,3,242.54,Champions,727.62
500003,2025-04-14,10000,Coffee Powder,Grocery,1,190.46,Loyal,190.46
500003,2025-04-14,10000,Sugar,Grocery,1,57.13,Loyal,57.13
500003,2025-04-14,10000,Milk,Grocery,2,35.27,Loyal,70.54
500541,2025-04-14,10079,Coffee Powder,Grocery,1,160.35,Champions,160.35
500541,2025-04-14,10079,Sugar,Grocery,2,54.35,Champions,108.7
500541,2025-04-14,10079,Milk,Grocery,2,36.26,Champions,72.52
500575,2025-04-14,10083,Baby Diapers,Baby Care,3,564.67,Champions,1694.01
500575,2025-04-14,10083,Baby Wipes,Baby Care,1,154.71,Champions,154.71
500575,2025-04-14,10083,Baby Lotion,Baby Care,1,253.71,Champions,253.71
500645,2025-04-14,10094,Novel,Books,1,248.49,Lost,248.49
500645,2025-04-14,10094,Exam Guide,Books,1,434.86,Lost,434.86
500645,2025-04-14,10094,Baby Lotion,Baby Care,3,261.56,Lost,784.68
500745,2025-04-14,10109,Yoga Mat,Fitness,1,600.95,Champions,600.95
500745,2025-04-14,10109,Protein Bar,Fitness,2,95.92,Champions,191.84
500745,2025-04-14,10109,Water Bottle,Lifestyle,1,269.06,Champions,269.06
501208,2025-04-14,10177,Notebook,Stationery,1,58.43,Loyal,58.43
501208,2025-04-14,10177,Pen Pack,Stationery,2,35.09,Loyal,70.18
501208,2025-04-14,10177,Highlighter,Stationery,1,73.0,Loyal,73.0
501491,2025-04-14,10218,Bread,Grocery,1,43.54,At Risk,43.54
501491,2025-04-14,10218,Butter,Grocery,2,104.06,At Risk,208.12
501491,2025-04-14,10218,Jam,Grocery,3,116.02,At Risk,348.06
501491,2025-04-14,10218,Water Bottle,Lifestyle,1,251.89,At Risk,251.89
501501,2025-04-14,10220,Dog Food,Pet Care,1,760.86,At Risk,760.86
501501,2025-04-14,10220,Pet Shampoo,Pet Care,2,254.11,At Risk,508.22
501501,2025-04-14,10220,Jam,Grocery,1,122.66,At Risk,122.66
501799,2025-04-14,10267,Notebook,Stationery,1,66.56,At Risk,66.56
501799,2025-04-14,10267,Pen Pack,Stationery,1,36.74,At Risk,36.74
501799,2025-04-14,10267,Highlighter,Stationery,2,68.74,At Risk,137.48
501799,2025-04-14,10267,Baby Lotion,Baby Care,2,247.01,At Risk,494.02
501839,2025-04-14,10277,Coffee Powder,Grocery,1,167.72,At Risk,167.72
501839,2025-04-14,10277,Sugar,Grocery,2,55.32,At Risk,110.64
501839,2025-04-14,10277,Milk,Grocery,1,36.52,At Risk,36.52
501897,2025-04-14,10285,Yoga Mat,Fitness,1,650.82,Champions,650.82
501897,2025-04-14,10285,Protein Bar,Fitness,1,93.08,Champions,93.08
501897,2025-04-14,10285,Water Bottle,Lifestyle,1,243.09,Champions,243.09
501897,2025-04-14,10285,Water Bottle,Lifestyle,1,265.55,Champions,265.55
502096,2025-04-14,10315,Tea Pack,Grocery,1,127.18,At Risk,127.18
502096,2025-04-14,10315,Sugar,Grocery,1,50.33,At Risk,50.33
502096,2025-04-14,10315,Milk,Grocery,3,34.19,At Risk,102.57
500007,2025-04-15,10001,Bread,Grocery,1,45.7,High Value Rare,45.7
500007,2025-04-15,10001,Butter,Grocery,1,107.87,High Value Rare,107.87
500007,2025-04-15,10001,Jam,Grocery,1,103.84,High Value Rare,103.84
500017,2025-04-15,10003,Novel,Books,1,236.82,At Risk,236.82
500017,2025-04-15,10003,Exam Guide,Books,1,418.26,At Risk,418.26
500017,2025-04-15,10003,Yoga Mat,Fitness,3,642.68,At Risk,1928.04
500140,2025-04-15,10021,Baby Diapers,Baby Care,1,514.89,Champions,514.89
500140,2025-04-15,10021,Baby Wipes,Baby Care,1,187.79,Champions,187.79
500140,2025-04-15,10021,Baby Lotion,Baby Care,2,227.0,Champions,454.0
500331,2025-04-15,10049,Bread,Grocery,1,46.08,Loyal,46.08
500331,2025-04-15,10049,Butter,Grocery,1,95.35,Loyal,95.35
500331,2025-04-15,10049,Jam,Grocery,2,112.33,Loyal,224.66
501057,2025-04-15,10158,Yoga Mat,Fitness,3,699.07,Loyal,2097.21
501057,2025-04-15,10158,Protein Bar,Fitness,2,94.68,Loyal,189.36
501057,2025-04-15,10158,Water Bottle,Lifestyle,1,222.37,Loyal,222.37
502344,2025-04-15,10346,Novel,Books,2,223.55,At Risk,447.1
502344,2025-04-15,10346,Exam Guide,Books,1,430.33,At Risk,430.33
500004,2025-04-16,10000,Novel,Books,1,242.78,Loyal,242.78
500004,2025-04-16,10000,Exam Guide,Books,1,374.15,Loyal,374.15
500004,2025-04-16,10000,Protein Bar,Fitness,1,94.94,Loyal,94.94
500206,2025-04-16,10031,Lunch Box,Lifestyle,1,385.54,Champions,385.54
500206,2025-04-16,10031,Water Bottle,Lifestyle,1,252.16,Champions,252.16
500206,2025-04-16,10031,Dog Food,Pet Care,1,763.71,Champions,763.71
500413,2025-04-16,10061,Yoga Mat,Fitness,1,628.36,Loyal,628.36
500413,2025-04-16,10061,Protein Bar,Fitness,1,87.28,Loyal,87.28
500413,2025-04-16,10061,Water Bottle,Lifestyle,1,214.89,Loyal,214.89
500710,2025-04-16,10104,Bread,Grocery,1,45.59,Lost,45.59
500710,2025-04-16,10104,Butter,Grocery,1,100.44,Lost,100.44
500710,2025-04-16,10104,Jam,Grocery,1,107.0,Lost,107.0
501260,2025-04-16,10186,Notebook,Stationery,1,55.59,Lost,55.59
501260,2025-04-16,10186,Pen Pack,Stationery,1,43.65,Lost,43.65
501260,2025-04-16,10186,Highlighter,Stationery,4,80.89,Lost,323.56
501260,2025-04-16,10186,Butter,Grocery,1,99.98,Lost,99.98
501512,2025-04-16,10222,Notebook,Stationery,1,62.7,Champions,62.7
501512,2025-04-16,10222,Pen Pack,Stationery,2,42.3,Champions,84.6
501512,2025-04-16,10222,Highlighter,Stationery,1,86.34,Champions,86.34
502263,2025-04-16,10334,Coffee Powder,Grocery,1,185.51,Champions,185.51
502263,2025-04-16,10334,Sugar,Grocery,4,55.72,Champions,222.88
502263,2025-04-16,10334,Milk,Grocery,2,35.34,Champions,70.68
501238,2025-04-17,10181,Baby Diapers,Baby Care,1,608.9,Champions,608.9
501238,2025-04-17,10181,Baby Wipes,Baby Care,1,198.23,Champions,198.23
501238,2025-04-17,10181,Baby Lotion,Baby Care,2,254.52,Champions,509.04
501827,2025-04-17,10272,Novel,Books,1,237.7,Lost,237.7
501827,2025-04-17,10272,Exam Guide,Books,1,401.76,Lost,401.76
501827,2025-04-17,10272,USB Cable,Tech,1,191.39,Lost,191.39
502079,2025-04-17,10312,Coffee Powder,Grocery,1,181.11,Champions,181.11
502079,2025-04-17,10312,Sugar,Grocery,1,59.87,Champions,59.87
502079,2025-04-17,10312,Milk,Grocery,1,36.83,Champions,36.83
502334,2025-04-17,10345,Phone Case,Tech,1,313.17,At Risk,313.17
502334,2025-04-17,10345,Screen Guard,Tech,1,195.71,At Risk,195.71
502334,2025-04-17,10345,USB Cable,Tech,1,176.53,At Risk,176.53
500180,2025-04-18,10028,Yoga Mat,Fitness,1,666.05,At Risk,666.05
500180,2025-04-18,10028,Protein Bar,Fitness,1,91.83,At Risk,91.83
500180,2025-04-18,10028,Water Bottle,Lifestyle,1,259.69,At Risk,259.69
500180,2025-04-18,10028,Exam Guide,Books,1,452.36,At Risk,452.36
500207,2025-04-18,10031,Yoga Mat,Fitness,1,647.08,Champions,647.08
500207,2025-04-18,10031,Protein Bar,Fitness,4,88.01,Champions,352.04
500207,2025-04-18,10031,Water Bottle,Lifestyle,1,262.11,Champions,262.11
500381,2025-04-18,10058,Novel,Books,1,243.21,Champions,243.21
500381,2025-04-18,10058,Exam Guide,Books,1,423.98,Champions,423.98
500439,2025-04-18,10066,Notebook,Stationery,1,57.19,Champions,57.19
500439,2025-04-18,10066,Pen Pack,Stationery,1,38.83,Champions,38.83
500439,2025-04-18,10066,Highlighter,Stationery,1,72.48,Champions,72.48
500506,2025-04-18,10075,Phone Case,Tech,1,283.44,At Risk,283.44
500506,2025-04-18,10075,Screen Guard,Tech,1,200.08,At Risk,200.08
500506,2025-04-18,10075,USB Cable,Tech,1,170.66,At Risk,170.66
500506,2025-04-18,10075,Bread,Grocery,1,42.45,At Risk,42.45
500853,2025-04-18,10128,Novel,Books,1,232.49,Champions,232.49
500853,2025-04-18,10128,Exam Guide,Books,2,386.9,Champions,773.8
500863,2025-04-18,10129,Yoga Mat,Fitness,2,685.8,New,1371.6
500863,2025-04-18,10129,Protein Bar,Fitness,1,91.45,New,91.45
500863,2025-04-18,10129,Water Bottle,Lifestyle,1,239.31,New,239.31
500863,2025-04-18,10129,Baby Lotion,Baby Care,1,233.51,New,233.51
500883,2025-04-18,10132,Novel,Books,1,262.83,Champions,262.83
500883,2025-04-18,10132,Exam Guide,Books,2,420.99,Champions,841.98
500913,2025-04-18,10137,Coffee Powder,Grocery,1,180.57,At Risk,180.57
500913,2025-04-18,10137,Sugar,Grocery,1,64.32,At Risk,64.32
500913,2025-04-18,10137,Milk,Grocery,2,38.76,At Risk,77.52
500938,2025-04-18,10141,Notebook,Stationery,2,65.31,Loyal,130.62
500938,2025-04-18,10141,Pen Pack,Stationery,1,33.87,Loyal,33.87
500938,2025-04-18,10141,Highlighter,Stationery,1,75.3,Loyal,75.3
500938,2025-04-18,10141,Pet Shampoo,Pet Care,1,283.62,Loyal,283.62
501058,2025-04-18,10158,Phone Case,Tech,1,320.71,Loyal,320.71
501058,2025-04-18,10158,Screen Guard,Tech,1,192.43,Loyal,192.43
501058,2025-04-18,10158,USB Cable,Tech,1,184.93,Loyal,184.93
501323,2025-04-18,10198,Yoga Mat,Fitness,1,613.65,Lost,613.65
501323,2025-04-18,10198,Protein Bar,Fitness,1,84.86,Lost,84.86
501323,2025-04-18,10198,Water Bottle,Lifestyle,1,279.85,Lost,279.85
501323,2025-04-18,10198,Baby Diapers,Baby Care,1,484.08,Lost,484.08
501426,2025-04-18,10211,Novel,Books,1,253.49,At Risk,253.49
501426,2025-04-18,10211,Exam Guide,Books,3,416.15,At Risk,1248.45
501445,2025-04-18,10213,Dog Food,Pet Care,1,710.61,Loyal,710.61
501445,2025-04-18,10213,Pet Shampoo,Pet Care,2,251.08,Loyal,502.16
501513,2025-04-18,10222,Baby Diapers,Baby Care,1,595.42,Champions,595.42
501513,2025-04-18,10222,Baby Wipes,Baby Care,1,172.78,Champions,172.78
501513,2025-04-18,10222,Baby Lotion,Baby Care,2,220.58,Champions,441.16
501833,2025-04-18,10275,Novel,Books,4,253.26,New,1013.04
501833,2025-04-18,10275,Exam Guide,Books,1,387.03,New,387.03
501898,2025-04-18,10285,Phone Case,Tech,1,313.52,Champions,313.52
501898,2025-04-18,10285,Screen Guard,Tech,3,199.47,Champions,598.41
501898,2025-04-18,10285,USB Cable,Tech,4,196.56,Champions,786.24
502134,2025-04-18,10319,Coffee Powder,Grocery,1,177.2,Loyal,177.2
502134,2025-04-18,10319,Sugar,Grocery,2,55.66,Loyal,111.32
502134,2025-04-18,10319,Milk,Grocery,1,34.2,Loyal,34.2
502134,2025-04-18,10319,Baby Diapers,Baby Care,2,555.16,Loyal,1110.32
500768,2025-04-19,10111,Coffee Powder,Grocery,1,179.67,Champions,179.67
500768,2025-04-19,10111,Sugar,Grocery,1,51.54,Champions,51.54
500768,2025-04-19,10111,Milk,Grocery,2,35.5,Champions,71.0
501072,2025-04-19,10159,Dog Food,Pet Care,3,768.53,At Risk,2305.59
501072,2025-04-19,10159,Pet Shampoo,Pet Care,1,235.67,At Risk,235.67
501072,2025-04-19,10159,Jam,Grocery,1,102.79,At Risk,102.79
501338,2025-04-19,10201,Tea Pack,Grocery,1,114.44,Champions,114.44
501338,2025-04-19,10201,Sugar,Grocery,3,52.85,Champions,158.55
501338,2025-04-19,10201,Milk,Grocery,2,34.89,Champions,69.78
501400,2025-04-19,10208,Notebook,Stationery,1,60.66,Champions,60.66
501400,2025-04-19,10208,Pen Pack,Stationery,1,39.34,Champions,39.34
501400,2025-04-19,10208,Highlighter,Stationery,3,69.65,Champions,208.95
500315,2025-04-20,10045,Notebook,Stationery,1,63.05,At Risk,63.05
500315,2025-04-20,10045,Pen Pack,Stationery,1,42.49,At Risk,42.49
500315,2025-04-20,10045,Highlighter,Stationery,1,74.42,At Risk,74.42
500315,2025-04-20,10045,Coffee Powder,Grocery,1,176.01,At Risk,176.01
500884,2025-04-20,10132,Baby Diapers,Baby Care,1,563.99,Champions,563.99
500884,2025-04-20,10132,Baby Wipes,Baby Care,2,194.78,Champions,389.56
500884,2025-04-20,10132,Baby Lotion,Baby Care,1,245.27,Champions,245.27
500884,2025-04-20,10132,Bluetooth Earbuds,Tech,1,1384.57,Champions,1384.57
500972,2025-04-20,10145,Bread,Grocery,1,40.93,Champions,40.93
500972,2025-04-20,10145,Butter,Grocery,2,97.75,Champions,195.5
500972,2025-04-20,10145,Jam,Grocery,1,112.46,Champions,112.46
501117,2025-04-20,10165,Notebook,Stationery,2,59.49,Lost,118.98
501117,2025-04-20,10165,Pen Pack,Stationery,1,40.47,Lost,40.47
501117,2025-04-20,10165,Highlighter,Stationery,1,70.89,Lost,70.89
501365,2025-04-20,10204,Bread,Grocery,1,45.98,At Risk,45.98
501365,2025-04-20,10204,Butter,Grocery,1,101.59,At Risk,101.59
501365,2025-04-20,10204,Jam,Grocery,4,116.36,At Risk,465.44
501365,2025-04-20,10204,Lunch Box,Lifestyle,1,332.4,At Risk,332.4
501427,2025-04-20,10211,Yoga Mat,Fitness,1,590.53,At Risk,590.53
501427,2025-04-20,10211,Protein Bar,Fitness,1,86.91,At Risk,86.91
501427,2025-04-20,10211,Water Bottle,Lifestyle,1,237.17,At Risk,237.17
501439,2025-04-20,10212,Phone Case,Tech,2,264.93,At Risk,529.86
501439,2025-04-20,10212,Screen Guard,Tech,4,177.16,At Risk,708.64
501439,2025-04-20,10212,USB Cable,Tech,1,164.54,At Risk,164.54
501457,2025-04-20,10214,Novel,Books,1,250.86,At Risk,250.86
501457,2025-04-20,10214,Exam Guide,Books,1,460.36,At Risk,460.36
501628,2025-04-20,10239,Lunch Box,Lifestyle,1,397.91,Champions,397.91
501628,2025-04-20,10239,Water Bottle,Lifestyle,2,238.85,Champions,477.7
501768,2025-04-20,10262,Notebook,Stationery,1,62.22,Champions,62.22
501768,2025-04-20,10262,Pen Pack,Stationery,2,43.23,Champions,86.46
501768,2025-04-20,10262,Highlighter,Stationery,1,78.36,Champions,78.36
501976,2025-04-20,10297,Tea Pack,Grocery,4,125.37,Loyal,501.48
501976,2025-04-20,10297,Sugar,Grocery,1,52.37,Loyal,52.37
501976,2025-04-20,10297,Milk,Grocery,4,32.27,Loyal,129.08
500195,2025-04-21,10030,Lunch Box,Lifestyle,2,352.93,At Risk,705.86
500195,2025-04-21,10030,Water Bottle,Lifestyle,1,264.51,At Risk,264.51
500269,2025-04-21,10039,Yoga Mat,Fitness,1,641.79,New,641.79
500269,2025-04-21,10039,Protein Bar,Fitness,3,88.92,New,266.76
500269,2025-04-21,10039,Water Bottle,Lifestyle,1,243.76,New,243.76
500453,2025-04-21,10068,Baby Diapers,Baby Care,2,573.72,Champions,1147.44
500453,2025-04-21,10068,Baby Wipes,Baby Care,1,190.3,Champions,190.3
500453,2025-04-21,10068,Baby Lotion,Baby Care,2,244.0,Champions,488.0
500746,2025-04-21,10109,Tea Pack,Grocery,1,112.58,Champions,112.58
500746,2025-04-21,10109,Sugar,Grocery,1,53.73,Champions,53.73
500746,2025-04-21,10109,Milk,Grocery,4,35.75,Champions,143.0
501201,2025-04-21,10176,Notebook,Stationery,2,57.04,At Risk,114.08
501201,2025-04-21,10176,Pen Pack,Stationery,2,38.21,At Risk,76.42
501201,2025-04-21,10176,Highlighter,Stationery,1,75.97,At Risk,75.97
501201,2025-04-21,10176,Butter,Grocery,1,96.54,At Risk,96.54
501318,2025-04-21,10196,Novel,Books,1,262.3,At Risk,262.3
501318,2025-04-21,10196,Exam Guide,Books,1,443.04,At Risk,443.04
501899,2025-04-21,10285,Yoga Mat,Fitness,1,644.14,Champions,644.14
501899,2025-04-21,10285,Protein Bar,Fitness,1,92.47,Champions,92.47
501899,2025-04-21,10285,Water Bottle,Lifestyle,1,256.27,Champions,256.27
501899,2025-04-21,10285,Lunch Box,Lifestyle,3,361.74,Champions,1085.22
501939,2025-04-21,10291,Coffee Powder,Grocery,1,173.18,Champions,173.18
501939,2025-04-21,10291,Sugar,Grocery,1,57.3,Champions,57.3
501939,2025-04-21,10291,Milk,Grocery,2,34.66,Champions,69.32
502196,2025-04-21,10328,Novel,Books,2,232.35,Loyal,464.7
502196,2025-04-21,10328,Exam Guide,Books,1,446.91,Loyal,446.91
502316,2025-04-21,10342,Bread,Grocery,1,47.88,Champions,47.88
502316,2025-04-21,10342,Butter,Grocery,1,103.74,Champions,103.74
502316,2025-04-21,10342,Jam,Grocery,1,119.94,Champions,119.94
502365,2025-04-21,10348,Baby Diapers,Baby Care,1,565.41,Loyal,565.41
502365,2025-04-21,10348,Baby Wipes,Baby Care,2,177.32,Loyal,354.64
502365,2025-04-21,10348,Baby Lotion,Baby Care,1,244.62,Loyal,244.62
502365,2025-04-21,10348,Screen Guard,Tech,2,194.18,Loyal,388.36
500528,2025-04-22,10078,Dog Food,Pet Care,1,775.49,Loyal,775.49
500528,2025-04-22,10078,Pet Shampoo,Pet Care,1,265.46,Loyal,265.46
500885,2025-04-22,10132,Novel,Books,1,262.89,Champions,262.89
500885,2025-04-22,10132,Exam Guide,Books,4,442.72,Champions,1770.88
500953,2025-04-22,10143,Bread,Grocery,4,47.56,Loyal,190.24
500953,2025-04-22,10143,Butter,Grocery,1,92.14,Loyal,92.14
500953,2025-04-22,10143,Jam,Grocery,1,101.81,Loyal,101.81
501010,2025-04-22,10149,Coffee Powder,Grocery,1,180.51,Loyal,180.51
501010,2025-04-22,10149,Sugar,Grocery,3,58.16,Loyal,174.48
501010,2025-04-22,10149,Milk,Grocery,1,31.21,Loyal,31.21
501010,2025-04-22,10149,Novel,Books,1,265.6,Loyal,265.6
501245,2025-04-22,10182,Coffee Powder,Grocery,3,178.23,High Value Rare,534.69
501245,2025-04-22,10182,Sugar,Grocery,1,59.41,High Value Rare,59.41
501245,2025-04-22,10182,Milk,Grocery,1,36.03,High Value Rare,36.03
501269,2025-04-22,10189,Phone Case,Tech,2,297.88,Loyal,595.76
501269,2025-04-22,10189,Screen Guard,Tech,2,219.26,Loyal,438.52
501269,2025-04-22,10189,USB Cable,Tech,1,185.14,Loyal,185.14
501351,2025-04-22,10202,Novel,Books,1,269.23,Champions,269.23
501351,2025-04-22,10202,Exam Guide,Books,1,405.34,Champions,405.34
501514,2025-04-22,10222,Notebook,Stationery,1,58.44,Champions,58.44
501514,2025-04-22,10222,Pen Pack,Stationery,1,38.61,Champions,38.61
501514,2025-04-22,10222,Highlighter,Stationery,1,77.37,Champions,77.37
501629,2025-04-22,10239,Lunch Box,Lifestyle,2,343.84,Champions,687.68
501629,2025-04-22,10239,Water Bottle,Lifestyle,1,267.09,Champions,267.09
501629,2025-04-22,10239,Jam,Grocery,1,114.08,Champions,114.08
501921,2025-04-22,10289,Lunch Box,Lifestyle,1,383.76,At Risk,383.76
501921,2025-04-22,10289,Water Bottle,Lifestyle,1,214.16,At Risk,214.16
501940,2025-04-22,10291,Yoga Mat,Fitness,1,638.65,Champions,638.65
501940,2025-04-22,10291,Protein Bar,Fitness,3,84.82,Champions,254.46
501940,2025-04-22,10291,Water Bottle,Lifestyle,2,250.26,Champions,500.52
502186,2025-04-22,10327,Yoga Mat,Fitness,2,593.1,At Risk,1186.2
502186,2025-04-22,10327,Protein Bar,Fitness,1,97.19,At Risk,97.19
502186,2025-04-22,10327,Water Bottle,Lifestyle,1,249.07,At Risk,249.07
502245,2025-04-22,10333,Novel,Books,2,244.33,Champions,488.66
502245,2025-04-22,10333,Exam Guide,Books,1,420.06,Champions,420.06
500566,2025-04-23,10082,Baby Diapers,Baby Care,1,539.35,Loyal,539.35
500566,2025-04-23,10082,Baby Wipes,Baby Care,1,187.63,Loyal,187.63
500566,2025-04-23,10082,Baby Lotion,Baby Care,2,256.11,Loyal,512.22
500986,2025-04-23,10146,Bread,Grocery,1,40.77,At Risk,40.77
500986,2025-04-23,10146,Butter,Grocery,1,89.84,At Risk,89.84
500986,2025-04-23,10146,Jam,Grocery,2,116.03,At Risk,232.06
500986,2025-04-23,10146,Highlighter,Stationery,1,72.39,At Risk,72.39
501229,2025-04-23,10180,Tea Pack,Grocery,1,119.02,Loyal,119.02
501229,2025-04-23,10180,Sugar,Grocery,2,53.3,Loyal,106.6
501229,2025-04-23,10180,Milk,Grocery,2,37.57,Loyal,75.14
502064,2025-04-23,10311,Phone Case,Tech,4,314.25,Champions,1257.0
502064,2025-04-23,10311,Screen Guard,Tech,1,206.88,Champions,206.88
502064,2025-04-23,10311,USB Cable,Tech,1,170.71,Champions,170.71
502270,2025-04-23,10335,Novel,Books,2,250.77,Champions,501.54
502270,2025-04-23,10335,Exam Guide,Books,1,447.47,Champions,447.47
500050,2025-04-24,10006,Coffee Powder,Grocery,4,166.42,Champions,665.68
500050,2025-04-24,10006,Sugar,Grocery,1,56.6,Champions,56.6
500050,2025-04-24,10006,Milk,Grocery,1,34.51,Champions,34.51
500250,2025-04-24,10037,Tea Pack,Grocery,1,120.85,Champions,120.85
500250,2025-04-24,10037,Sugar,Grocery,1,55.5,Champions,55.5
500250,2025-04-24,10037,Milk,Grocery,1,34.06,Champions,34.06
500250,2025-04-24,10037,Yoga Mat,Fitness,2,659.14,Champions,1318.28
500404,2025-04-24,10060,Phone Case,Tech,1,311.7,Loyal,311.7
500404,2025-04-24,10060,Screen Guard,Tech,1,205.05,Loyal,205.05
500404,2025-04-24,10060,USB Cable,Tech,2,172.89,Loyal,345.78
500747,2025-04-24,10109,Tea Pack,Grocery,1,126.1,Champions,126.1
500747,2025-04-24,10109,Sugar,Grocery,3,55.23,Champions,165.69
500747,2025-04-24,10109,Milk,Grocery,1,35.93,Champions,35.93
500866,2025-04-24,10130,Dog Food,Pet Care,1,803.64,Loyal,803.64
500866,2025-04-24,10130,Pet Shampoo,Pet Care,4,238.74,Loyal,954.96
500922,2025-04-24,10138,Phone Case,Tech,1,305.65,Loyal,305.65
500922,2025-04-24,10138,Screen Guard,Tech,1,195.88,Loyal,195.88
500922,2025-04-24,10138,USB Cable,Tech,1,164.02,Loyal,164.02
500922,2025-04-24,10138,Baby Wipes,Baby Care,1,172.95,Loyal,172.95
501077,2025-04-24,10160,Yoga Mat,Fitness,1,615.48,Loyal,615.48
501077,2025-04-24,10160,Protein Bar,Fitness,1,90.23,Loyal,90.23
501077,2025-04-24,10160,Water Bottle,Lifestyle,2,224.16,Loyal,448.32
501101,2025-04-24,10163,Novel,Books,1,233.08,New,233.08
501101,2025-04-24,10163,Exam Guide,Books,1,392.47,New,392.47
501281,2025-04-24,10190,Tea Pack,Grocery,1,116.25,Champions,116.25
501281,2025-04-24,10190,Sugar,Grocery,1,55.54,Champions,55.54
501281,2025-04-24,10190,Milk,Grocery,1,34.5,Champions,34.5
501502,2025-04-24,10220,Yoga Mat,Fitness,2,695.45,At Risk,1390.9
501502,2025-04-24,10220,Protein Bar,Fitness,1,81.46,At Risk,81.46
501502,2025-04-24,10220,Water Bottle,Lifestyle,2,248.98,At Risk,497.96
501527,2025-04-24,10223,Phone Case,Tech,3,314.06,Loyal,942.18
501527,2025-04-24,10223,Screen Guard,Tech,1,197.69,Loyal,197.69
501527,2025-04-24,10223,USB Cable,Tech,1,182.92,Loyal,182.92
501807,2025-04-24,10268,Bread,Grocery,1,44.17,Loyal,44.17
501807,2025-04-24,10268,Butter,Grocery,1,93.92,Loyal,93.92
501807,2025-04-24,10268,Jam,Grocery,2,105.47,Loyal,210.94
501807,2025-04-24,10268,Pen Pack,Stationery,1,39.02,Loyal,39.02
501922,2025-04-24,10289,Novel,Books,2,247.49,At Risk,494.98
501922,2025-04-24,10289,Exam Guide,Books,1,416.59,At Risk,416.59
501922,2025-04-24,10289,Butter,Grocery,1,94.82,At Risk,94.82
502104,2025-04-24,10316,Notebook,Stationery,1,67.0,Loyal,67.0
502104,2025-04-24,10316,Pen Pack,Stationery,1,41.94,Loyal,41.94
502104,2025-04-24,10316,Highlighter,Stationery,1,74.54,Loyal,74.54
502159,2025-04-24,10322,Yoga Mat,Fitness,1,628.76,At Risk,628.76
502159,2025-04-24,10322,Protein Bar,Fitness,1,99.57,At Risk,99.57
502159,2025-04-24,10322,Water Bottle,Lifestyle,2,261.52,At Risk,523.04
502296,2025-04-24,10339,Notebook,Stationery,1,54.37,Champions,54.37
502296,2025-04-24,10339,Pen Pack,Stationery,1,41.06,Champions,41.06
502296,2025-04-24,10339,Highlighter,Stationery,1,67.9,Champions,67.9
502296,2025-04-24,10339,Dog Food,Pet Care,1,809.8,Champions,809.8
500230,2025-04-25,10034,Phone Case,Tech,1,328.41,High Value Rare,328.41
500230,2025-04-25,10034,Screen Guard,Tech,1,211.88,High Value Rare,211.88
500230,2025-04-25,10034,USB Cable,Tech,2,193.63,High Value Rare,387.26
500230,2025-04-25,10034,Protein Bar,Fitness,1,93.49,High Value Rare,93.49
500276,2025-04-25,10040,Dog Food,Pet Care,1,733.28,Champions,733.28
500276,2025-04-25,10040,Pet Shampoo,Pet Care,3,272.15,Champions,816.45
500276,2025-04-25,10040,Baby Wipes,Baby Care,1,167.88,Champions,167.88
500514,2025-04-25,10077,Novel,Books,1,236.38,Champions,236.38
500514,2025-04-25,10077,Exam Guide,Books,1,393.71,Champions,393.71
500514,2025-04-25,10077,Sugar,Grocery,1,57.2,Champions,57.2
500657,2025-04-25,10098,Lunch Box,Lifestyle,2,363.77,Champions,727.54
500657,2025-04-25,10098,Water Bottle,Lifestyle,1,264.77,Champions,264.77
500728,2025-04-25,10107,Bread,Grocery,1,42.93,At Risk,42.93
500728,2025-04-25,10107,Butter,Grocery,1,105.41,At Risk,105.41
500728,2025-04-25,10107,Jam,Grocery,2,104.01,At Risk,208.02
501119,2025-04-25,10166,Tea Pack,Grocery,2,122.83,Loyal,245.66
501119,2025-04-25,10166,Sugar,Grocery,1,57.2,Loyal,57.2
501119,2025-04-25,10166,Milk,Grocery,1,39.33,Loyal,39.33
501119,2025-04-25,10166,Yoga Mat,Fitness,4,624.67,Loyal,2498.68
501181,2025-04-25,10174,Phone Case,Tech,4,294.93,At Risk,1179.72
501181,2025-04-25,10174,Screen Guard,Tech,2,184.03,At Risk,368.06
501181,2025-04-25,10174,USB Cable,Tech,1,170.17,At Risk,170.17
501181,2025-04-25,10174,Dog Food,Pet Care,2,851.48,At Risk,1702.96
501189,2025-04-25,10175,Coffee Powder,Grocery,1,164.62,Champions,164.62
501189,2025-04-25,10175,Sugar,Grocery,2,59.88,Champions,119.76
501189,2025-04-25,10175,Milk,Grocery,3,35.16,Champions,105.48
501189,2025-04-25,10175,Dumbbell Pair,Fitness,1,1253.25,Champions,1253.25
501202,2025-04-25,10176,Dog Food,Pet Care,1,769.6,At Risk,769.6
501202,2025-04-25,10176,Pet Shampoo,Pet Care,1,274.12,At Risk,274.12
501428,2025-04-25,10211,Dog Food,Pet Care,2,881.4,At Risk,1762.8
501428,2025-04-25,10211,Pet Shampoo,Pet Care,1,263.47,At Risk,263.47
500196,2025-04-26,10030,Notebook,Stationery,1,61.78,At Risk,61.78
500196,2025-04-26,10030,Pen Pack,Stationery,1,39.13,At Risk,39.13
500196,2025-04-26,10030,Highlighter,Stationery,1,78.34,At Risk,78.34
501401,2025-04-26,10208,Novel,Books,1,223.69,Champions,223.69
501401,2025-04-26,10208,Exam Guide,Books,1,398.83,Champions,398.83
501401,2025-04-26,10208,Dumbbell Pair,Fitness,2,1097.92,Champions,2195.84
501696,2025-04-26,10251,Coffee Powder,Grocery,1,167.02,Loyal,167.02
501696,2025-04-26,10251,Sugar,Grocery,1,56.73,Loyal,56.73
501696,2025-04-26,10251,Milk,Grocery,1,33.73,Loyal,33.73
502038,2025-04-26,10305,Phone Case,Tech,1,307.83,High Value Rare,307.83
502038,2025-04-26,10305,Screen Guard,Tech,1,206.2,High Value Rare,206.2
502038,2025-04-26,10305,USB Cable,Tech,1,160.97,High Value Rare,160.97
502146,2025-04-26,10321,Lunch Box,Lifestyle,1,305.47,At Risk,305.47
502146,2025-04-26,10321,Water Bottle,Lifestyle,1,251.52,At Risk,251.52
502373,2025-04-26,10349,Lunch Box,Lifestyle,2,370.33,At Risk,740.66
502373,2025-04-26,10349,Water Bottle,Lifestyle,1,250.53,At Risk,250.53
500008,2025-04-27,10001,Novel,Books,1,211.41,High Value Rare,211.41
500008,2025-04-27,10001,Exam Guide,Books,2,410.28,High Value Rare,820.56
500371,2025-04-27,10057,Bread,Grocery,1,46.0,Loyal,46.0
500371,2025-04-27,10057,Butter,Grocery,1,95.1,Loyal,95.1
500371,2025-04-27,10057,Jam,Grocery,1,106.41,Loyal,106.41
500414,2025-04-27,10061,Tea Pack,Grocery,1,118.94,Loyal,118.94
500414,2025-04-27,10061,Sugar,Grocery,1,56.45,Loyal,56.45
500414,2025-04-27,10061,Milk,Grocery,1,37.16,Loyal,37.16
500414,2025-04-27,10061,Exam Guide,Books,1,449.62,Loyal,449.62
500914,2025-04-27,10137,Dog Food,Pet Care,1,808.24,At Risk,808.24
500914,2025-04-27,10137,Pet Shampoo,Pet Care,4,296.28,At Risk,1185.12
500914,2025-04-27,10137,Baby Wipes,Baby Care,2,187.2,At Risk,374.4
501078,2025-04-27,10160,Novel,Books,1,239.77,Loyal,239.77
501078,2025-04-27,10160,Exam Guide,Books,2,402.55,Loyal,805.1
501078,2025-04-27,10160,Novel,Books,2,254.71,Loyal,509.42
501440,2025-04-27,10212,Yoga Mat,Fitness,2,646.98,At Risk,1293.96
501440,2025-04-27,10212,Protein Bar,Fitness,1,82.78,At Risk,82.78
501440,2025-04-27,10212,Water Bottle,Lifestyle,1,268.42,At Risk,268.42
501585,2025-04-27,10234,Baby Diapers,Baby Care,1,571.92,Loyal,571.92
501585,2025-04-27,10234,Baby Wipes,Baby Care,2,182.72,Loyal,365.44
501585,2025-04-27,10234,Baby Lotion,Baby Care,1,224.29,Loyal,224.29
501991,2025-04-27,10298,Coffee Powder,Grocery,1,176.0,At Risk,176.0
501991,2025-04-27,10298,Sugar,Grocery,2,58.77,At Risk,117.54
501991,2025-04-27,10298,Milk,Grocery,2,34.53,At Risk,69.06
501991,2025-04-27,10298,USB Cable,Tech,2,195.68,At Risk,391.36
502285,2025-04-27,10337,Phone Case,Tech,2,257.15,At Risk,514.3
502285,2025-04-27,10337,Screen Guard,Tech,1,177.85,At Risk,177.85
502285,2025-04-27,10337,USB Cable,Tech,4,167.84,At Risk,671.36
500432,2025-04-28,10064,Tea Pack,Grocery,2,117.82,Loyal,235.64
500432,2025-04-28,10064,Sugar,Grocery,3,58.1,Loyal,174.3
500432,2025-04-28,10064,Milk,Grocery,1,34.35,Loyal,34.35
500432,2025-04-28,10064,Sugar,Grocery,1,56.8,Loyal,56.8
500587,2025-04-28,10084,Notebook,Stationery,2,64.13,Loyal,128.26
500587,2025-04-28,10084,Pen Pack,Stationery,1,41.63,Loyal,41.63
500587,2025-04-28,10084,Highlighter,Stationery,1,80.45,Loyal,80.45
500683,2025-04-28,10100,Dog Food,Pet Care,1,833.98,Champions,833.98
500683,2025-04-28,10100,Pet Shampoo,Pet Care,1,245.53,Champions,245.53
500683,2025-04-28,10100,Sugar,Grocery,1,51.14,Champions,51.14
500769,2025-04-28,10111,Baby Diapers,Baby Care,1,576.43,Champions,576.43
500769,2025-04-28,10111,Baby Wipes,Baby Care,3,199.32,Champions,597.96
500769,2025-04-28,10111,Baby Lotion,Baby Care,2,243.26,Champions,486.52
501304,2025-04-28,10194,Dog Food,Pet Care,1,705.93,Loyal,705.93
501304,2025-04-28,10194,Pet Shampoo,Pet Care,1,281.57,Loyal,281.57
501528,2025-04-28,10223,Coffee Powder,Grocery,1,182.24,Loyal,182.24
501528,2025-04-28,10223,Sugar,Grocery,1,54.52,Loyal,54.52
501528,2025-04-28,10223,Milk,Grocery,2,37.65,Loyal,75.3
501630,2025-04-28,10239,Novel,Books,1,276.59,Champions,276.59
501630,2025-04-28,10239,Exam Guide,Books,1,412.39,Champions,412.39
501630,2025-04-28,10239,Baby Lotion,Baby Care,2,239.54,Champions,479.08
501800,2025-04-28,10267,Novel,Books,1,263.77,At Risk,263.77
501800,2025-04-28,10267,Exam Guide,Books,1,436.91,At Risk,436.91
502335,2025-04-28,10345,Tea Pack,Grocery,2,125.14,At Risk,250.28
502335,2025-04-28,10345,Sugar,Grocery,1,57.82,At Risk,57.82
502335,2025-04-28,10345,Milk,Grocery,1,33.05,At Risk,33.05
500270,2025-04-29,10039,Phone Case,Tech,1,279.72,New,279.72
500270,2025-04-29,10039,Screen Guard,Tech,1,194.61,New,194.61
500270,2025-04-29,10039,USB Cable,Tech,1,178.28,New,178.28
500270,2025-04-29,10039,Dog Food,Pet Care,2,696.97,New,1393.94
500415,2025-04-29,10061,Baby Diapers,Baby Care,1,541.33,Loyal,541.33
500415,2025-04-29,10061,Baby Wipes,Baby Care,1,192.85,Loyal,192.85
500415,2025-04-29,10061,Baby Lotion,Baby Care,1,266.22,Loyal,266.22
500415,2025-04-29,10061,Dog Food,Pet Care,1,719.84,Loyal,719.84
501120,2025-04-29,10166,Dog Food,Pet Care,2,768.01,Loyal,1536.02
501120,2025-04-29,10166,Pet Shampoo,Pet Care,1,245.77,Loyal,245.77
501721,2025-04-29,10255,Phone Case,Tech,1,295.23,New,295.23
501721,2025-04-29,10255,Screen Guard,Tech,1,206.45,New,206.45
501721,2025-04-29,10255,USB Cable,Tech,2,193.63,New,387.26
501735,2025-04-29,10259,Lunch Box,Lifestyle,1,329.38,Champions,329.38
501735,2025-04-29,10259,Water Bottle,Lifestyle,1,259.11,Champions,259.11
501753,2025-04-29,10260,Dog Food,Pet Care,1,767.9,At Risk,767.9
501753,2025-04-29,10260,Pet Shampoo,Pet Care,1,240.59,At Risk,240.59
502147,2025-04-29,10321,Novel,Books,1,240.1,At Risk,240.1
502147,2025-04-29,10321,Exam Guide,Books,1,427.3,At Risk,427.3
502147,2025-04-29,10321,Lunch Box,Lifestyle,1,360.22,At Risk,360.22
502177,2025-04-29,10325,Phone Case,Tech,1,294.22,At Risk,294.22
502177,2025-04-29,10325,Screen Guard,Tech,2,181.24,At Risk,362.48
502177,2025-04-29,10325,USB Cable,Tech,1,171.78,At Risk,171.78
502177,2025-04-29,10325,Coffee Powder,Grocery,1,176.31,At Risk,176.31
500515,2025-04-30,10077,Notebook,Stationery,1,55.49,Champions,55.49
500515,2025-04-30,10077,Pen Pack,Stationery,1,40.55,Champions,40.55
500515,2025-04-30,10077,Highlighter,Stationery,2,73.72,Champions,147.44
501429,2025-04-30,10211,Notebook,Stationery,2,57.62,At Risk,115.24
501429,2025-04-30,10211,Pen Pack,Stationery,1,40.63,At Risk,40.63
501429,2025-04-30,10211,Highlighter,Stationery,2,77.01,At Risk,154.02
501429,2025-04-30,10211,Bluetooth Earbuds,Tech,1,1522.16,At Risk,1522.16
501759,2025-04-30,10261,Phone Case,Tech,2,307.22,High Value Rare,614.44
501759,2025-04-30,10261,Screen Guard,Tech,1,204.78,High Value Rare,204.78
501759,2025-04-30,10261,USB Cable,Tech,1,174.44,High Value Rare,174.44
502165,2025-04-30,10323,Lunch Box,Lifestyle,1,321.87,Loyal,321.87
502165,2025-04-30,10323,Water Bottle,Lifestyle,2,237.18,Loyal,474.36
502354,2025-04-30,10347,Yoga Mat,Fitness,1,614.65,Champions,614.65
502354,2025-04-30,10347,Protein Bar,Fitness,2,89.49,Champions,178.98
502354,2025-04-30,10347,Water Bottle,Lifestyle,2,258.95,Champions,517.9
502354,2025-04-30,10347,Yoga Mat,Fitness,1,646.46,Champions,646.46
500277,2025-05-01,10040,Dog Food,Pet Care,1,795.8,Champions,795.8
500277,2025-05-01,10040,Pet Shampoo,Pet Care,1,270.54,Champions,270.54
500277,2025-05-01,10040,Protein Bar,Fitness,1,83.0,Champions,83.0
500939,2025-05-01,10141,Lunch Box,Lifestyle,2,344.18,Loyal,688.36
500939,2025-05-01,10141,Water Bottle,Lifestyle,2,264.42,Loyal,528.84
501018,2025-05-01,10150,Yoga Mat,Fitness,1,673.79,Lost,673.79
501018,2025-05-01,10150,Protein Bar,Fitness,3,88.16,Lost,264.48
501018,2025-05-01,10150,Water Bottle,Lifestyle,1,250.41,Lost,250.41
501042,2025-05-01,10154,Phone Case,Tech,1,298.62,High Value Rare,298.62
501042,2025-05-01,10154,Screen Guard,Tech,1,192.18,High Value Rare,192.18
501042,2025-05-01,10154,USB Cable,Tech,2,167.66,High Value Rare,335.32
501042,2025-05-01,10154,Bread,Grocery,2,42.44,High Value Rare,84.88
501110,2025-05-01,10164,Tea Pack,Grocery,2,130.86,Champions,261.72
501110,2025-05-01,10164,Sugar,Grocery,1,56.73,Champions,56.73
501110,2025-05-01,10164,Milk,Grocery,1,35.52,Champions,35.52
501597,2025-05-01,10235,Coffee Powder,Grocery,2,177.4,At Risk,354.8
501597,2025-05-01,10235,Sugar,Grocery,2,55.45,At Risk,110.9
501597,2025-05-01,10235,Milk,Grocery,1,33.95,At Risk,33.95
501597,2025-05-01,10235,Baby Lotion,Baby Care,1,254.1,At Risk,254.1
501731,2025-05-01,10258,Bread,Grocery,1,43.26,New,43.26
501731,2025-05-01,10258,Butter,Grocery,1,84.15,New,84.15
501731,2025-05-01,10258,Jam,Grocery,2,110.55,New,221.1
502080,2025-05-01,10312,Notebook,Stationery,1,57.07,Champions,57.07
502080,2025-05-01,10312,Pen Pack,Stationery,2,40.14,Champions,80.28
502080,2025-05-01,10312,Highlighter,Stationery,1,76.8,Champions,76.8
502080,2025-05-01,10312,Coffee Powder,Grocery,1,196.36,Champions,196.36
502097,2025-05-01,10315,Bread,Grocery,1,42.65,At Risk,42.65
502097,2025-05-01,10315,Butter,Grocery,4,95.32,At Risk,381.28
502097,2025-05-01,10315,Jam,Grocery,1,111.72,At Risk,111.72
502097,2025-05-01,10315,Phone Case,Tech,2,322.44,At Risk,644.88
502124,2025-05-01,10318,Baby Diapers,Baby Care,4,576.44,Champions,2305.76
502124,2025-05-01,10318,Baby Wipes,Baby Care,1,192.08,Champions,192.08
502124,2025-05-01,10318,Baby Lotion,Baby Care,1,264.98,Champions,264.98
502366,2025-05-01,10348,Baby Diapers,Baby Care,1,569.2,Loyal,569.2
502366,2025-05-01,10348,Baby Wipes,Baby Care,2,157.52,Loyal,315.04
502366,2025-05-01,10348,Baby Lotion,Baby Care,2,248.47,Loyal,496.94
500382,2025-05-02,10058,Phone Case,Tech,1,303.98,Champions,303.98
500382,2025-05-02,10058,Screen Guard,Tech,2,199.28,Champions,398.56
500382,2025-05-02,10058,USB Cable,Tech,1,175.49,Champions,175.49
500714,2025-05-02,10105,Coffee Powder,Grocery,4,166.84,Loyal,667.36
500714,2025-05-02,10105,Sugar,Grocery,1,48.23,Loyal,48.23
500714,2025-05-02,10105,Milk,Grocery,2,37.66,Loyal,75.32
501446,2025-05-02,10213,Lunch Box,Lifestyle,2,355.64,Loyal,711.28
501446,2025-05-02,10213,Water Bottle,Lifestyle,1,258.21,Loyal,258.21
501446,2025-05-02,10213,Jam,Grocery,1,104.96,Loyal,104.96
501503,2025-05-02,10220,Novel,Books,1,259.08,At Risk,259.08
501503,2025-05-02,10220,Exam Guide,Books,2,414.44,At Risk,828.88
501503,2025-05-02,10220,Highlighter,Stationery,1,67.26,At Risk,67.26
501900,2025-05-02,10285,Tea Pack,Grocery,2,125.88,Champions,251.76
501900,2025-05-02,10285,Sugar,Grocery,1,56.65,Champions,56.65
501900,2025-05-02,10285,Milk,Grocery,1,37.91,Champions,37.91
502271,2025-05-02,10335,Notebook,Stationery,1,56.71,Champions,56.71
502271,2025-05-02,10335,Pen Pack,Stationery,2,41.68,Champions,83.36
502271,2025-05-02,10335,Highlighter,Stationery,1,78.54,Champions,78.54
500542,2025-05-03,10079,Dog Food,Pet Care,1,809.43,Champions,809.43
500542,2025-05-03,10079,Pet Shampoo,Pet Care,1,257.69,Champions,257.69
500789,2025-05-03,10114,Phone Case,Tech,2,288.8,At Risk,577.6
500789,2025-05-03,10114,Screen Guard,Tech,1,195.34,At Risk,195.34
500789,2025-05-03,10114,USB Cable,Tech,1,181.6,At Risk,181.6
500789,2025-05-03,10114,Screen Guard,Tech,1,209.45,At Risk,209.45
500940,2025-05-03,10141,Novel,Books,1,239.07,Loyal,239.07
500940,2025-05-03,10141,Exam Guide,Books,1,427.41,Loyal,427.41
500994,2025-05-03,10148,Bread,Grocery,2,42.9,Champions,85.8
500994,2025-05-03,10148,Butter,Grocery,1,88.81,Champions,88.81
500994,2025-05-03,10148,Jam,Grocery,2,114.46,Champions,228.92
501038,2025-05-03,10153,Bread,Grocery,1,41.04,New,41.04
501038,2025-05-03,10153,Butter,Grocery,1,98.57,New,98.57
501038,2025-05-03,10153,Jam,Grocery,2,126.73,New,253.46
501369,2025-05-03,10205,Baby Diapers,Baby Care,2,524.48,Champions,1048.96
501369,2025-05-03,10205,Baby Wipes,Baby Care,3,182.27,Champions,546.81
501369,2025-05-03,10205,Baby Lotion,Baby Care,1,267.51,Champions,267.51
501369,2025-05-03,10205,Screen Guard,Tech,1,192.79,Champions,192.79
501441,2025-05-03,10212,Tea Pack,Grocery,1,124.77,At Risk,124.77
501441,2025-05-03,10212,Sugar,Grocery,1,47.68,At Risk,47.68
501441,2025-05-03,10212,Milk,Grocery,2,36.95,At Risk,73.9
501441,2025-05-03,10212,Bluetooth Earbuds,Tech,1,1498.01,At Risk,1498.01
501789,2025-05-03,10266,Yoga Mat,Fitness,1,636.02,At Risk,636.02
501789,2025-05-03,10266,Protein Bar,Fitness,1,83.82,At Risk,83.82
501789,2025-05-03,10266,Water Bottle,Lifestyle,2,259.98,At Risk,519.96
501878,2025-05-03,10283,Yoga Mat,Fitness,1,722.63,Champions,722.63
501878,2025-05-03,10283,Protein Bar,Fitness,2,96.88,Champions,193.76
501878,2025-05-03,10283,Water Bottle,Lifestyle,3,253.36,Champions,760.08
502148,2025-05-03,10321,Notebook,Stationery,1,60.5,At Risk,60.5
502148,2025-05-03,10321,Pen Pack,Stationery,1,40.81,At Risk,40.81
502148,2025-05-03,10321,Highlighter,Stationery,4,69.47,At Risk,277.88
502246,2025-05-03,10333,Lunch Box,Lifestyle,2,341.33,Champions,682.66
502246,2025-05-03,10333,Water Bottle,Lifestyle,1,239.59,Champions,239.59
502246,2025-05-03,10333,Lunch Box,Lifestyle,1,342.31,Champions,342.31
500507,2025-05-04,10075,Lunch Box,Lifestyle,1,356.71,At Risk,356.71
500507,2025-05-04,10075,Water Bottle,Lifestyle,2,263.86,At Risk,527.72
500507,2025-05-04,10075,Bread,Grocery,1,52.35,At Risk,52.35
500923,2025-05-04,10138,Yoga Mat,Fitness,4,610.35,Loyal,2441.4
500923,2025-05-04,10138,Protein Bar,Fitness,1,90.3,Loyal,90.3
500923,2025-05-04,10138,Water Bottle,Lifestyle,1,230.24,Loyal,230.24
501282,2025-05-04,10190,Tea Pack,Grocery,2,129.7,Champions,259.4
501282,2025-05-04,10190,Sugar,Grocery,2,50.14,Champions,100.28
501282,2025-05-04,10190,Milk,Grocery,1,35.89,Champions,35.89
501282,2025-05-04,10190,Bluetooth Earbuds,Tech,1,1477.03,Champions,1477.03
501529,2025-05-04,10223,Bread,Grocery,1,46.12,Loyal,46.12
501529,2025-05-04,10223,Butter,Grocery,1,96.24,Loyal,96.24
501529,2025-05-04,10223,Jam,Grocery,2,106.71,Loyal,213.42
501665,2025-05-04,10244,Lunch Box,Lifestyle,1,324.9,Champions,324.9
501665,2025-05-04,10244,Water Bottle,Lifestyle,1,257.11,Champions,257.11
501977,2025-05-04,10297,Tea Pack,Grocery,1,116.87,Loyal,116.87
501977,2025-05-04,10297,Sugar,Grocery,1,52.6,Loyal,52.6
501977,2025-05-04,10297,Milk,Grocery,1,40.62,Loyal,40.62
502247,2025-05-04,10333,Phone Case,Tech,2,299.04,Champions,598.08
502247,2025-05-04,10333,Screen Guard,Tech,1,208.33,Champions,208.33
502247,2025-05-04,10333,USB Cable,Tech,1,184.8,Champions,184.8
502286,2025-05-04,10337,Bread,Grocery,1,43.4,At Risk,43.4
502286,2025-05-04,10337,Butter,Grocery,1,94.73,At Risk,94.73
502286,2025-05-04,10337,Jam,Grocery,2,106.72,At Risk,213.44
502374,2025-05-04,10349,Phone Case,Tech,1,299.02,At Risk,299.02
502374,2025-05-04,10349,Screen Guard,Tech,1,201.85,At Risk,201.85
502374,2025-05-04,10349,USB Cable,Tech,1,186.63,At Risk,186.63
500499,2025-05-05,10074,Phone Case,Tech,1,320.24,At Risk,320.24
500499,2025-05-05,10074,Screen Guard,Tech,1,219.31,At Risk,219.31
500499,2025-05-05,10074,USB Cable,Tech,3,189.12,At Risk,567.36
500729,2025-05-05,10107,Dog Food,Pet Care,3,755.52,At Risk,2266.56
500729,2025-05-05,10107,Pet Shampoo,Pet Care,2,248.62,At Risk,497.24
500729,2025-05-05,10107,Exam Guide,Books,1,465.09,At Risk,465.09
500886,2025-05-05,10132,Yoga Mat,Fitness,2,662.87,Champions,1325.74
500886,2025-05-05,10132,Protein Bar,Fitness,1,87.32,Champions,87.32
500886,2025-05-05,10132,Water Bottle,Lifestyle,1,261.9,Champions,261.9
501294,2025-05-05,10191,Phone Case,Tech,4,296.72,Lost,1186.88
501294,2025-05-05,10191,Screen Guard,Tech,2,194.44,Lost,388.88
501294,2025-05-05,10191,USB Cable,Tech,3,183.83,Lost,551.49
501305,2025-05-05,10194,Tea Pack,Grocery,1,121.83,Loyal,121.83
501305,2025-05-05,10194,Sugar,Grocery,1,58.16,Loyal,58.16
501305,2025-05-05,10194,Milk,Grocery,2,30.31,Loyal,60.62
501352,2025-05-05,10202,Bread,Grocery,2,42.04,Champions,84.08
501352,2025-05-05,10202,Butter,Grocery,1,98.88,Champions,98.88
501352,2025-05-05,10202,Jam,Grocery,1,107.27,Champions,107.27
501352,2025-05-05,10202,Exam Guide,Books,1,411.2,Champions,411.2
501464,2025-05-05,10215,Tea Pack,Grocery,2,126.84,Loyal,253.68
501464,2025-05-05,10215,Sugar,Grocery,1,52.89,Loyal,52.89
501464,2025-05-05,10215,Milk,Grocery,2,34.51,Loyal,69.02
501483,2025-05-05,10217,Coffee Powder,Grocery,1,189.94,At Risk,189.94
501483,2025-05-05,10217,Sugar,Grocery,2,57.11,At Risk,114.22
501483,2025-05-05,10217,Milk,Grocery,1,40.58,At Risk,40.58
501642,2025-05-05,10241,Tea Pack,Grocery,3,113.47,High Value Rare,340.41
501642,2025-05-05,10241,Sugar,Grocery,2,53.5,High Value Rare,107.0
501642,2025-05-05,10241,Milk,Grocery,1,32.79,High Value Rare,32.79
501808,2025-05-05,10268,Phone Case,Tech,1,288.59,Loyal,288.59
501808,2025-05-05,10268,Screen Guard,Tech,2,194.36,Loyal,388.72
501808,2025-05-05,10268,USB Cable,Tech,2,175.83,Loyal,351.66
501998,2025-05-05,10299,Lunch Box,Lifestyle,2,368.82,Champions,737.64
501998,2025-05-05,10299,Water Bottle,Lifestyle,1,254.88,Champions,254.88
501998,2025-05-05,10299,USB Cable,Tech,1,171.94,Champions,171.94
500646,2025-05-06,10094,Yoga Mat,Fitness,1,640.71,Lost,640.71
500646,2025-05-06,10094,Protein Bar,Fitness,1,92.03,Lost,92.03
500646,2025-05-06,10094,Water Bottle,Lifestyle,1,254.76,Lost,254.76
500987,2025-05-06,10146,Phone Case,Tech,2,290.73,At Risk,581.46
500987,2025-05-06,10146,Screen Guard,Tech,1,197.07,At Risk,197.07
500987,2025-05-06,10146,USB Cable,Tech,1,195.34,At Risk,195.34
501270,2025-05-06,10189,Coffee Powder,Grocery,1,175.33,Loyal,175.33
501270,2025-05-06,10189,Sugar,Grocery,1,62.68,Loyal,62.68
501270,2025-05-06,10189,Milk,Grocery,1,37.33,Loyal,37.33
501430,2025-05-06,10211,Novel,Books,4,248.53,At Risk,994.12
501430,2025-05-06,10211,Exam Guide,Books,1,418.82,At Risk,418.82
501430,2025-05-06,10211,Pen Pack,Stationery,1,41.57,At Risk,41.57
501697,2025-05-06,10251,Bread,Grocery,1,44.54,Loyal,44.54
501697,2025-05-06,10251,Butter,Grocery,1,98.78,Loyal,98.78
501697,2025-05-06,10251,Jam,Grocery,1,120.21,Loyal,120.21
502166,2025-05-06,10323,Baby Diapers,Baby Care,1,575.47,Loyal,575.47
502166,2025-05-06,10323,Baby Wipes,Baby Care,1,177.18,Loyal,177.18
502166,2025-05-06,10323,Baby Lotion,Baby Care,1,257.32,Loyal,257.32
502166,2025-05-06,10323,Pet Shampoo,Pet Care,1,254.63,Loyal,254.63
502375,2025-05-06,10349,Lunch Box,Lifestyle,1,348.59,At Risk,348.59
502375,2025-05-06,10349,Water Bottle,Lifestyle,2,258.59,At Risk,517.18
502375,2025-05-06,10349,Highlighter,Stationery,2,77.5,At Risk,155.0
500078,2025-05-07,10010,Bread,Grocery,2,47.1,Champions,94.2
500078,2025-05-07,10010,Butter,Grocery,1,94.97,Champions,94.97
500078,2025-05-07,10010,Jam,Grocery,1,114.41,Champions,114.41
500278,2025-05-07,10040,Notebook,Stationery,1,59.36,Champions,59.36
500278,2025-05-07,10040,Pen Pack,Stationery,1,41.05,Champions,41.05
500278,2025-05-07,10040,Highlighter,Stationery,1,77.7,Champions,77.7
500278,2025-05-07,10040,Lunch Box,Lifestyle,1,363.64,Champions,363.64
500394,2025-05-07,10059,Yoga Mat,Fitness,1,665.02,Loyal,665.02
500394,2025-05-07,10059,Protein Bar,Fitness,1,75.38,Loyal,75.38
500394,2025-05-07,10059,Water Bottle,Lifestyle,1,235.51,Loyal,235.51
500394,2025-05-07,10059,Exam Guide,Books,1,399.53,Loyal,399.53
501170,2025-05-07,10172,Coffee Powder,Grocery,1,168.88,New,168.88
501170,2025-05-07,10172,Sugar,Grocery,2,51.52,New,103.04
501170,2025-05-07,10172,Milk,Grocery,1,34.73,New,34.73
501209,2025-05-07,10177,Notebook,Stationery,1,60.37,Loyal,60.37
501209,2025-05-07,10177,Pen Pack,Stationery,1,40.19,Loyal,40.19
501209,2025-05-07,10177,Highlighter,Stationery,1,71.47,Loyal,71.47
501586,2025-05-07,10234,Novel,Books,1,245.5,Loyal,245.5
501586,2025-05-07,10234,Exam Guide,Books,3,402.72,Loyal,1208.16
501586,2025-05-07,10234,Novel,Books,1,260.08,Loyal,260.08
501698,2025-05-07,10251,Dog Food,Pet Care,2,766.06,Loyal,1532.12
501698,2025-05-07,10251,Pet Shampoo,Pet Care,1,278.85,Loyal,278.85
502224,2025-05-07,10331,Notebook,Stationery,1,68.15,At Risk,68.15
502224,2025-05-07,10331,Pen Pack,Stationery,1,38.45,At Risk,38.45
502224,2025-05-07,10331,Highlighter,Stationery,1,72.93,At Risk,72.93
502224,2025-05-07,10331,Baby Diapers,Baby Care,1,560.74,At Risk,560.74
500027,2025-05-08,10004,Coffee Powder,Grocery,1,185.48,Champions,185.48
500027,2025-05-08,10004,Sugar,Grocery,2,55.6,Champions,111.2
500027,2025-05-08,10004,Milk,Grocery,3,36.58,Champions,109.74
501086,2025-05-08,10161,Dog Food,Pet Care,1,829.38,At Risk,829.38
501086,2025-05-08,10161,Pet Shampoo,Pet Care,1,270.39,At Risk,270.39
501086,2025-05-08,10161,Pen Pack,Stationery,1,37.75,At Risk,37.75
501552,2025-05-08,10226,Notebook,Stationery,1,56.07,High Value Rare,56.07
501552,2025-05-08,10226,Pen Pack,Stationery,1,41.27,High Value Rare,41.27
501552,2025-05-08,10226,Highlighter,Stationery,1,83.06,High Value Rare,83.06
501552,2025-05-08,10226,Pen Pack,Stationery,2,42.76,High Value Rare,85.52
501816,2025-05-08,10269,Yoga Mat,Fitness,1,640.23,Loyal,640.23
501816,2025-05-08,10269,Protein Bar,Fitness,1,95.03,Loyal,95.03
501816,2025-05-08,10269,Water Bottle,Lifestyle,2,234.67,Loyal,469.34
501816,2025-05-08,10269,Pen Pack,Stationery,1,40.39,Loyal,40.39
502367,2025-05-08,10348,Baby Diapers,Baby Care,2,607.89,Loyal,1215.78
502367,2025-05-08,10348,Baby Wipes,Baby Care,1,188.78,Loyal,188.78
502367,2025-05-08,10348,Baby Lotion,Baby Care,1,239.0,Loyal,239.0
500440,2025-05-09,10066,Novel,Books,2,247.37,Champions,494.74
500440,2025-05-09,10066,Exam Guide,Books,1,423.32,Champions,423.32
500440,2025-05-09,10066,Dumbbell Pair,Fitness,3,1226.1,Champions,3678.3
500915,2025-05-09,10137,Novel,Books,1,270.1,At Risk,270.1
500915,2025-05-09,10137,Exam Guide,Books,1,404.55,At Risk,404.55
500960,2025-05-09,10144,Coffee Powder,Grocery,1,173.63,Loyal,173.63
500960,2025-05-09,10144,Sugar,Grocery,3,50.19,Loyal,150.57
500960,2025-05-09,10144,Milk,Grocery,1,32.98,Loyal,32.98
501175,2025-05-09,10173,Phone Case,Tech,1,292.96,Loyal,292.96
501175,2025-05-09,10173,Screen Guard,Tech,1,171.95,Loyal,171.95
501175,2025-05-09,10173,USB Cable,Tech,1,165.94,Loyal,165.94
501339,2025-05-09,10201,Baby Diapers,Baby Care,1,516.02,Champions,516.02
501339,2025-05-09,10201,Baby Wipes,Baby Care,1,173.54,Champions,173.54
501339,2025-05-09,10201,Baby Lotion,Baby Care,2,226.52,Champions,453.04
501484,2025-05-09,10217,Bread,Grocery,2,47.42,At Risk,94.84
501484,2025-05-09,10217,Butter,Grocery,1,94.03,At Risk,94.03
501484,2025-05-09,10217,Jam,Grocery,1,109.55,At Risk,109.55
501598,2025-05-09,10235,Dog Food,Pet Care,2,846.37,At Risk,1692.74
501598,2025-05-09,10235,Pet Shampoo,Pet Care,2,277.58,At Risk,555.16
501722,2025-05-09,10256,Dog Food,Pet Care,1,822.9,High Value Rare,822.9
501722,2025-05-09,10256,Pet Shampoo,Pet Care,1,253.9,High Value Rare,253.9
501727,2025-05-09,10257,Tea Pack,Grocery,1,128.6,At Risk,128.6
501727,2025-05-09,10257,Sugar,Grocery,2,54.75,At Risk,109.5
501727,2025-05-09,10257,Milk,Grocery,1,35.15,At Risk,35.15
501927,2025-05-09,10290,Bread,Grocery,2,43.83,Champions,87.66
501927,2025-05-09,10290,Butter,Grocery,2,91.43,Champions,182.86
501927,2025-05-09,10290,Jam,Grocery,1,106.72,Champions,106.72
501927,2025-05-09,10290,Phone Case,Tech,1,299.58,Champions,299.58
500658,2025-05-10,10098,Tea Pack,Grocery,1,112.02,Champions,112.02
500658,2025-05-10,10098,Sugar,Grocery,1,53.16,Champions,53.16
500658,2025-05-10,10098,Milk,Grocery,1,34.46,Champions,34.46
501011,2025-05-10,10149,Lunch Box,Lifestyle,2,311.99,Loyal,623.98
501011,2025-05-10,10149,Water Bottle,Lifestyle,1,272.24,Loyal,272.24
501402,2025-05-10,10208,Coffee Powder,Grocery,1,174.7,Champions,174.7
501402,2025-05-10,10208,Sugar,Grocery,1,54.95,Champions,54.95
501402,2025-05-10,10208,Milk,Grocery,1,35.28,Champions,35.28
501504,2025-05-10,10220,Baby Diapers,Baby Care,1,555.49,At Risk,555.49
501504,2025-05-10,10220,Baby Wipes,Baby Care,1,189.97,At Risk,189.97
501504,2025-05-10,10220,Baby Lotion,Baby Care,1,260.02,At Risk,260.02
501504,2025-05-10,10220,Tea Pack,Grocery,1,121.31,At Risk,121.31
501575,2025-05-10,10230,Novel,Books,1,256.23,Lost,256.23
501575,2025-05-10,10230,Exam Guide,Books,2,439.0,Lost,878.0
501649,2025-05-10,10243,Dog Food,Pet Care,2,695.23,Loyal,1390.46
501649,2025-05-10,10243,Pet Shampoo,Pet Care,1,279.33,Loyal,279.33
502032,2025-05-10,10304,Yoga Mat,Fitness,2,645.97,At Risk,1291.94
502032,2025-05-10,10304,Protein Bar,Fitness,1,96.58,At Risk,96.58
502032,2025-05-10,10304,Water Bottle,Lifestyle,1,270.04,At Risk,270.04
502167,2025-05-10,10323,Novel,Books,1,252.5,Loyal,252.5
502167,2025-05-10,10323,Exam Guide,Books,2,403.03,Loyal,806.06
500124,2025-05-11,10019,Baby Diapers,Baby Care,4,552.78,Loyal,2211.12
500124,2025-05-11,10019,Baby Wipes,Baby Care,1,177.1,Loyal,177.1
500124,2025-05-11,10019,Baby Lotion,Baby Care,2,213.56,Loyal,427.12
500596,2025-05-11,10085,Yoga Mat,Fitness,2,577.56,Loyal,1155.12
500596,2025-05-11,10085,Protein Bar,Fitness,1,90.57,Loyal,90.57
500596,2025-05-11,10085,Water Bottle,Lifestyle,1,238.05,Loyal,238.05
500606,2025-05-11,10087,Coffee Powder,Grocery,4,159.85,At Risk,639.4
500606,2025-05-11,10087,Sugar,Grocery,1,59.15,At Risk,59.15
500606,2025-05-11,10087,Milk,Grocery,1,31.91,At Risk,31.91
500606,2025-05-11,10087,Novel,Books,1,249.16,At Risk,249.16
500760,2025-05-11,10110,Novel,Books,1,247.38,Loyal,247.38
500760,2025-05-11,10110,Exam Guide,Books,2,430.36,Loyal,860.72
500760,2025-05-11,10110,Novel,Books,1,252.53,Loyal,252.53
500828,2025-05-11,10123,Lunch Box,Lifestyle,1,322.66,Champions,322.66
500828,2025-05-11,10123,Water Bottle,Lifestyle,1,266.13,Champions,266.13
501012,2025-05-11,10149,Novel,Books,2,247.22,Loyal,494.44
501012,2025-05-11,10149,Exam Guide,Books,1,412.94,Loyal,412.94
501012,2025-05-11,10149,Jam,Grocery,2,111.04,Loyal,222.08
501087,2025-05-11,10161,Notebook,Stationery,1,60.65,At Risk,60.65
501087,2025-05-11,10161,Pen Pack,Stationery,1,36.73,At Risk,36.73
501087,2025-05-11,10161,Highlighter,Stationery,1,75.05,At Risk,75.05
501230,2025-05-11,10180,Phone Case,Tech,1,301.59,Loyal,301.59
501230,2025-05-11,10180,Screen Guard,Tech,1,201.81,Loyal,201.81
501230,2025-05-11,10180,USB Cable,Tech,3,168.74,Loyal,506.22
501515,2025-05-11,10222,Baby Diapers,Baby Care,1,526.65,Champions,526.65
501515,2025-05-11,10222,Baby Wipes,Baby Care,2,170.95,Champions,341.9
501515,2025-05-11,10222,Baby Lotion,Baby Care,1,232.97,Champions,232.97
501515,2025-05-11,10222,USB Cable,Tech,1,179.32,Champions,179.32
501576,2025-05-11,10230,Coffee Powder,Grocery,1,183.08,Lost,183.08
501576,2025-05-11,10230,Sugar,Grocery,1,55.74,Lost,55.74
501576,2025-05-11,10230,Milk,Grocery,4,32.94,Lost,131.76
502065,2025-05-11,10311,Dog Food,Pet Care,1,796.77,Champions,796.77
502065,2025-05-11,10311,Pet Shampoo,Pet Care,1,262.61,Champions,262.61
502065,2025-05-11,10311,Milk,Grocery,2,33.83,Champions,67.66
502081,2025-05-11,10312,Bread,Grocery,1,43.18,Champions,43.18
502081,2025-05-11,10312,Butter,Grocery,1,98.98,Champions,98.98
502081,2025-05-11,10312,Jam,Grocery,1,130.71,Champions,130.71
502178,2025-05-11,10325,Notebook,Stationery,4,62.8,At Risk,251.2
502178,2025-05-11,10325,Pen Pack,Stationery,1,40.36,At Risk,40.36
502178,2025-05-11,10325,Highlighter,Stationery,1,76.93,At Risk,76.93
502178,2025-05-11,10325,Protein Bar,Fitness,1,89.42,At Risk,89.42
500454,2025-05-12,10068,Phone Case,Tech,1,291.65,Champions,291.65
500454,2025-05-12,10068,Screen Guard,Tech,1,217.57,Champions,217.57
500454,2025-05-12,10068,USB Cable,Tech,1,186.8,Champions,186.8
500624,2025-05-12,10090,Dog Food,Pet Care,1,829.57,Champions,829.57
500624,2025-05-12,10090,Pet Shampoo,Pet Care,1,259.09,Champions,259.09
500867,2025-05-12,10130,Yoga Mat,Fitness,1,653.89,Loyal,653.89
500867,2025-05-12,10130,Protein Bar,Fitness,2,97.1,Loyal,194.2
500867,2025-05-12,10130,Water Bottle,Lifestyle,2,236.91,Loyal,473.82
500941,2025-05-12,10141,Novel,Books,1,228.16,Loyal,228.16
500941,2025-05-12,10141,Exam Guide,Books,2,446.1,Loyal,892.2
501013,2025-05-12,10149,Dog Food,Pet Care,1,779.75,Loyal,779.75
501013,2025-05-12,10149,Pet Shampoo,Pet Care,3,260.15,Loyal,780.45
501013,2025-05-12,10149,Coffee Powder,Grocery,2,199.35,Loyal,398.7
501158,2025-05-12,10170,Yoga Mat,Fitness,2,623.6,At Risk,1247.2
501158,2025-05-12,10170,Protein Bar,Fitness,2,88.63,At Risk,177.26
501158,2025-05-12,10170,Water Bottle,Lifestyle,2,249.46,At Risk,498.92
501666,2025-05-12,10244,Coffee Powder,Grocery,1,171.64,Champions,171.64
501666,2025-05-12,10244,Sugar,Grocery,1,53.72,Champions,53.72
501666,2025-05-12,10244,Milk,Grocery,1,34.3,Champions,34.3
502135,2025-05-12,10319,Tea Pack,Grocery,1,127.96,Loyal,127.96
502135,2025-05-12,10319,Sugar,Grocery,2,56.23,Loyal,112.46
502135,2025-05-12,10319,Milk,Grocery,2,36.23,Loyal,72.46
502135,2025-05-12,10319,Yoga Mat,Fitness,1,680.21,Loyal,680.21
500018,2025-05-13,10003,Coffee Powder,Grocery,2,169.57,At Risk,339.14
500018,2025-05-13,10003,Sugar,Grocery,1,52.18,At Risk,52.18
500018,2025-05-13,10003,Milk,Grocery,1,35.1,At Risk,35.1
500395,2025-05-13,10059,Novel,Books,1,253.05,Loyal,253.05
500395,2025-05-13,10059,Exam Guide,Books,1,384.45,Loyal,384.45
500395,2025-05-13,10059,Coffee Powder,Grocery,1,165.64,Loyal,165.64
501020,2025-05-13,10151,Yoga Mat,Fitness,1,653.18,Loyal,653.18
501020,2025-05-13,10151,Protein Bar,Fitness,1,82.99,Loyal,82.99
501020,2025-05-13,10151,Water Bottle,Lifestyle,2,230.91,Loyal,461.82
501465,2025-05-13,10215,Novel,Books,3,247.06,Loyal,741.18
501465,2025-05-13,10215,Exam Guide,Books,1,448.1,Loyal,448.1
501475,2025-05-13,10216,Coffee Powder,Grocery,1,180.6,Loyal,180.6
501475,2025-05-13,10216,Sugar,Grocery,1,56.74,Loyal,56.74
501475,2025-05-13,10216,Milk,Grocery,2,33.45,Loyal,66.9
501754,2025-05-13,10260,Bread,Grocery,2,40.63,At Risk,81.26
501754,2025-05-13,10260,Butter,Grocery,2,92.02,At Risk,184.04
501754,2025-05-13,10260,Jam,Grocery,1,104.85,At Risk,104.85
501779,2025-05-13,10264,Novel,Books,1,229.73,Lost,229.73
501779,2025-05-13,10264,Exam Guide,Books,2,423.36,Lost,846.72
501779,2025-05-13,10264,Dog Food,Pet Care,2,910.05,Lost,1820.1
500543,2025-05-14,10079,Novel,Books,1,232.31,Champions,232.31
500543,2025-05-14,10079,Exam Guide,Books,1,441.47,Champions,441.47
500543,2025-05-14,10079,USB Cable,Tech,3,190.3,Champions,570.9
500961,2025-05-14,10144,Bread,Grocery,1,48.38,Loyal,48.38
500961,2025-05-14,10144,Butter,Grocery,1,95.04,Loyal,95.04
500961,2025-05-14,10144,Jam,Grocery,1,106.67,Loyal,106.67
501045,2025-05-14,10155,Lunch Box,Lifestyle,2,386.02,Loyal,772.04
501045,2025-05-14,10155,Water Bottle,Lifestyle,1,247.71,Loyal,247.71
501096,2025-05-14,10162,Dog Food,Pet Care,1,734.09,At Risk,734.09
501096,2025-05-14,10162,Pet Shampoo,Pet Care,1,298.84,At Risk,298.84
501728,2025-05-14,10257,Notebook,Stationery,1,55.0,At Risk,55.0
501728,2025-05-14,10257,Pen Pack,Stationery,1,41.85,At Risk,41.85
501728,2025-05-14,10257,Highlighter,Stationery,2,66.26,At Risk,132.52
501879,2025-05-14,10283,Coffee Powder,Grocery,1,182.33,Champions,182.33
501879,2025-05-14,10283,Sugar,Grocery,1,51.04,Champions,51.04
501879,2025-05-14,10283,Milk,Grocery,1,38.64,Champions,38.64
501879,2025-05-14,10283,Pet Shampoo,Pet Care,1,270.38,Champions,270.38
501959,2025-05-14,10294,Tea Pack,Grocery,1,116.87,Champions,116.87
501959,2025-05-14,10294,Sugar,Grocery,1,51.43,Champions,51.43
501959,2025-05-14,10294,Milk,Grocery,1,36.35,Champions,36.35
501959,2025-05-14,10294,Pen Pack,Stationery,1,40.7,Champions,40.7
501992,2025-05-14,10298,Yoga Mat,Fitness,1,658.54,At Risk,658.54
501992,2025-05-14,10298,Protein Bar,Fitness,1,92.25,At Risk,92.25
501992,2025-05-14,10298,Water Bottle,Lifestyle,2,248.39,At Risk,496.78
501992,2025-05-14,10298,Coffee Powder,Grocery,1,169.58,At Risk,169.58
502098,2025-05-14,10315,Tea Pack,Grocery,1,107.4,At Risk,107.4
502098,2025-05-14,10315,Sugar,Grocery,1,47.79,At Risk,47.79
502098,2025-05-14,10315,Milk,Grocery,1,35.27,At Risk,35.27
502291,2025-05-14,10338,Tea Pack,Grocery,1,116.86,New,116.86
502291,2025-05-14,10338,Sugar,Grocery,1,63.23,New,63.23
502291,2025-05-14,10338,Milk,Grocery,1,33.55,New,33.55
502291,2025-05-14,10338,Bluetooth Earbuds,Tech,4,1452.78,New,5811.12
500132,2025-05-15,10020,Lunch Box,Lifestyle,1,329.32,At Risk,329.32
500132,2025-05-15,10020,Water Bottle,Lifestyle,1,238.11,At Risk,238.11
500383,2025-05-15,10058,Coffee Powder,Grocery,1,177.88,Champions,177.88
500383,2025-05-15,10058,Sugar,Grocery,2,55.83,Champions,111.66
500383,2025-05-15,10058,Milk,Grocery,1,31.42,Champions,31.42
500942,2025-05-15,10141,Phone Case,Tech,1,291.02,Loyal,291.02
500942,2025-05-15,10141,Screen Guard,Tech,1,182.65,Loyal,182.65
500942,2025-05-15,10141,USB Cable,Tech,1,170.15,Loyal,170.15
501039,2025-05-15,10153,Coffee Powder,Grocery,1,180.1,New,180.1
501039,2025-05-15,10153,Sugar,Grocery,1,58.58,New,58.58
501039,2025-05-15,10153,Milk,Grocery,1,34.44,New,34.44
501159,2025-05-15,10170,Lunch Box,Lifestyle,1,351.94,At Risk,351.94
501159,2025-05-15,10170,Water Bottle,Lifestyle,3,237.73,At Risk,713.19
501203,2025-05-15,10176,Lunch Box,Lifestyle,1,336.24,At Risk,336.24
501203,2025-05-15,10176,Water Bottle,Lifestyle,1,239.17,At Risk,239.17
501203,2025-05-15,10176,Lunch Box,Lifestyle,2,352.26,At Risk,704.52
501254,2025-05-15,10184,Yoga Mat,Fitness,1,642.52,Loyal,642.52
501254,2025-05-15,10184,Protein Bar,Fitness,1,91.53,Loyal,91.53
501254,2025-05-15,10184,Water Bottle,Lifestyle,2,263.37,Loyal,526.74
501409,2025-05-15,10209,Phone Case,Tech,2,302.33,Champions,604.66
501409,2025-05-15,10209,Screen Guard,Tech,1,206.42,Champions,206.42
501409,2025-05-15,10209,USB Cable,Tech,1,191.03,Champions,191.03
501569,2025-05-15,10229,Novel,Books,2,256.52,At Risk,513.04
501569,2025-05-15,10229,Exam Guide,Books,1,434.55,At Risk,434.55
501667,2025-05-15,10244,Bread,Grocery,1,44.06,Champions,44.06
501667,2025-05-15,10244,Butter,Grocery,1,89.47,Champions,89.47
501667,2025-05-15,10244,Jam,Grocery,2,107.44,Champions,214.88
502355,2025-05-15,10347,Novel,Books,1,228.88,Champions,228.88
502355,2025-05-15,10347,Exam Guide,Books,4,413.13,Champions,1652.52
500405,2025-05-16,10060,Yoga Mat,Fitness,1,656.78,Loyal,656.78
500405,2025-05-16,10060,Protein Bar,Fitness,1,91.79,Loyal,91.79
500405,2025-05-16,10060,Water Bottle,Lifestyle,3,275.18,Loyal,825.54
500405,2025-05-16,10060,Pet Shampoo,Pet Care,1,239.57,Loyal,239.57
500455,2025-05-16,10068,Dog Food,Pet Care,1,703.76,Champions,703.76
500455,2025-05-16,10068,Pet Shampoo,Pet Care,2,311.5,Champions,623.0
500455,2025-05-16,10068,Jam,Grocery,2,123.73,Champions,247.46
500588,2025-05-16,10084,Dog Food,Pet Care,3,804.41,Loyal,2413.23
500588,2025-05-16,10084,Pet Shampoo,Pet Care,1,271.02,Loyal,271.02
500899,2025-05-16,10134,Notebook,Stationery,3,58.44,High Value Rare,175.32
500899,2025-05-16,10134,Pen Pack,Stationery,1,43.78,High Value Rare,43.78
500899,2025-05-16,10134,Highlighter,Stationery,2,81.8,High Value Rare,163.6
501713,2025-05-16,10254,Notebook,Stationery,4,57.01,Champions,228.04
501713,2025-05-16,10254,Pen Pack,Stationery,1,40.82,Champions,40.82
501713,2025-05-16,10254,Highlighter,Stationery,1,66.6,Champions,66.6
501713,2025-05-16,10254,Yoga Mat,Fitness,2,652.17,Champions,1304.34
501880,2025-05-16,10283,Dog Food,Pet Care,4,841.59,Champions,3366.36
501880,2025-05-16,10283,Pet Shampoo,Pet Care,3,242.58,Champions,727.74
501880,2025-05-16,10283,Baby Wipes,Baby Care,1,183.29,Champions,183.29
501941,2025-05-16,10291,Phone Case,Tech,2,287.66,Champions,575.32
501941,2025-05-16,10291,Screen Guard,Tech,1,189.18,Champions,189.18
501941,2025-05-16,10291,USB Cable,Tech,1,195.17,Champions,195.17
500009,2025-05-17,10001,Notebook,Stationery,1,64.79,High Value Rare,64.79
500009,2025-05-17,10001,Pen Pack,Stationery,2,44.8,High Value Rare,89.6
500009,2025-05-17,10001,Highlighter,Stationery,1,69.7,High Value Rare,69.7
500019,2025-05-17,10003,Lunch Box,Lifestyle,3,336.75,At Risk,1010.25
500019,2025-05-17,10003,Water Bottle,Lifestyle,1,263.61,At Risk,263.61
500067,2025-05-17,10008,Coffee Powder,Grocery,1,200.91,At Risk,200.91
500067,2025-05-17,10008,Sugar,Grocery,2,59.5,At Risk,119.0
500067,2025-05-17,10008,Milk,Grocery,2,33.25,At Risk,66.5
500262,2025-05-17,10038,Lunch Box,Lifestyle,3,353.9,At Risk,1061.7
500262,2025-05-17,10038,Water Bottle,Lifestyle,1,236.93,At Risk,236.93
500456,2025-05-17,10068,Lunch Box,Lifestyle,1,367.79,Champions,367.79
500456,2025-05-17,10068,Water Bottle,Lifestyle,1,253.47,Champions,253.47
500456,2025-05-17,10068,Novel,Books,1,250.07,Champions,250.07
500962,2025-05-17,10144,Coffee Powder,Grocery,3,176.89,Loyal,530.67
500962,2025-05-17,10144,Sugar,Grocery,2,51.45,Loyal,102.9
500962,2025-05-17,10144,Milk,Grocery,2,33.29,Loyal,66.58
501059,2025-05-17,10158,Phone Case,Tech,1,298.06,Loyal,298.06
501059,2025-05-17,10158,Screen Guard,Tech,2,191.52,Loyal,383.04
501059,2025-05-17,10158,USB Cable,Tech,1,183.62,Loyal,183.62
501059,2025-05-17,10158,Sugar,Grocery,1,53.05,Loyal,53.05
501340,2025-05-17,10201,Lunch Box,Lifestyle,1,353.86,Champions,353.86
501340,2025-05-17,10201,Water Bottle,Lifestyle,1,259.15,Champions,259.15
501466,2025-05-17,10215,Lunch Box,Lifestyle,1,329.68,Loyal,329.68
501466,2025-05-17,10215,Water Bottle,Lifestyle,1,279.17,Loyal,279.17
501851,2025-05-17,10278,Phone Case,Tech,1,321.07,At Risk,321.07
501851,2025-05-17,10278,Screen Guard,Tech,2,212.16,At Risk,424.32
501851,2025-05-17,10278,USB Cable,Tech,1,177.27,At Risk,177.27
502287,2025-05-17,10337,Baby Diapers,Baby Care,1,549.51,At Risk,549.51
502287,2025-05-17,10337,Baby Wipes,Baby Care,1,185.84,At Risk,185.84
502287,2025-05-17,10337,Baby Lotion,Baby Care,3,214.21,At Risk,642.63
500028,2025-05-18,10004,Tea Pack,Grocery,2,126.04,Champions,252.08
500028,2025-05-18,10004,Sugar,Grocery,1,60.99,Champions,60.99
500028,2025-05-18,10004,Milk,Grocery,1,31.61,Champions,31.61
500508,2025-05-18,10075,Tea Pack,Grocery,2,116.98,At Risk,233.96
500508,2025-05-18,10075,Sugar,Grocery,2,49.17,At Risk,98.34
500508,2025-05-18,10075,Milk,Grocery,1,31.34,At Risk,31.34
500659,2025-05-18,10098,Bread,Grocery,1,46.41,Champions,46.41
500659,2025-05-18,10098,Butter,Grocery,2,101.71,Champions,203.42
500659,2025-05-18,10098,Jam,Grocery,2,107.69,Champions,215.38
500864,2025-05-18,10129,Phone Case,Tech,1,301.76,New,301.76
500864,2025-05-18,10129,Screen Guard,Tech,1,208.05,New,208.05
500864,2025-05-18,10129,USB Cable,Tech,3,166.52,New,499.56
500864,2025-05-18,10129,Dog Food,Pet Care,1,780.93,New,780.93
501111,2025-05-18,10164,Tea Pack,Grocery,4,115.81,Champions,463.24
501111,2025-05-18,10164,Sugar,Grocery,1,60.67,Champions,60.67
501111,2025-05-18,10164,Milk,Grocery,2,35.15,Champions,70.3
501111,2025-05-18,10164,Highlighter,Stationery,1,77.55,Champions,77.55
501736,2025-05-18,10259,Notebook,Stationery,1,51.87,Champions,51.87
501736,2025-05-18,10259,Pen Pack,Stationery,1,38.61,Champions,38.61
501736,2025-05-18,10259,Highlighter,Stationery,1,77.35,Champions,77.35
500263,2025-05-19,10038,Notebook,Stationery,1,67.02,At Risk,67.02
500263,2025-05-19,10038,Pen Pack,Stationery,1,37.53,At Risk,37.53
500263,2025-05-19,10038,Highlighter,Stationery,1,74.26,At Risk,74.26
501283,2025-05-19,10190,Bread,Grocery,2,46.12,Champions,92.24
501283,2025-05-19,10190,Butter,Grocery,1,90.22,Champions,90.22
501283,2025-05-19,10190,Jam,Grocery,2,107.46,Champions,214.92
501410,2025-05-19,10209,Notebook,Stationery,1,63.47,Champions,63.47
501410,2025-05-19,10209,Pen Pack,Stationery,2,37.97,Champions,75.94
501410,2025-05-19,10209,Highlighter,Stationery,2,76.37,Champions,152.74
501548,2025-05-19,10225,Baby Diapers,Baby Care,2,551.72,Loyal,1103.44
501548,2025-05-19,10225,Baby Wipes,Baby Care,1,177.62,Loyal,177.62
501548,2025-05-19,10225,Baby Lotion,Baby Care,1,271.8,Loyal,271.8
501587,2025-05-19,10234,Bread,Grocery,3,44.37,Loyal,133.11
501587,2025-05-19,10234,Butter,Grocery,1,85.93,Loyal,85.93
501587,2025-05-19,10234,Jam,Grocery,1,113.09,Loyal,113.09
501102,2025-05-20,10163,Yoga Mat,Fitness,1,615.88,New,615.88
501102,2025-05-20,10163,Protein Bar,Fitness,1,90.57,New,90.57
501102,2025-05-20,10163,Water Bottle,Lifestyle,1,257.59,New,257.59
501102,2025-05-20,10163,Sugar,Grocery,1,52.53,New,52.53
501537,2025-05-20,10224,Baby Diapers,Baby Care,2,511.2,Loyal,1022.4
501537,2025-05-20,10224,Baby Wipes,Baby Care,2,189.51,Loyal,379.02
501537,2025-05-20,10224,Baby Lotion,Baby Care,1,228.72,Loyal,228.72
501537,2025-05-20,10224,Pet Shampoo,Pet Care,1,238.58,Loyal,238.58
501906,2025-05-20,10287,Tea Pack,Grocery,1,102.63,New,102.63
501906,2025-05-20,10287,Sugar,Grocery,1,54.28,New,54.28
501906,2025-05-20,10287,Milk,Grocery,2,31.29,New,62.58
502288,2025-05-20,10337,Novel,Books,2,253.79,At Risk,507.58
502288,2025-05-20,10337,Exam Guide,Books,1,454.41,At Risk,454.41
500141,2025-05-21,10021,Baby Diapers,Baby Care,2,525.75,Champions,1051.5
500141,2025-05-21,10021,Baby Wipes,Baby Care,2,173.39,Champions,346.78
500141,2025-05-21,10021,Baby Lotion,Baby Care,1,197.72,Champions,197.72
500319,2025-05-21,10046,Notebook,Stationery,1,55.24,Loyal,55.24
500319,2025-05-21,10046,Pen Pack,Stationery,2,42.82,Loyal,85.64
500319,2025-05-21,10046,Highlighter,Stationery,1,75.82,Loyal,75.82
500319,2025-05-21,10046,Sugar,Grocery,1,59.19,Loyal,59.19
500332,2025-05-21,10049,Coffee Powder,Grocery,3,185.84,Loyal,557.52
500332,2025-05-21,10049,Sugar,Grocery,1,61.39,Loyal,61.39
500332,2025-05-21,10049,Milk,Grocery,1,33.85,Loyal,33.85
500730,2025-05-21,10107,Dog Food,Pet Care,1,761.33,At Risk,761.33
500730,2025-05-21,10107,Pet Shampoo,Pet Care,4,244.69,At Risk,978.76
500817,2025-05-21,10122,Yoga Mat,Fitness,1,628.52,Loyal,628.52
500817,2025-05-21,10122,Protein Bar,Fitness,1,88.78,Loyal,88.78
500817,2025-05-21,10122,Water Bottle,Lifestyle,1,244.12,Loyal,244.12
501079,2025-05-21,10160,Tea Pack,Grocery,1,114.28,Loyal,114.28
501079,2025-05-21,10160,Sugar,Grocery,1,58.25,Loyal,58.25
501079,2025-05-21,10160,Milk,Grocery,1,33.47,Loyal,33.47
501220,2025-05-21,10179,Notebook,Stationery,1,59.81,Champions,59.81
501220,2025-05-21,10179,Pen Pack,Stationery,3,36.92,Champions,110.76
501220,2025-05-21,10179,Highlighter,Stationery,2,68.91,Champions,137.82
501341,2025-05-21,10201,Coffee Powder,Grocery,1,190.74,Champions,190.74
501341,2025-05-21,10201,Sugar,Grocery,3,58.02,Champions,174.06
501341,2025-05-21,10201,Milk,Grocery,4,35.73,Champions,142.92
501341,2025-05-21,10201,Screen Guard,Tech,1,202.97,Champions,202.97
501599,2025-05-21,10235,Lunch Box,Lifestyle,1,323.06,At Risk,323.06
501599,2025-05-21,10235,Water Bottle,Lifestyle,1,252.79,At Risk,252.79
501910,2025-05-21,10288,Bread,Grocery,1,42.02,Loyal,42.02
501910,2025-05-21,10288,Butter,Grocery,1,100.3,Loyal,100.3
501910,2025-05-21,10288,Jam,Grocery,1,101.94,Loyal,101.94
502136,2025-05-21,10319,Baby Diapers,Baby Care,1,610.64,Loyal,610.64
502136,2025-05-21,10319,Baby Wipes,Baby Care,1,197.93,Loyal,197.93
502136,2025-05-21,10319,Baby Lotion,Baby Care,3,246.32,Loyal,738.96
502136,2025-05-21,10319,Pet Shampoo,Pet Care,1,256.37,Loyal,256.37
500649,2025-05-22,10096,Dog Food,Pet Care,1,840.8,New,840.8
500649,2025-05-22,10096,Pet Shampoo,Pet Care,1,272.53,New,272.53
501646,2025-05-22,10242,Notebook,Stationery,1,59.89,Lost,59.89
501646,2025-05-22,10242,Pen Pack,Stationery,1,44.18,Lost,44.18
501646,2025-05-22,10242,Highlighter,Stationery,2,84.23,Lost,168.46
501911,2025-05-22,10288,Lunch Box,Lifestyle,1,329.54,Loyal,329.54
501911,2025-05-22,10288,Water Bottle,Lifestyle,1,241.68,Loyal,241.68
502160,2025-05-22,10322,Yoga Mat,Fitness,1,589.04,At Risk,589.04
502160,2025-05-22,10322,Protein Bar,Fitness,1,86.88,At Risk,86.88
502160,2025-05-22,10322,Water Bottle,Lifestyle,1,269.15,At Risk,269.15
502197,2025-05-22,10328,Baby Diapers,Baby Care,1,534.19,Loyal,534.19
502197,2025-05-22,10328,Baby Wipes,Baby Care,1,200.65,Loyal,200.65
502197,2025-05-22,10328,Baby Lotion,Baby Care,1,229.65,Loyal,229.65
500133,2025-05-23,10020,Novel,Books,1,235.39,At Risk,235.39
500133,2025-05-23,10020,Exam Guide,Books,1,437.73,At Risk,437.73
500133,2025-05-23,10020,USB Cable,Tech,1,173.2,At Risk,173.2
500208,2025-05-23,10031,Phone Case,Tech,2,292.91,Champions,585.82
500208,2025-05-23,10031,Screen Guard,Tech,1,198.51,Champions,198.51
500208,2025-05-23,10031,USB Cable,Tech,1,186.25,Champions,186.25
500208,2025-05-23,10031,Dog Food,Pet Care,1,801.53,Champions,801.53
500567,2025-05-23,10082,Lunch Box,Lifestyle,3,396.65,Loyal,1189.95
500567,2025-05-23,10082,Water Bottle,Lifestyle,1,241.14,Loyal,241.14
501088,2025-05-23,10161,Dog Food,Pet Care,1,778.92,At Risk,778.92
501088,2025-05-23,10161,Pet Shampoo,Pet Care,2,293.41,At Risk,586.82
501176,2025-05-23,10173,Tea Pack,Grocery,2,120.78,Loyal,241.56
501176,2025-05-23,10173,Sugar,Grocery,2,58.39,Loyal,116.78
501176,2025-05-23,10173,Milk,Grocery,1,34.02,Loyal,34.02
501176,2025-05-23,10173,Baby Lotion,Baby Care,1,262.46,Loyal,262.46
501492,2025-05-23,10218,Baby Diapers,Baby Care,1,462.0,At Risk,462.0
501492,2025-05-23,10218,Baby Wipes,Baby Care,1,181.2,At Risk,181.2
501492,2025-05-23,10218,Baby Lotion,Baby Care,2,228.14,At Risk,456.28
501624,2025-05-23,10238,Baby Diapers,Baby Care,1,552.02,At Risk,552.02
501624,2025-05-23,10238,Baby Wipes,Baby Care,1,171.84,At Risk,171.84
501624,2025-05-23,10238,Baby Lotion,Baby Care,1,234.87,At Risk,234.87
501737,2025-05-23,10259,Coffee Powder,Grocery,2,184.68,Champions,369.36
501737,2025-05-23,10259,Sugar,Grocery,1,54.12,Champions,54.12
501737,2025-05-23,10259,Milk,Grocery,1,35.47,Champions,35.47
502010,2025-05-23,10300,Tea Pack,Grocery,2,111.03,Champions,222.06
502010,2025-05-23,10300,Sugar,Grocery,1,58.66,Champions,58.66
502010,2025-05-23,10300,Milk,Grocery,2,36.04,Champions,72.08
502010,2025-05-23,10300,Screen Guard,Tech,2,166.01,Champions,332.02
502205,2025-05-23,10329,Lunch Box,Lifestyle,1,344.23,Loyal,344.23
502205,2025-05-23,10329,Water Bottle,Lifestyle,2,247.02,Loyal,494.04
502292,2025-05-23,10338,Phone Case,Tech,1,315.67,New,315.67
502292,2025-05-23,10338,Screen Guard,Tech,1,197.23,New,197.23
502292,2025-05-23,10338,USB Cable,Tech,1,169.82,New,169.82
502292,2025-05-23,10338,Exam Guide,Books,1,421.94,New,421.94
502317,2025-05-23,10342,Baby Diapers,Baby Care,1,611.7,Champions,611.7
502317,2025-05-23,10342,Baby Wipes,Baby Care,4,169.88,Champions,679.52
502317,2025-05-23,10342,Baby Lotion,Baby Care,1,237.81,Champions,237.81
502317,2025-05-23,10342,Screen Guard,Tech,1,191.69,Champions,191.69
500701,2025-05-24,10102,Lunch Box,Lifestyle,1,339.24,Loyal,339.24
500701,2025-05-24,10102,Water Bottle,Lifestyle,1,222.59,Loyal,222.59
500701,2025-05-24,10102,Bread,Grocery,1,45.06,Loyal,45.06
500995,2025-05-24,10148,Yoga Mat,Fitness,1,546.34,Champions,546.34
500995,2025-05-24,10148,Protein Bar,Fitness,1,91.32,Champions,91.32
500995,2025-05-24,10148,Water Bottle,Lifestyle,1,242.32,Champions,242.32
501431,2025-05-24,10211,Tea Pack,Grocery,3,122.13,At Risk,366.39
501431,2025-05-24,10211,Sugar,Grocery,1,55.64,At Risk,55.64
501431,2025-05-24,10211,Milk,Grocery,1,35.03,At Risk,35.03
501431,2025-05-24,10211,Baby Diapers,Baby Care,3,542.19,At Risk,1626.57
500516,2025-05-25,10077,Dog Food,Pet Care,1,749.66,Champions,749.66
500516,2025-05-25,10077,Pet Shampoo,Pet Care,2,257.27,Champions,514.54
500607,2025-05-25,10087,Notebook,Stationery,1,60.33,At Risk,60.33
500607,2025-05-25,10087,Pen Pack,Stationery,1,40.42,At Risk,40.42
500607,2025-05-25,10087,Highlighter,Stationery,1,76.11,At Risk,76.11
500660,2025-05-25,10098,Phone Case,Tech,3,286.41,Champions,859.23
500660,2025-05-25,10098,Screen Guard,Tech,1,195.31,Champions,195.31
500660,2025-05-25,10098,USB Cable,Tech,2,162.04,Champions,324.08
501097,2025-05-25,10162,Coffee Powder,Grocery,1,185.12,At Risk,185.12
501097,2025-05-25,10162,Sugar,Grocery,1,49.84,At Risk,49.84
501097,2025-05-25,10162,Milk,Grocery,1,35.21,At Risk,35.21
501097,2025-05-25,10162,Highlighter,Stationery,1,76.0,At Risk,76.0
501138,2025-05-25,10168,Coffee Powder,Grocery,4,197.94,Champions,791.76
501138,2025-05-25,10168,Sugar,Grocery,1,66.39,Champions,66.39
501138,2025-05-25,10168,Milk,Grocery,1,31.22,Champions,31.22
501852,2025-05-25,10278,Yoga Mat,Fitness,3,617.63,At Risk,1852.89
501852,2025-05-25,10278,Protein Bar,Fitness,1,97.19,At Risk,97.19
501852,2025-05-25,10278,Water Bottle,Lifestyle,2,247.01,At Risk,494.02
500029,2025-05-26,10004,Phone Case,Tech,2,315.7,Champions,631.4
500029,2025-05-26,10004,Screen Guard,Tech,4,195.01,Champions,780.04
500029,2025-05-26,10004,USB Cable,Tech,1,182.23,Champions,182.23
500029,2025-05-26,10004,Yoga Mat,Fitness,1,697.7,Champions,697.7
500112,2025-05-26,10016,Novel,Books,4,257.94,Loyal,1031.76
500112,2025-05-26,10016,Exam Guide,Books,1,421.44,Loyal,421.44
500384,2025-05-26,10058,Coffee Powder,Grocery,1,191.38,Champions,191.38
500384,2025-05-26,10058,Sugar,Grocery,1,54.97,Champions,54.97
500384,2025-05-26,10058,Milk,Grocery,1,36.48,Champions,36.48
500996,2025-05-26,10148,Dog Food,Pet Care,1,831.1,Champions,831.1
500996,2025-05-26,10148,Pet Shampoo,Pet Care,1,295.35,Champions,295.35
501182,2025-05-26,10174,Coffee Powder,Grocery,1,169.65,At Risk,169.65
501182,2025-05-26,10174,Sugar,Grocery,1,57.56,At Risk,57.56
501182,2025-05-26,10174,Milk,Grocery,3,35.52,At Risk,106.56
501615,2025-05-26,10237,Notebook,Stationery,4,62.5,Champions,250.0
501615,2025-05-26,10237,Pen Pack,Stationery,4,40.09,Champions,160.36
501615,2025-05-26,10237,Highlighter,Stationery,1,76.61,Champions,76.61
501679,2025-05-26,10248,Tea Pack,Grocery,3,103.65,High Value Rare,310.95
501679,2025-05-26,10248,Sugar,Grocery,1,55.78,High Value Rare,55.78
501679,2025-05-26,10248,Milk,Grocery,1,37.08,High Value Rare,37.08
502033,2025-05-26,10304,Phone Case,Tech,1,298.14,At Risk,298.14
502033,2025-05-26,10304,Screen Guard,Tech,1,196.31,At Risk,196.31
502033,2025-05-26,10304,USB Cable,Tech,1,196.25,At Risk,196.25
502225,2025-05-26,10331,Novel,Books,1,248.99,At Risk,248.99
502225,2025-05-26,10331,Exam Guide,Books,1,449.58,At Risk,449.58
502225,2025-05-26,10331,Screen Guard,Tech,1,202.91,At Risk,202.91
500089,2025-05-27,10013,Yoga Mat,Fitness,2,603.08,Loyal,1206.16
500089,2025-05-27,10013,Protein Bar,Fitness,1,84.37,Loyal,84.37
500089,2025-05-27,10013,Water Bottle,Lifestyle,1,238.45,Loyal,238.45
500801,2025-05-27,10117,Lunch Box,Lifestyle,2,363.32,Loyal,726.64
500801,2025-05-27,10117,Water Bottle,Lifestyle,2,266.52,Loyal,533.04
500893,2025-05-27,10133,Lunch Box,Lifestyle,1,384.14,Loyal,384.14
500893,2025-05-27,10133,Water Bottle,Lifestyle,1,246.48,Loyal,246.48
500893,2025-05-27,10133,Tea Pack,Grocery,1,124.52,Loyal,124.52
500916,2025-05-27,10137,Tea Pack,Grocery,1,124.04,At Risk,124.04
500916,2025-05-27,10137,Sugar,Grocery,1,56.72,At Risk,56.72
500916,2025-05-27,10137,Milk,Grocery,1,37.91,At Risk,37.91
501183,2025-05-27,10174,Novel,Books,1,252.53,At Risk,252.53
501183,2025-05-27,10174,Exam Guide,Books,1,446.14,At Risk,446.14
501183,2025-05-27,10174,Water Bottle,Lifestyle,1,264.32,At Risk,264.32
501319,2025-05-27,10196,Tea Pack,Grocery,1,119.31,At Risk,119.31
501319,2025-05-27,10196,Sugar,Grocery,2,59.65,At Risk,119.3
501319,2025-05-27,10196,Milk,Grocery,1,32.27,At Risk,32.27
501738,2025-05-27,10259,Bread,Grocery,1,45.3,Champions,45.3
501738,2025-05-27,10259,Butter,Grocery,2,103.69,Champions,207.38
501738,2025-05-27,10259,Jam,Grocery,2,108.01,Champions,216.02
501738,2025-05-27,10259,Protein Bar,Fitness,1,72.36,Champions,72.36
501881,2025-05-27,10283,Novel,Books,1,271.2,Champions,271.2
501881,2025-05-27,10283,Exam Guide,Books,2,416.51,Champions,833.02
501881,2025-05-27,10283,Butter,Grocery,1,106.0,Champions,106.0
500160,2025-05-28,10023,Bread,Grocery,1,43.08,Loyal,43.08
500160,2025-05-28,10023,Butter,Grocery,1,93.69,Loyal,93.69
500160,2025-05-28,10023,Jam,Grocery,2,103.39,Loyal,206.78
500160,2025-05-28,10023,Water Bottle,Lifestyle,2,239.07,Loyal,478.14
500576,2025-05-28,10083,Lunch Box,Lifestyle,2,377.3,Champions,754.6
500576,2025-05-28,10083,Water Bottle,Lifestyle,2,277.97,Champions,555.94
500719,2025-05-28,10106,Notebook,Stationery,1,61.55,Loyal,61.55
500719,2025-05-28,10106,Pen Pack,Stationery,1,38.43,Loyal,38.43
500719,2025-05-28,10106,Highlighter,Stationery,4,73.87,Loyal,295.48
500917,2025-05-28,10137,Notebook,Stationery,1,53.34,At Risk,53.34
500917,2025-05-28,10137,Pen Pack,Stationery,3,39.51,At Risk,118.53
500917,2025-05-28,10137,Highlighter,Stationery,1,78.38,At Risk,78.38
500917,2025-05-28,10137,Exam Guide,Books,3,435.98,At Risk,1307.94
500954,2025-05-28,10143,Novel,Books,1,256.58,Loyal,256.58
500954,2025-05-28,10143,Exam Guide,Books,2,436.4,Loyal,872.8
501284,2025-05-28,10190,Tea Pack,Grocery,1,105.69,Champions,105.69
501284,2025-05-28,10190,Sugar,Grocery,1,51.31,Champions,51.31
501284,2025-05-28,10190,Milk,Grocery,1,31.73,Champions,31.73
501312,2025-05-28,10195,Yoga Mat,Fitness,3,629.57,Loyal,1888.71
501312,2025-05-28,10195,Protein Bar,Fitness,1,83.19,Loyal,83.19
501312,2025-05-28,10195,Water Bottle,Lifestyle,2,296.48,Loyal,592.96
501342,2025-05-28,10201,Bread,Grocery,1,45.83,Champions,45.83
501342,2025-05-28,10201,Butter,Grocery,1,93.82,Champions,93.82
501342,2025-05-28,10201,Jam,Grocery,2,101.64,Champions,203.28
501342,2025-05-28,10201,Coffee Powder,Grocery,2,194.24,Champions,388.48
501840,2025-05-28,10277,Novel,Books,2,237.38,At Risk,474.76
501840,2025-05-28,10277,Exam Guide,Books,1,417.8,At Risk,417.8
501942,2025-05-28,10291,Dog Food,Pet Care,1,804.57,Champions,804.57
501942,2025-05-28,10291,Pet Shampoo,Pet Care,1,253.03,Champions,253.03
502125,2025-05-28,10318,Dog Food,Pet Care,4,768.65,Champions,3074.6
502125,2025-05-28,10318,Pet Shampoo,Pet Care,1,264.7,Champions,264.7
502179,2025-05-28,10325,Baby Diapers,Baby Care,1,571.9,At Risk,571.9
502179,2025-05-28,10325,Baby Wipes,Baby Care,1,179.68,At Risk,179.68
502179,2025-05-28,10325,Baby Lotion,Baby Care,1,233.0,At Risk,233.0
500151,2025-05-29,10022,Bread,Grocery,1,44.26,Loyal,44.26
500151,2025-05-29,10022,Butter,Grocery,1,92.21,Loyal,92.21
500151,2025-05-29,10022,Jam,Grocery,2,106.9,Loyal,213.8
500151,2025-05-29,10022,Exam Guide,Books,1,451.1,Loyal,451.1
500264,2025-05-29,10038,Dog Food,Pet Care,1,804.28,At Risk,804.28
500264,2025-05-29,10038,Pet Shampoo,Pet Care,1,274.83,At Risk,274.83
500264,2025-05-29,10038,Baby Diapers,Baby Care,1,565.58,At Risk,565.58
500668,2025-05-29,10099,Yoga Mat,Fitness,2,674.88,Champions,1349.76
500668,2025-05-29,10099,Protein Bar,Fitness,1,81.59,Champions,81.59
500668,2025-05-29,10099,Water Bottle,Lifestyle,1,237.53,Champions,237.53
500684,2025-05-29,10100,Dog Food,Pet Care,3,787.81,Champions,2363.43
500684,2025-05-29,10100,Pet Shampoo,Pet Care,1,247.23,Champions,247.23
500684,2025-05-29,10100,Water Bottle,Lifestyle,2,264.23,Champions,528.46
501112,2025-05-29,10164,Baby Diapers,Baby Care,1,488.06,Champions,488.06
501112,2025-05-29,10164,Baby Wipes,Baby Care,1,177.72,Champions,177.72
501112,2025-05-29,10164,Baby Lotion,Baby Care,2,271.55,Champions,543.1
501300,2025-05-29,10193,Baby Diapers,Baby Care,3,518.67,At Risk,1556.01
501300,2025-05-29,10193,Baby Wipes,Baby Care,1,149.73,At Risk,149.73
501300,2025-05-29,10193,Baby Lotion,Baby Care,1,232.58,At Risk,232.58
501616,2025-05-29,10237,Dog Food,Pet Care,1,709.89,Champions,709.89
501616,2025-05-29,10237,Pet Shampoo,Pet Care,1,275.21,Champions,275.21
500010,2025-05-30,10001,Bread,Grocery,1,43.16,High Value Rare,43.16
500010,2025-05-30,10001,Butter,Grocery,1,99.34,High Value Rare,99.34
500010,2025-05-30,10001,Jam,Grocery,1,111.4,High Value Rare,111.4
501051,2025-05-30,10156,Yoga Mat,Fitness,1,564.22,At Risk,564.22
501051,2025-05-30,10156,Protein Bar,Fitness,2,91.75,At Risk,183.5
501051,2025-05-30,10156,Water Bottle,Lifestyle,1,287.84,At Risk,287.84
501343,2025-05-30,10201,Phone Case,Tech,1,304.39,Champions,304.39
501343,2025-05-30,10201,Screen Guard,Tech,1,206.71,Champions,206.71
501343,2025-05-30,10201,USB Cable,Tech,2,172.64,Champions,345.28
501343,2025-05-30,10201,Lunch Box,Lifestyle,1,392.52,Champions,392.52
501458,2025-05-30,10214,Coffee Powder,Grocery,1,170.96,At Risk,170.96
501458,2025-05-30,10214,Sugar,Grocery,1,56.28,At Risk,56.28
501458,2025-05-30,10214,Milk,Grocery,4,38.61,At Risk,154.44
501467,2025-05-30,10215,Phone Case,Tech,1,313.51,Loyal,313.51
501467,2025-05-30,10215,Screen Guard,Tech,2,207.24,Loyal,414.48
501467,2025-05-30,10215,USB Cable,Tech,1,175.25,Loyal,175.25
501760,2025-05-30,10261,Coffee Powder,Grocery,1,180.71,High Value Rare,180.71
501760,2025-05-30,10261,Sugar,Grocery,1,60.02,High Value Rare,60.02
501760,2025-05-30,10261,Milk,Grocery,1,33.53,High Value Rare,33.53
502226,2025-05-30,10331,Tea Pack,Grocery,1,123.25,At Risk,123.25
502226,2025-05-30,10331,Sugar,Grocery,1,49.39,At Risk,49.39
502226,2025-05-30,10331,Milk,Grocery,1,34.0,At Risk,34.0
500038,2025-05-31,10005,Phone Case,Tech,2,321.03,Champions,642.06
500038,2025-05-31,10005,Screen Guard,Tech,1,199.12,Champions,199.12
500038,2025-05-31,10005,USB Cable,Tech,1,174.14,Champions,174.14
500090,2025-05-31,10013,Bread,Grocery,1,41.5,Loyal,41.5
500090,2025-05-31,10013,Butter,Grocery,1,98.39,Loyal,98.39
500090,2025-05-31,10013,Jam,Grocery,1,106.32,Loyal,106.32
500113,2025-05-31,10016,Novel,Books,1,231.08,Loyal,231.08
500113,2025-05-31,10016,Exam Guide,Books,1,432.78,Loyal,432.78
500113,2025-05-31,10016,Screen Guard,Tech,1,212.32,Loyal,212.32
501538,2025-05-31,10224,Coffee Powder,Grocery,1,175.72,Loyal,175.72
501538,2025-05-31,10224,Sugar,Grocery,1,50.05,Loyal,50.05
501538,2025-05-31,10224,Milk,Grocery,2,33.01,Loyal,66.02
501538,2025-05-31,10224,USB Cable,Tech,3,196.06,Loyal,588.18
501912,2025-05-31,10288,Lunch Box,Lifestyle,2,317.87,Loyal,635.74
501912,2025-05-31,10288,Water Bottle,Lifestyle,1,278.18,Loyal,278.18
501912,2025-05-31,10288,Tea Pack,Grocery,1,125.96,Loyal,125.96
502011,2025-05-31,10300,Yoga Mat,Fitness,1,716.15,Champions,716.15
502011,2025-05-31,10300,Protein Bar,Fitness,1,90.51,Champions,90.51
502011,2025-05-31,10300,Water Bottle,Lifestyle,3,234.03,Champions,702.09
502093,2025-05-31,10314,Baby Diapers,Baby Care,4,564.92,Lost,2259.68
502093,2025-05-31,10314,Baby Wipes,Baby Care,1,184.65,Lost,184.65
502093,2025-05-31,10314,Baby Lotion,Baby Care,1,239.79,Lost,239.79
502297,2025-05-31,10339,Lunch Box,Lifestyle,1,391.83,Champions,391.83
502297,2025-05-31,10339,Water Bottle,Lifestyle,2,254.03,Champions,508.06
502386,2025-05-31,10226,Dog Food,Pet Care,50,814.11,Synthetic anomaly,40705.5
500473,2025-06-01,10071,Yoga Mat,Fitness,1,716.44,Loyal,716.44
500473,2025-06-01,10071,Protein Bar,Fitness,1,85.14,Loyal,85.14
500473,2025-06-01,10071,Water Bottle,Lifestyle,1,244.11,Loyal,244.11
500603,2025-06-01,10086,Tea Pack,Grocery,1,107.66,At Risk,107.66
500603,2025-06-01,10086,Sugar,Grocery,1,53.46,At Risk,53.46
500603,2025-06-01,10086,Milk,Grocery,1,34.27,At Risk,34.27
500603,2025-06-01,10086,Bread,Grocery,2,47.79,At Risk,95.58
500608,2025-06-01,10087,Lunch Box,Lifestyle,1,278.18,At Risk,278.18
500608,2025-06-01,10087,Water Bottle,Lifestyle,1,258.52,At Risk,258.52
500698,2025-06-01,10101,Coffee Powder,Grocery,1,180.82,At Risk,180.82
500698,2025-06-01,10101,Sugar,Grocery,1,52.22,At Risk,52.22
500698,2025-06-01,10101,Milk,Grocery,3,34.72,At Risk,104.16
501231,2025-06-01,10180,Bread,Grocery,1,47.94,Loyal,47.94
501231,2025-06-01,10180,Butter,Grocery,2,98.57,Loyal,197.14
501231,2025-06-01,10180,Jam,Grocery,1,111.48,Loyal,111.48
501393,2025-06-01,10207,Baby Diapers,Baby Care,1,582.27,At Risk,582.27
501393,2025-06-01,10207,Baby Wipes,Baby Care,1,192.47,At Risk,192.47
501393,2025-06-01,10207,Baby Lotion,Baby Care,1,236.47,At Risk,236.47
501631,2025-06-01,10239,Yoga Mat,Fitness,1,622.93,Champions,622.93
501631,2025-06-01,10239,Protein Bar,Fitness,1,92.87,Champions,92.87
501631,2025-06-01,10239,Water Bottle,Lifestyle,3,240.64,Champions,721.92
501841,2025-06-01,10277,Bread,Grocery,1,41.78,At Risk,41.78
501841,2025-06-01,10277,Butter,Grocery,1,99.64,At Risk,99.64
501841,2025-06-01,10277,Jam,Grocery,2,108.31,At Risk,216.62
502161,2025-06-01,10322,Tea Pack,Grocery,1,121.65,At Risk,121.65
502161,2025-06-01,10322,Sugar,Grocery,2,58.2,At Risk,116.4
502161,2025-06-01,10322,Milk,Grocery,3,35.61,At Risk,106.83
502289,2025-06-01,10337,Lunch Box,Lifestyle,3,344.59,At Risk,1033.77
502289,2025-06-01,10337,Water Bottle,Lifestyle,1,237.81,At Risk,237.81
502289,2025-06-01,10337,Tea Pack,Grocery,1,120.07,At Risk,120.07
500075,2025-06-02,10009,Dog Food,Pet Care,2,764.27,At Risk,1528.54
500075,2025-06-02,10009,Pet Shampoo,Pet Care,1,257.01,At Risk,257.01
500197,2025-06-02,10030,Phone Case,Tech,1,291.77,At Risk,291.77
500197,2025-06-02,10030,Screen Guard,Tech,1,200.01,At Risk,200.01
500197,2025-06-02,10030,USB Cable,Tech,1,189.83,At Risk,189.83
500385,2025-06-02,10058,Tea Pack,Grocery,2,113.66,Champions,227.32
500385,2025-06-02,10058,Sugar,Grocery,1,52.83,Champions,52.83
500385,2025-06-02,10058,Milk,Grocery,1,34.93,Champions,34.93
500894,2025-06-02,10133,Novel,Books,2,249.19,Loyal,498.38
500894,2025-06-02,10133,Exam Guide,Books,1,437.25,Loyal,437.25
500894,2025-06-02,10133,Notebook,Stationery,1,59.37,Loyal,59.37
500918,2025-06-02,10137,Coffee Powder,Grocery,1,188.88,At Risk,188.88
500918,2025-06-02,10137,Sugar,Grocery,2,55.23,At Risk,110.46
500918,2025-06-02,10137,Milk,Grocery,2,34.93,At Risk,69.86
500918,2025-06-02,10137,Pet Shampoo,Pet Care,1,283.08,At Risk,283.08
501328,2025-06-02,10200,Dog Food,Pet Care,1,723.2,At Risk,723.2
501328,2025-06-02,10200,Pet Shampoo,Pet Care,3,268.74,At Risk,806.22
501588,2025-06-02,10234,Tea Pack,Grocery,2,118.82,Loyal,237.64
501588,2025-06-02,10234,Sugar,Grocery,1,56.69,Loyal,56.69
501588,2025-06-02,10234,Milk,Grocery,1,35.93,Loyal,35.93
501755,2025-06-02,10260,Notebook,Stationery,1,65.0,At Risk,65.0
501755,2025-06-02,10260,Pen Pack,Stationery,2,39.65,At Risk,79.3
501755,2025-06-02,10260,Highlighter,Stationery,1,78.55,At Risk,78.55
501755,2025-06-02,10260,Dog Food,Pet Care,1,778.87,At Risk,778.87
501905,2025-06-02,10286,Coffee Powder,Grocery,1,180.8,New,180.8
501905,2025-06-02,10286,Sugar,Grocery,1,62.35,New,62.35
501905,2025-06-02,10286,Milk,Grocery,1,32.93,New,32.93
501923,2025-06-02,10289,Tea Pack,Grocery,1,121.33,At Risk,121.33
501923,2025-06-02,10289,Sugar,Grocery,1,52.81,At Risk,52.81
501923,2025-06-02,10289,Milk,Grocery,2,36.17,At Risk,72.34
502034,2025-06-02,10304,Coffee Powder,Grocery,2,178.89,At Risk,357.78
502034,2025-06-02,10304,Sugar,Grocery,1,51.17,At Risk,51.17
502034,2025-06-02,10304,Milk,Grocery,1,34.83,At Risk,34.83
502149,2025-06-02,10321,Coffee Powder,Grocery,1,170.05,At Risk,170.05
502149,2025-06-02,10321,Sugar,Grocery,2,52.62,At Risk,105.24
502149,2025-06-02,10321,Milk,Grocery,1,34.38,At Risk,34.38
502376,2025-06-02,10349,Lunch Box,Lifestyle,1,354.18,At Risk,354.18
502376,2025-06-02,10349,Water Bottle,Lifestyle,1,235.04,At Risk,235.04
502376,2025-06-02,10349,USB Cable,Tech,1,182.28,At Risk,182.28
500068,2025-06-03,10008,Novel,Books,1,281.66,At Risk,281.66
500068,2025-06-03,10008,Exam Guide,Books,1,390.55,At Risk,390.55
501246,2025-06-03,10182,Coffee Powder,Grocery,2,185.53,High Value Rare,371.06
501246,2025-06-03,10182,Sugar,Grocery,1,52.65,High Value Rare,52.65
501246,2025-06-03,10182,Milk,Grocery,2,32.94,High Value Rare,65.88
501403,2025-06-03,10208,Tea Pack,Grocery,2,121.97,Champions,243.94
501403,2025-06-03,10208,Sugar,Grocery,1,58.59,Champions,58.59
501403,2025-06-03,10208,Milk,Grocery,1,38.77,Champions,38.77
501403,2025-06-03,10208,Tea Pack,Grocery,1,114.68,Champions,114.68
501459,2025-06-03,10214,Yoga Mat,Fitness,2,695.96,At Risk,1391.92
501459,2025-06-03,10214,Protein Bar,Fitness,1,79.62,At Risk,79.62
501459,2025-06-03,10214,Water Bottle,Lifestyle,2,250.34,At Risk,500.68
500030,2025-06-04,10004,Baby Diapers,Baby Care,3,572.91,Champions,1718.73
500030,2025-06-04,10004,Baby Wipes,Baby Care,1,188.53,Champions,188.53
500030,2025-06-04,10004,Baby Lotion,Baby Care,1,234.36,Champions,234.36
500287,2025-06-04,10041,Lunch Box,Lifestyle,4,372.87,New,1491.48
500287,2025-06-04,10041,Water Bottle,Lifestyle,3,224.74,New,674.22
500517,2025-06-04,10077,Coffee Powder,Grocery,2,177.65,Champions,355.3
500517,2025-06-04,10077,Sugar,Grocery,1,56.09,Champions,56.09
500517,2025-06-04,10077,Milk,Grocery,1,35.83,Champions,35.83
500818,2025-06-04,10122,Yoga Mat,Fitness,1,638.75,Loyal,638.75
500818,2025-06-04,10122,Protein Bar,Fitness,1,87.83,Loyal,87.83
500818,2025-06-04,10122,Water Bottle,Lifestyle,1,242.16,Loyal,242.16
500818,2025-06-04,10122,Butter,Grocery,2,93.79,Loyal,187.58
500900,2025-06-04,10134,Phone Case,Tech,2,311.49,High Value Rare,622.98
500900,2025-06-04,10134,Screen Guard,Tech,2,210.77,High Value Rare,421.54
500900,2025-06-04,10134,USB Cable,Tech,1,194.03,High Value Rare,194.03
501113,2025-06-04,10164,Coffee Powder,Grocery,1,175.3,Champions,175.3
501113,2025-06-04,10164,Sugar,Grocery,2,47.61,Champions,95.22
501113,2025-06-04,10164,Milk,Grocery,1,34.42,Champions,34.42
501113,2025-06-04,10164,Pen Pack,Stationery,1,43.06,Champions,43.06
501256,2025-06-04,10185,Dog Food,Pet Care,1,787.09,At Risk,787.09
501256,2025-06-04,10185,Pet Shampoo,Pet Care,1,251.36,At Risk,251.36
501329,2025-06-04,10200,Baby Diapers,Baby Care,2,559.96,At Risk,1119.92
501329,2025-06-04,10200,Baby Wipes,Baby Care,2,186.69,At Risk,373.38
501329,2025-06-04,10200,Baby Lotion,Baby Care,1,220.11,At Risk,220.11
501329,2025-06-04,10200,Bread,Grocery,1,48.72,At Risk,48.72
501864,2025-06-04,10281,Dog Food,Pet Care,3,798.54,Loyal,2395.62
501864,2025-06-04,10281,Pet Shampoo,Pet Care,2,283.29,Loyal,566.58
502318,2025-06-04,10342,Yoga Mat,Fitness,4,679.22,Champions,2716.88
502318,2025-06-04,10342,Protein Bar,Fitness,1,84.51,Champions,84.51
502318,2025-06-04,10342,Water Bottle,Lifestyle,1,244.74,Champions,244.74
500887,2025-06-05,10132,Tea Pack,Grocery,1,112.04,Champions,112.04
500887,2025-06-05,10132,Sugar,Grocery,1,56.35,Champions,56.35
500887,2025-06-05,10132,Milk,Grocery,1,35.75,Champions,35.75
500887,2025-06-05,10132,Highlighter,Stationery,3,75.35,Champions,226.05
501021,2025-06-05,10151,Dog Food,Pet Care,1,789.07,Loyal,789.07
501021,2025-06-05,10151,Pet Shampoo,Pet Care,1,247.92,Loyal,247.92
501021,2025-06-05,10151,Lunch Box,Lifestyle,1,378.63,Loyal,378.63
501951,2025-06-05,10293,Yoga Mat,Fitness,4,703.0,Loyal,2812.0
501951,2025-06-05,10293,Protein Bar,Fitness,1,87.51,Loyal,87.51
501951,2025-06-05,10293,Water Bottle,Lifestyle,2,279.56,Loyal,559.12
502026,2025-06-05,10303,Lunch Box,Lifestyle,1,352.12,At Risk,352.12
502026,2025-06-05,10303,Water Bottle,Lifestyle,1,245.42,At Risk,245.42
502248,2025-06-05,10333,Coffee Powder,Grocery,1,174.52,Champions,174.52
502248,2025-06-05,10333,Sugar,Grocery,1,53.4,Champions,53.4
502248,2025-06-05,10333,Milk,Grocery,1,31.57,Champions,31.57
502248,2025-06-05,10333,Jam,Grocery,2,112.98,Champions,225.96
500096,2025-06-06,10014,Phone Case,Tech,1,302.42,Loyal,302.42
500096,2025-06-06,10014,Screen Guard,Tech,1,204.36,Loyal,204.36
500096,2025-06-06,10014,USB Cable,Tech,1,153.13,Loyal,153.13
500227,2025-06-06,10033,Dog Food,Pet Care,1,781.4,High Value Rare,781.4
500227,2025-06-06,10033,Pet Shampoo,Pet Care,1,253.53,High Value Rare,253.53
500963,2025-06-06,10144,Notebook,Stationery,1,62.76,Loyal,62.76
500963,2025-06-06,10144,Pen Pack,Stationery,1,40.44,Loyal,40.44
500963,2025-06-06,10144,Highlighter,Stationery,1,74.79,Loyal,74.79
500963,2025-06-06,10144,Protein Bar,Fitness,2,88.87,Loyal,177.74
501114,2025-06-06,10164,Yoga Mat,Fitness,1,636.24,Champions,636.24
501114,2025-06-06,10164,Protein Bar,Fitness,2,94.85,Champions,189.7
501114,2025-06-06,10164,Water Bottle,Lifestyle,1,284.21,Champions,284.21
501114,2025-06-06,10164,Exam Guide,Books,2,454.8,Champions,909.6
501177,2025-06-06,10173,Yoga Mat,Fitness,1,688.72,Loyal,688.72
501177,2025-06-06,10173,Protein Bar,Fitness,1,96.24,Loyal,96.24
501177,2025-06-06,10173,Water Bottle,Lifestyle,1,228.08,Loyal,228.08
501560,2025-06-06,10227,Phone Case,Tech,2,295.92,Loyal,591.84
501560,2025-06-06,10227,Screen Guard,Tech,1,219.62,Loyal,219.62
501560,2025-06-06,10227,USB Cable,Tech,1,193.48,Loyal,193.48
501560,2025-06-06,10227,Pet Shampoo,Pet Care,1,232.65,Loyal,232.65
501699,2025-06-06,10251,Dog Food,Pet Care,2,735.97,Loyal,1471.94
501699,2025-06-06,10251,Pet Shampoo,Pet Care,1,259.74,Loyal,259.74
501714,2025-06-06,10254,Dog Food,Pet Care,1,748.51,Champions,748.51
501714,2025-06-06,10254,Pet Shampoo,Pet Care,1,271.1,Champions,271.1
501729,2025-06-06,10257,Tea Pack,Grocery,1,117.45,At Risk,117.45
501729,2025-06-06,10257,Sugar,Grocery,1,54.56,At Risk,54.56
501729,2025-06-06,10257,Milk,Grocery,1,32.04,At Risk,32.04
501729,2025-06-06,10257,Phone Case,Tech,1,276.93,At Risk,276.93
500134,2025-06-07,10020,Baby Diapers,Baby Care,1,574.15,At Risk,574.15
500134,2025-06-07,10020,Baby Wipes,Baby Care,1,180.48,At Risk,180.48
500134,2025-06-07,10020,Baby Lotion,Baby Care,2,214.86,At Risk,429.72
500790,2025-06-07,10114,Baby Diapers,Baby Care,2,539.92,At Risk,1079.84
500790,2025-06-07,10114,Baby Wipes,Baby Care,3,173.88,At Risk,521.64
500790,2025-06-07,10114,Baby Lotion,Baby Care,1,249.18,At Risk,249.18
500836,2025-06-07,10124,Notebook,Stationery,1,56.09,Loyal,56.09
500836,2025-06-07,10124,Pen Pack,Stationery,1,39.12,Loyal,39.12
500836,2025-06-07,10124,Highlighter,Stationery,1,82.03,Loyal,82.03
500924,2025-06-07,10138,Novel,Books,1,252.74,Loyal,252.74
500924,2025-06-07,10138,Exam Guide,Books,2,417.8,Loyal,835.6
500924,2025-06-07,10138,Yoga Mat,Fitness,1,624.96,Loyal,624.96
500973,2025-06-07,10145,Notebook,Stationery,1,61.39,Champions,61.39
500973,2025-06-07,10145,Pen Pack,Stationery,1,40.11,Champions,40.11
500973,2025-06-07,10145,Highlighter,Stationery,1,74.42,Champions,74.42
501870,2025-06-07,10282,Novel,Books,1,273.3,Loyal,273.3
501870,2025-06-07,10282,Exam Guide,Books,1,438.08,Loyal,438.08
501870,2025-06-07,10282,Pet Shampoo,Pet Care,1,261.95,Loyal,261.95
501952,2025-06-07,10293,Coffee Powder,Grocery,1,178.37,Loyal,178.37
501952,2025-06-07,10293,Sugar,Grocery,2,56.15,Loyal,112.3
501952,2025-06-07,10293,Milk,Grocery,1,36.55,Loyal,36.55
502249,2025-06-07,10333,Notebook,Stationery,1,54.97,Champions,54.97
502249,2025-06-07,10333,Pen Pack,Stationery,1,42.06,Champions,42.06
502249,2025-06-07,10333,Highlighter,Stationery,1,72.5,Champions,72.5
502377,2025-06-07,10349,Tea Pack,Grocery,2,129.93,At Risk,259.86
502377,2025-06-07,10349,Sugar,Grocery,1,60.83,At Risk,60.83
502377,2025-06-07,10349,Milk,Grocery,1,35.9,At Risk,35.9
502377,2025-06-07,10349,Bread,Grocery,2,49.54,At Risk,99.08
500577,2025-06-08,10083,Baby Diapers,Baby Care,1,568.8,Champions,568.8
500577,2025-06-08,10083,Baby Wipes,Baby Care,2,189.63,Champions,379.26
500577,2025-06-08,10083,Baby Lotion,Baby Care,1,241.35,Champions,241.35
500577,2025-06-08,10083,Yoga Mat,Fitness,1,604.4,Champions,604.4
500736,2025-06-08,10108,Yoga Mat,Fitness,1,680.58,Loyal,680.58
500736,2025-06-08,10108,Protein Bar,Fitness,1,98.53,Loyal,98.53
500736,2025-06-08,10108,Water Bottle,Lifestyle,3,257.45,Loyal,772.35
500736,2025-06-08,10108,Baby Diapers,Baby Care,1,550.49,Loyal,550.49
501549,2025-06-08,10225,Dog Food,Pet Care,1,864.58,Loyal,864.58
501549,2025-06-08,10225,Pet Shampoo,Pet Care,1,267.66,Loyal,267.66
501687,2025-06-08,10250,Notebook,Stationery,1,58.75,Loyal,58.75
501687,2025-06-08,10250,Pen Pack,Stationery,1,40.77,Loyal,40.77
501687,2025-06-08,10250,Highlighter,Stationery,1,72.52,Loyal,72.52
502082,2025-06-08,10312,Yoga Mat,Fitness,1,635.37,Champions,635.37
502082,2025-06-08,10312,Protein Bar,Fitness,1,91.29,Champions,91.29
502082,2025-06-08,10312,Water Bottle,Lifestyle,1,252.22,Champions,252.22
501098,2025-06-09,10162,Notebook,Stationery,1,65.37,At Risk,65.37
501098,2025-06-09,10162,Pen Pack,Stationery,1,36.76,At Risk,36.76
501098,2025-06-09,10162,Highlighter,Stationery,2,68.94,At Risk,137.88
501178,2025-06-09,10173,Lunch Box,Lifestyle,1,369.68,Loyal,369.68
501178,2025-06-09,10173,Water Bottle,Lifestyle,1,242.04,Loyal,242.04
501301,2025-06-09,10193,Phone Case,Tech,2,293.91,At Risk,587.82
501301,2025-06-09,10193,Screen Guard,Tech,1,201.17,At Risk,201.17
501301,2025-06-09,10193,USB Cable,Tech,2,186.28,At Risk,372.56
502187,2025-06-09,10327,Coffee Powder,Grocery,2,193.45,At Risk,386.9
502187,2025-06-09,10327,Sugar,Grocery,1,56.71,At Risk,56.71
502187,2025-06-09,10327,Milk,Grocery,1,35.45,At Risk,35.45
502227,2025-06-09,10331,Baby Diapers,Baby Care,1,543.35,At Risk,543.35
502227,2025-06-09,10331,Baby Wipes,Baby Care,2,176.96,At Risk,353.92
502227,2025-06-09,10331,Baby Lotion,Baby Care,1,278.97,At Risk,278.97
500819,2025-06-10,10122,Dog Food,Pet Care,1,742.57,Loyal,742.57
500819,2025-06-10,10122,Pet Shampoo,Pet Care,1,254.21,Loyal,254.21
500988,2025-06-10,10146,Lunch Box,Lifestyle,1,357.55,At Risk,357.55
500988,2025-06-10,10146,Water Bottle,Lifestyle,1,252.52,At Risk,252.52
500988,2025-06-10,10146,Baby Diapers,Baby Care,1,574.77,At Risk,574.77
501139,2025-06-10,10168,Yoga Mat,Fitness,1,638.43,Champions,638.43
501139,2025-06-10,10168,Protein Bar,Fitness,1,82.08,Champions,82.08
501139,2025-06-10,10168,Water Bottle,Lifestyle,2,265.16,Champions,530.32
501313,2025-06-10,10195,Novel,Books,4,237.32,Loyal,949.28
501313,2025-06-10,10195,Exam Guide,Books,1,437.59,Loyal,437.59
501600,2025-06-10,10235,Baby Diapers,Baby Care,1,502.49,At Risk,502.49
501600,2025-06-10,10235,Baby Wipes,Baby Care,2,191.82,At Risk,383.64
501600,2025-06-10,10235,Baby Lotion,Baby Care,1,238.91,At Risk,238.91
502042,2025-06-10,10307,Novel,Books,1,243.26,Loyal,243.26
502042,2025-06-10,10307,Exam Guide,Books,1,439.67,Loyal,439.67
502042,2025-06-10,10307,Milk,Grocery,1,35.06,Loyal,35.06
502368,2025-06-10,10348,Bread,Grocery,1,44.44,Loyal,44.44
502368,2025-06-10,10348,Butter,Grocery,1,98.18,Loyal,98.18
502368,2025-06-10,10348,Jam,Grocery,1,106.06,Loyal,106.06
500097,2025-06-11,10014,Coffee Powder,Grocery,1,172.89,Loyal,172.89
500097,2025-06-11,10014,Sugar,Grocery,1,55.19,Loyal,55.19
500097,2025-06-11,10014,Milk,Grocery,2,35.94,Loyal,71.88
500425,2025-06-11,10063,Coffee Powder,Grocery,1,181.32,Loyal,181.32
500425,2025-06-11,10063,Sugar,Grocery,1,58.58,Loyal,58.58
500425,2025-06-11,10063,Milk,Grocery,2,31.35,Loyal,62.7
500633,2025-06-11,10091,Dog Food,Pet Care,1,750.96,At Risk,750.96
500633,2025-06-11,10091,Pet Shampoo,Pet Care,1,248.3,At Risk,248.3
500720,2025-06-11,10106,Tea Pack,Grocery,1,123.44,Loyal,123.44
500720,2025-06-11,10106,Sugar,Grocery,1,53.82,Loyal,53.82
500720,2025-06-11,10106,Milk,Grocery,1,35.16,Loyal,35.16
500720,2025-06-11,10106,Novel,Books,1,244.76,Loyal,244.76
500731,2025-06-11,10107,Yoga Mat,Fitness,1,744.48,At Risk,744.48
500731,2025-06-11,10107,Protein Bar,Fitness,2,98.54,At Risk,197.08
500731,2025-06-11,10107,Water Bottle,Lifestyle,4,268.18,At Risk,1072.72
501530,2025-06-11,10223,Novel,Books,1,276.04,Loyal,276.04
501530,2025-06-11,10223,Exam Guide,Books,2,404.02,Loyal,808.04
501761,2025-06-11,10261,Bread,Grocery,2,46.44,High Value Rare,92.88
501761,2025-06-11,10261,Butter,Grocery,1,90.27,High Value Rare,90.27
501761,2025-06-11,10261,Jam,Grocery,1,114.56,High Value Rare,114.56
502141,2025-06-11,10320,Notebook,Stationery,1,60.44,New,60.44
502141,2025-06-11,10320,Pen Pack,Stationery,1,38.53,New,38.53
502141,2025-06-11,10320,Highlighter,Stationery,1,77.96,New,77.96
502188,2025-06-11,10327,Phone Case,Tech,1,355.73,At Risk,355.73
502188,2025-06-11,10327,Screen Guard,Tech,1,199.86,At Risk,199.86
502188,2025-06-11,10327,USB Cable,Tech,1,178.04,At Risk,178.04
500236,2025-06-12,10036,Lunch Box,Lifestyle,1,370.75,Loyal,370.75
500236,2025-06-12,10036,Water Bottle,Lifestyle,1,274.68,Loyal,274.68
501411,2025-06-12,10209,Coffee Powder,Grocery,1,170.57,Champions,170.57
501411,2025-06-12,10209,Sugar,Grocery,2,59.18,Champions,118.36
501411,2025-06-12,10209,Milk,Grocery,1,35.65,Champions,35.65
501632,2025-06-12,10239,Yoga Mat,Fitness,1,604.89,Champions,604.89
501632,2025-06-12,10239,Protein Bar,Fitness,1,81.31,Champions,81.31
501632,2025-06-12,10239,Water Bottle,Lifestyle,1,272.87,Champions,272.87
501632,2025-06-12,10239,Bread,Grocery,1,45.99,Champions,45.99
502174,2025-06-12,10324,Bread,Grocery,1,45.69,High Value Rare,45.69
502174,2025-06-12,10324,Butter,Grocery,1,101.99,High Value Rare,101.99
502174,2025-06-12,10324,Jam,Grocery,1,104.21,High Value Rare,104.21
502174,2025-06-12,10324,Milk,Grocery,1,33.57,High Value Rare,33.57
500051,2025-06-13,10006,Novel,Books,2,230.08,Champions,460.16
500051,2025-06-13,10006,Exam Guide,Books,1,447.3,Champions,447.3
500121,2025-06-13,10018,Baby Diapers,Baby Care,2,560.86,New,1121.72
500121,2025-06-13,10018,Baby Wipes,Baby Care,1,185.81,New,185.81
500121,2025-06-13,10018,Baby Lotion,Baby Care,1,246.17,New,246.17
500121,2025-06-13,10018,Dog Food,Pet Care,1,804.12,New,804.12
500544,2025-06-13,10079,Novel,Books,1,257.82,Champions,257.82
500544,2025-06-13,10079,Exam Guide,Books,1,421.0,Champions,421.0
500544,2025-06-13,10079,Milk,Grocery,1,32.39,Champions,32.39
500568,2025-06-13,10082,Bread,Grocery,1,45.05,Loyal,45.05
500568,2025-06-13,10082,Butter,Grocery,1,93.99,Loyal,93.99
500568,2025-06-13,10082,Jam,Grocery,1,115.26,Loyal,115.26
500568,2025-06-13,10082,Novel,Books,2,273.0,Loyal,546.0
500737,2025-06-13,10108,Tea Pack,Grocery,2,125.87,Loyal,251.74
500737,2025-06-13,10108,Sugar,Grocery,1,59.05,Loyal,59.05
500737,2025-06-13,10108,Milk,Grocery,1,36.72,Loyal,36.72
500829,2025-06-13,10123,Notebook,Stationery,1,55.67,Champions,55.67
500829,2025-06-13,10123,Pen Pack,Stationery,2,38.76,Champions,77.52
500829,2025-06-13,10123,Highlighter,Stationery,1,70.26,Champions,70.26
500829,2025-06-13,10123,Coffee Powder,Grocery,1,200.57,Champions,200.57
501493,2025-06-13,10218,Coffee Powder,Grocery,3,181.12,At Risk,543.36
501493,2025-06-13,10218,Sugar,Grocery,2,50.82,At Risk,101.64
501493,2025-06-13,10218,Milk,Grocery,1,33.47,At Risk,33.47
501493,2025-06-13,10218,Yoga Mat,Fitness,1,730.41,At Risk,730.41
501853,2025-06-13,10278,Coffee Powder,Grocery,4,180.11,At Risk,720.44
501853,2025-06-13,10278,Sugar,Grocery,1,59.31,At Risk,59.31
501853,2025-06-13,10278,Milk,Grocery,1,34.94,At Risk,34.94
502027,2025-06-13,10303,Phone Case,Tech,1,320.26,At Risk,320.26
502027,2025-06-13,10303,Screen Guard,Tech,1,177.58,At Risk,177.58
502027,2025-06-13,10303,USB Cable,Tech,1,187.49,At Risk,187.49
502066,2025-06-13,10311,Coffee Powder,Grocery,1,177.9,Champions,177.9
502066,2025-06-13,10311,Sugar,Grocery,1,54.03,Champions,54.03
502066,2025-06-13,10311,Milk,Grocery,1,35.17,Champions,35.17
502111,2025-06-13,10317,Novel,Books,1,255.18,Champions,255.18
502111,2025-06-13,10317,Exam Guide,Books,1,434.72,Champions,434.72
502111,2025-06-13,10317,Novel,Books,1,232.64,Champions,232.64
500685,2025-06-14,10100,Coffee Powder,Grocery,1,180.96,Champions,180.96
500685,2025-06-14,10100,Sugar,Grocery,1,59.89,Champions,59.89
500685,2025-06-14,10100,Milk,Grocery,1,34.14,Champions,34.14
500854,2025-06-14,10128,Lunch Box,Lifestyle,1,327.15,Champions,327.15
500854,2025-06-14,10128,Water Bottle,Lifestyle,1,226.33,Champions,226.33
500854,2025-06-14,10128,Coffee Powder,Grocery,1,161.95,Champions,161.95
501152,2025-06-14,10169,Yoga Mat,Fitness,1,637.83,At Risk,637.83
501152,2025-06-14,10169,Protein Bar,Fitness,1,80.28,At Risk,80.28
501152,2025-06-14,10169,Water Bottle,Lifestyle,2,260.57,At Risk,521.14
501190,2025-06-14,10175,Lunch Box,Lifestyle,1,336.21,Champions,336.21
501190,2025-06-14,10175,Water Bottle,Lifestyle,1,221.28,Champions,221.28
501190,2025-06-14,10175,Baby Lotion,Baby Care,1,229.91,Champions,229.91
501271,2025-06-14,10189,Bread,Grocery,1,46.51,Loyal,46.51
501271,2025-06-14,10189,Butter,Grocery,1,91.87,Loyal,91.87
501271,2025-06-14,10189,Jam,Grocery,1,104.97,Loyal,104.97
501271,2025-06-14,10189,Sugar,Grocery,1,53.51,Loyal,53.51
501394,2025-06-14,10207,Lunch Box,Lifestyle,1,329.97,At Risk,329.97
501394,2025-06-14,10207,Water Bottle,Lifestyle,2,255.95,At Risk,511.9
501394,2025-06-14,10207,Water Bottle,Lifestyle,4,256.77,At Risk,1027.08
501688,2025-06-14,10250,Notebook,Stationery,2,62.76,Loyal,125.52
501688,2025-06-14,10250,Pen Pack,Stationery,1,38.66,Loyal,38.66
501688,2025-06-14,10250,Highlighter,Stationery,1,73.57,Loyal,73.57
501688,2025-06-14,10250,Coffee Powder,Grocery,1,174.38,Loyal,174.38
502051,2025-06-14,10309,Yoga Mat,Fitness,1,649.8,Loyal,649.8
502051,2025-06-14,10309,Protein Bar,Fitness,1,95.57,Loyal,95.57
502051,2025-06-14,10309,Water Bottle,Lifestyle,1,239.28,Loyal,239.28
502290,2025-06-14,10337,Notebook,Stationery,1,66.07,At Risk,66.07
502290,2025-06-14,10337,Pen Pack,Stationery,1,40.24,At Risk,40.24
502290,2025-06-14,10337,Highlighter,Stationery,1,69.26,At Risk,69.26
500079,2025-06-15,10010,Phone Case,Tech,1,311.48,Champions,311.48
500079,2025-06-15,10010,Screen Guard,Tech,1,209.14,Champions,209.14
500079,2025-06-15,10010,USB Cable,Tech,1,163.61,Champions,163.61
500855,2025-06-15,10128,Dog Food,Pet Care,2,752.66,Champions,1505.32
500855,2025-06-15,10128,Pet Shampoo,Pet Care,1,268.76,Champions,268.76
500855,2025-06-15,10128,Milk,Grocery,1,36.69,Champions,36.69
501302,2025-06-15,10193,Coffee Powder,Grocery,1,165.13,At Risk,165.13
501302,2025-06-15,10193,Sugar,Grocery,2,50.03,At Risk,100.06
501302,2025-06-15,10193,Milk,Grocery,2,36.25,At Risk,72.5
501302,2025-06-15,10193,Baby Wipes,Baby Care,1,197.24,At Risk,197.24
501901,2025-06-15,10285,Dog Food,Pet Care,1,827.52,Champions,827.52
501901,2025-06-15,10285,Pet Shampoo,Pet Care,2,242.19,Champions,484.38
502385,2025-06-15,10163,Dumbbell Pair,Fitness,35,1198.11,Synthetic anomaly,41933.85
500031,2025-06-16,10004,Novel,Books,1,229.89,Champions,229.89
500031,2025-06-16,10004,Exam Guide,Books,1,449.34,Champions,449.34
500031,2025-06-16,10004,Water Bottle,Lifestyle,1,219.71,Champions,219.71
500555,2025-06-16,10081,Novel,Books,1,260.74,At Risk,260.74
500555,2025-06-16,10081,Exam Guide,Books,1,424.29,At Risk,424.29
501261,2025-06-16,10186,Notebook,Stationery,2,60.12,Lost,120.24
501261,2025-06-16,10186,Pen Pack,Stationery,1,41.68,Lost,41.68
501261,2025-06-16,10186,Highlighter,Stationery,1,75.08,Lost,75.08
501668,2025-06-16,10244,Baby Diapers,Baby Care,1,545.12,Champions,545.12
501668,2025-06-16,10244,Baby Wipes,Baby Care,1,172.76,Champions,172.76
501668,2025-06-16,10244,Baby Lotion,Baby Care,1,245.15,Champions,245.15
502043,2025-06-16,10307,Novel,Books,1,229.9,Loyal,229.9
502043,2025-06-16,10307,Exam Guide,Books,1,388.97,Loyal,388.97
500209,2025-06-17,10031,Bread,Grocery,1,43.15,Champions,43.15
500209,2025-06-17,10031,Butter,Grocery,2,99.68,Champions,199.36
500209,2025-06-17,10031,Jam,Grocery,1,106.59,Champions,106.59
500265,2025-06-17,10038,Coffee Powder,Grocery,2,177.39,At Risk,354.78
500265,2025-06-17,10038,Sugar,Grocery,1,54.77,At Risk,54.77
500265,2025-06-17,10038,Milk,Grocery,1,37.55,At Risk,37.55
501184,2025-06-17,10174,Phone Case,Tech,1,279.79,At Risk,279.79
501184,2025-06-17,10174,Screen Guard,Tech,2,210.76,At Risk,421.52
501184,2025-06-17,10174,USB Cable,Tech,1,184.76,At Risk,184.76
501204,2025-06-17,10176,Bread,Grocery,1,42.71,At Risk,42.71
501204,2025-06-17,10176,Butter,Grocery,1,108.48,At Risk,108.48
501204,2025-06-17,10176,Jam,Grocery,1,101.37,At Risk,101.37
501272,2025-06-17,10189,Tea Pack,Grocery,1,122.46,Loyal,122.46
501272,2025-06-17,10189,Sugar,Grocery,1,53.65,Loyal,53.65
501272,2025-06-17,10189,Milk,Grocery,1,37.44,Loyal,37.44
501589,2025-06-17,10234,Lunch Box,Lifestyle,1,352.48,Loyal,352.48
501589,2025-06-17,10234,Water Bottle,Lifestyle,1,215.56,Loyal,215.56
501739,2025-06-17,10259,Bread,Grocery,1,42.0,Champions,42.0
501739,2025-06-17,10259,Butter,Grocery,4,99.22,Champions,396.88
501739,2025-06-17,10259,Jam,Grocery,4,116.52,Champions,466.08
501842,2025-06-17,10277,Dog Food,Pet Care,1,800.4,At Risk,800.4
501842,2025-06-17,10277,Pet Shampoo,Pet Care,1,237.61,At Risk,237.61
502012,2025-06-17,10300,Novel,Books,1,242.44,Champions,242.44
502012,2025-06-17,10300,Exam Guide,Books,1,450.26,Champions,450.26
502126,2025-06-17,10318,Novel,Books,1,252.75,Champions,252.75
502126,2025-06-17,10318,Exam Guide,Books,2,374.27,Champions,748.54
502228,2025-06-17,10331,Notebook,Stationery,1,53.41,At Risk,53.41
502228,2025-06-17,10331,Pen Pack,Stationery,1,38.84,At Risk,38.84
502228,2025-06-17,10331,Highlighter,Stationery,1,74.11,At Risk,74.11
502228,2025-06-17,10331,Baby Wipes,Baby Care,1,177.96,At Risk,177.96
502298,2025-06-17,10339,Coffee Powder,Grocery,1,179.48,Champions,179.48
502298,2025-06-17,10339,Sugar,Grocery,1,58.83,Champions,58.83
502298,2025-06-17,10339,Milk,Grocery,1,33.88,Champions,33.88
500483,2025-06-18,10072,Baby Diapers,Baby Care,1,545.4,Champions,545.4
500483,2025-06-18,10072,Baby Wipes,Baby Care,4,173.26,Champions,693.04
500483,2025-06-18,10072,Baby Lotion,Baby Care,1,220.97,Champions,220.97
501140,2025-06-18,10168,Tea Pack,Grocery,3,121.24,Champions,363.72
501140,2025-06-18,10168,Sugar,Grocery,2,60.62,Champions,121.24
501140,2025-06-18,10168,Milk,Grocery,1,32.46,Champions,32.46
501902,2025-06-18,10285,Notebook,Stationery,2,66.22,Champions,132.44
501902,2025-06-18,10285,Pen Pack,Stationery,1,39.19,Champions,39.19
501902,2025-06-18,10285,Highlighter,Stationery,1,74.37,Champions,74.37
501960,2025-06-18,10294,Tea Pack,Grocery,1,117.6,Champions,117.6
501960,2025-06-18,10294,Sugar,Grocery,2,50.12,Champions,100.24
501960,2025-06-18,10294,Milk,Grocery,1,37.22,Champions,37.22
502039,2025-06-18,10306,Yoga Mat,Fitness,1,634.82,New,634.82
502039,2025-06-18,10306,Protein Bar,Fitness,4,87.7,New,350.8
502039,2025-06-18,10306,Water Bottle,Lifestyle,2,238.38,New,476.76
500198,2025-06-19,10030,Tea Pack,Grocery,4,118.68,At Risk,474.72
500198,2025-06-19,10030,Sugar,Grocery,1,51.01,At Risk,51.01
500198,2025-06-19,10030,Milk,Grocery,3,35.12,At Risk,105.36
500721,2025-06-19,10106,Notebook,Stationery,1,56.2,Loyal,56.2
500721,2025-06-19,10106,Pen Pack,Stationery,1,41.85,Loyal,41.85
500721,2025-06-19,10106,Highlighter,Stationery,1,78.03,Loyal,78.03
500721,2025-06-19,10106,Jam,Grocery,1,114.21,Loyal,114.21
500748,2025-06-19,10109,Notebook,Stationery,1,57.47,Champions,57.47
500748,2025-06-19,10109,Pen Pack,Stationery,1,40.68,Champions,40.68
500748,2025-06-19,10109,Highlighter,Stationery,1,81.25,Champions,81.25
500748,2025-06-19,10109,Sugar,Grocery,1,55.65,Champions,55.65
500359,2025-06-20,10056,Tea Pack,Grocery,2,119.32,Champions,238.64
500359,2025-06-20,10056,Sugar,Grocery,1,55.6,Champions,55.6
500359,2025-06-20,10056,Milk,Grocery,1,35.34,Champions,35.34
500925,2025-06-20,10138,Coffee Powder,Grocery,1,178.36,Loyal,178.36
500925,2025-06-20,10138,Sugar,Grocery,1,60.82,Loyal,60.82
500925,2025-06-20,10138,Milk,Grocery,1,33.93,Loyal,33.93
500925,2025-06-20,10138,Bread,Grocery,1,46.17,Loyal,46.17
501740,2025-06-20,10259,Bread,Grocery,1,42.28,Champions,42.28
501740,2025-06-20,10259,Butter,Grocery,1,101.48,Champions,101.48
501740,2025-06-20,10259,Jam,Grocery,1,112.89,Champions,112.89
501756,2025-06-20,10260,Yoga Mat,Fitness,1,621.44,At Risk,621.44
501756,2025-06-20,10260,Protein Bar,Fitness,1,92.55,At Risk,92.55
501756,2025-06-20,10260,Water Bottle,Lifestyle,1,235.57,At Risk,235.57
501756,2025-06-20,10260,Baby Diapers,Baby Care,1,602.55,At Risk,602.55
500210,2025-06-21,10031,Coffee Powder,Grocery,1,168.95,Champions,168.95
500210,2025-06-21,10031,Sugar,Grocery,1,49.22,Champions,49.22
500210,2025-06-21,10031,Milk,Grocery,1,34.63,Champions,34.63
500266,2025-06-21,10038,Tea Pack,Grocery,1,95.33,At Risk,95.33
500266,2025-06-21,10038,Sugar,Grocery,1,48.93,At Risk,48.93
500266,2025-06-21,10038,Milk,Grocery,1,32.96,At Risk,32.96
500868,2025-06-21,10130,Yoga Mat,Fitness,1,623.43,Loyal,623.43
500868,2025-06-21,10130,Protein Bar,Fitness,1,95.69,Loyal,95.69
500868,2025-06-21,10130,Water Bottle,Lifestyle,1,242.09,Loyal,242.09
501633,2025-06-21,10239,Tea Pack,Grocery,1,108.94,Champions,108.94
501633,2025-06-21,10239,Sugar,Grocery,2,54.35,Champions,108.7
501633,2025-06-21,10239,Milk,Grocery,1,36.31,Champions,36.31
501650,2025-06-21,10243,Novel,Books,4,274.88,Loyal,1099.52
501650,2025-06-21,10243,Exam Guide,Books,2,436.54,Loyal,873.08
501650,2025-06-21,10243,Baby Lotion,Baby Care,2,249.83,Loyal,499.66
502235,2025-06-21,10332,Phone Case,Tech,1,293.43,Champions,293.43
502235,2025-06-21,10332,Screen Guard,Tech,1,198.92,Champions,198.92
502235,2025-06-21,10332,USB Cable,Tech,1,167.35,Champions,167.35
500873,2025-06-22,10131,Dog Food,Pet Care,1,826.15,Loyal,826.15
500873,2025-06-22,10131,Pet Shampoo,Pet Care,1,268.99,Loyal,268.99
501221,2025-06-22,10179,Yoga Mat,Fitness,1,700.5,Champions,700.5
501221,2025-06-22,10179,Protein Bar,Fitness,2,88.41,Champions,176.82
501221,2025-06-22,10179,Water Bottle,Lifestyle,1,247.84,Champions,247.84
501221,2025-06-22,10179,Baby Wipes,Baby Care,1,165.49,Champions,165.49
502035,2025-06-22,10304,Novel,Books,1,267.98,At Risk,267.98
502035,2025-06-22,10304,Exam Guide,Books,2,413.0,At Risk,826.0
502035,2025-06-22,10304,USB Cable,Tech,2,188.42,At Risk,376.84
502142,2025-06-22,10320,Novel,Books,1,259.55,New,259.55
502142,2025-06-22,10320,Exam Guide,Books,3,442.59,New,1327.77
500020,2025-06-23,10003,Dog Food,Pet Care,1,781.68,At Risk,781.68
500020,2025-06-23,10003,Pet Shampoo,Pet Care,1,277.22,At Risk,277.22
500386,2025-06-23,10058,Baby Diapers,Baby Care,2,523.67,Champions,1047.34
500386,2025-06-23,10058,Baby Wipes,Baby Care,1,169.11,Champions,169.11
500386,2025-06-23,10058,Baby Lotion,Baby Care,1,216.41,Champions,216.41
500930,2025-06-23,10139,Lunch Box,Lifestyle,1,354.35,High Value Rare,354.35
500930,2025-06-23,10139,Water Bottle,Lifestyle,1,240.74,High Value Rare,240.74
500930,2025-06-23,10139,Baby Wipes,Baby Care,2,178.0,High Value Rare,356.0
500943,2025-06-23,10141,Lunch Box,Lifestyle,2,365.12,Loyal,730.24
500943,2025-06-23,10141,Water Bottle,Lifestyle,1,245.76,Loyal,245.76
501590,2025-06-23,10234,Phone Case,Tech,1,285.22,Loyal,285.22
501590,2025-06-23,10234,Screen Guard,Tech,1,199.47,Loyal,199.47
501590,2025-06-23,10234,USB Cable,Tech,1,172.68,Loyal,172.68
501590,2025-06-23,10234,Exam Guide,Books,1,387.71,Loyal,387.71
502091,2025-06-23,10313,Lunch Box,Lifestyle,1,325.54,High Value Rare,325.54
502091,2025-06-23,10313,Water Bottle,Lifestyle,1,244.84,High Value Rare,244.84
502091,2025-06-23,10313,Bluetooth Earbuds,Tech,1,1487.65,High Value Rare,1487.65
502264,2025-06-23,10334,Lunch Box,Lifestyle,3,358.28,Champions,1074.84
502264,2025-06-23,10334,Water Bottle,Lifestyle,2,249.04,Champions,498.08
500416,2025-06-24,10061,Yoga Mat,Fitness,3,626.46,Loyal,1879.38
500416,2025-06-24,10061,Protein Bar,Fitness,2,101.02,Loyal,202.04
500416,2025-06-24,10061,Water Bottle,Lifestyle,1,262.22,Loyal,262.22
500578,2025-06-24,10083,Lunch Box,Lifestyle,1,321.2,Champions,321.2
500578,2025-06-24,10083,Water Bottle,Lifestyle,1,260.97,Champions,260.97
500578,2025-06-24,10083,Jam,Grocery,1,107.29,Champions,107.29
500604,2025-06-24,10086,Baby Diapers,Baby Care,1,518.13,At Risk,518.13
500604,2025-06-24,10086,Baby Wipes,Baby Care,1,177.95,At Risk,177.95
500604,2025-06-24,10086,Baby Lotion,Baby Care,1,221.11,At Risk,221.11
500604,2025-06-24,10086,Baby Diapers,Baby Care,1,566.23,At Risk,566.23
500702,2025-06-24,10102,Baby Diapers,Baby Care,1,571.68,Loyal,571.68
500702,2025-06-24,10102,Baby Wipes,Baby Care,1,196.13,Loyal,196.13
500702,2025-06-24,10102,Baby Lotion,Baby Care,1,235.54,Loyal,235.54
500770,2025-06-24,10111,Tea Pack,Grocery,4,130.02,Champions,520.08
500770,2025-06-24,10111,Sugar,Grocery,1,55.09,Champions,55.09
500770,2025-06-24,10111,Milk,Grocery,1,32.44,Champions,32.44
501601,2025-06-24,10235,Notebook,Stationery,1,53.36,At Risk,53.36
501601,2025-06-24,10235,Pen Pack,Stationery,1,39.96,At Risk,39.96
501601,2025-06-24,10235,Highlighter,Stationery,1,81.79,At Risk,81.79
501601,2025-06-24,10235,Pen Pack,Stationery,1,44.02,At Risk,44.02
501903,2025-06-24,10285,Baby Diapers,Baby Care,1,603.44,Champions,603.44
501903,2025-06-24,10285,Baby Wipes,Baby Care,1,178.03,Champions,178.03
501903,2025-06-24,10285,Baby Lotion,Baby Care,1,232.53,Champions,232.53
501978,2025-06-24,10297,Lunch Box,Lifestyle,1,349.46,Loyal,349.46
501978,2025-06-24,10297,Water Bottle,Lifestyle,1,275.87,Loyal,275.87
501999,2025-06-24,10299,Yoga Mat,Fitness,1,726.42,Champions,726.42
501999,2025-06-24,10299,Protein Bar,Fitness,1,91.93,Champions,91.93
501999,2025-06-24,10299,Water Bottle,Lifestyle,3,262.82,Champions,788.46
502265,2025-06-24,10334,Notebook,Stationery,1,56.5,Champions,56.5
502265,2025-06-24,10334,Pen Pack,Stationery,1,37.18,Champions,37.18
502265,2025-06-24,10334,Highlighter,Stationery,1,74.5,Champions,74.5
502307,2025-06-24,10340,Yoga Mat,Fitness,2,629.35,New,1258.7
502307,2025-06-24,10340,Protein Bar,Fitness,1,87.22,New,87.22
502307,2025-06-24,10340,Water Bottle,Lifestyle,4,235.46,New,941.84
502307,2025-06-24,10340,Screen Guard,Tech,1,209.48,New,209.48
502328,2025-06-24,10344,Dog Food,Pet Care,1,784.54,Loyal,784.54
502328,2025-06-24,10344,Pet Shampoo,Pet Care,1,257.41,Loyal,257.41
502328,2025-06-24,10344,Lunch Box,Lifestyle,1,356.79,Loyal,356.79
500279,2025-06-25,10040,Notebook,Stationery,1,57.54,Champions,57.54
500279,2025-06-25,10040,Pen Pack,Stationery,1,38.88,Champions,38.88
500279,2025-06-25,10040,Highlighter,Stationery,2,73.09,Champions,146.18
500360,2025-06-25,10056,Notebook,Stationery,2,60.46,Champions,120.92
500360,2025-06-25,10056,Pen Pack,Stationery,1,39.15,Champions,39.15
500360,2025-06-25,10056,Highlighter,Stationery,1,76.02,Champions,76.02
500579,2025-06-25,10083,Baby Diapers,Baby Care,1,519.87,Champions,519.87
500579,2025-06-25,10083,Baby Wipes,Baby Care,4,176.9,Champions,707.6
500579,2025-06-25,10083,Baby Lotion,Baby Care,2,217.88,Champions,435.76
500634,2025-06-25,10091,Bread,Grocery,1,42.8,At Risk,42.8
500634,2025-06-25,10091,Butter,Grocery,1,90.16,At Risk,90.16
500634,2025-06-25,10091,Jam,Grocery,1,120.57,At Risk,120.57
501871,2025-06-25,10282,Yoga Mat,Fitness,1,660.07,Loyal,660.07
501871,2025-06-25,10282,Protein Bar,Fitness,1,91.32,Loyal,91.32
501871,2025-06-25,10282,Water Bottle,Lifestyle,1,244.9,Loyal,244.9
500052,2025-06-26,10006,Dog Food,Pet Care,2,783.27,Champions,1566.54
500052,2025-06-26,10006,Pet Shampoo,Pet Care,1,276.26,Champions,276.26
500052,2025-06-26,10006,Protein Bar,Fitness,1,91.32,Champions,91.32
500211,2025-06-26,10031,Phone Case,Tech,1,270.66,Champions,270.66
500211,2025-06-26,10031,Screen Guard,Tech,2,189.23,Champions,378.46
500211,2025-06-26,10031,USB Cable,Tech,2,179.82,Champions,359.64
500211,2025-06-26,10031,Dog Food,Pet Care,1,834.14,Champions,834.14
500251,2025-06-26,10037,Dog Food,Pet Care,2,756.87,Champions,1513.74
500251,2025-06-26,10037,Pet Shampoo,Pet Care,2,264.43,Champions,528.86
500251,2025-06-26,10037,Water Bottle,Lifestyle,1,249.12,Champions,249.12
500309,2025-06-26,10044,Novel,Books,1,246.44,Loyal,246.44
500309,2025-06-26,10044,Exam Guide,Books,1,458.8,Loyal,458.8
500333,2025-06-26,10049,Phone Case,Tech,1,289.66,Loyal,289.66
500333,2025-06-26,10049,Screen Guard,Tech,1,186.44,Loyal,186.44
500333,2025-06-26,10049,USB Cable,Tech,1,160.0,Loyal,160.0
500484,2025-06-26,10072,Coffee Powder,Grocery,1,180.6,Champions,180.6
500484,2025-06-26,10072,Sugar,Grocery,1,54.66,Champions,54.66
500484,2025-06-26,10072,Milk,Grocery,1,32.75,Champions,32.75
500484,2025-06-26,10072,Tea Pack,Grocery,2,119.79,Champions,239.58
500686,2025-06-26,10100,Dog Food,Pet Care,2,801.68,Champions,1603.36
500686,2025-06-26,10100,Pet Shampoo,Pet Care,1,257.13,Champions,257.13
500749,2025-06-26,10109,Phone Case,Tech,2,311.66,Champions,623.32
500749,2025-06-26,10109,Screen Guard,Tech,1,191.88,Champions,191.88
500749,2025-06-26,10109,USB Cable,Tech,1,171.79,Champions,171.79
501099,2025-06-26,10162,Baby Diapers,Baby Care,2,598.42,At Risk,1196.84
501099,2025-06-26,10162,Baby Wipes,Baby Care,1,169.22,At Risk,169.22
501099,2025-06-26,10162,Baby Lotion,Baby Care,1,239.34,At Risk,239.34
501099,2025-06-26,10162,Sugar,Grocery,1,52.54,At Risk,52.54
501395,2025-06-26,10207,Tea Pack,Grocery,1,115.82,At Risk,115.82
501395,2025-06-26,10207,Sugar,Grocery,3,56.01,At Risk,168.03
501395,2025-06-26,10207,Milk,Grocery,1,34.88,At Risk,34.88
501395,2025-06-26,10207,Notebook,Stationery,2,53.39,At Risk,106.78
501494,2025-06-26,10218,Tea Pack,Grocery,1,119.66,At Risk,119.66
501494,2025-06-26,10218,Sugar,Grocery,4,55.99,At Risk,223.96
501494,2025-06-26,10218,Milk,Grocery,2,35.32,At Risk,70.64
501570,2025-06-26,10229,Novel,Books,2,236.93,At Risk,473.86
501570,2025-06-26,10229,Exam Guide,Books,1,427.12,At Risk,427.12
501907,2025-06-26,10287,Phone Case,Tech,2,296.73,New,593.46
501907,2025-06-26,10287,Screen Guard,Tech,1,184.88,New,184.88
501907,2025-06-26,10287,USB Cable,Tech,1,179.44,New,179.44
501907,2025-06-26,10287,Baby Wipes,Baby Care,1,214.22,New,214.22
500142,2025-06-27,10021,Bread,Grocery,1,42.61,Champions,42.61
500142,2025-06-27,10021,Butter,Grocery,1,95.92,Champions,95.92
500142,2025-06-27,10021,Jam,Grocery,3,106.84,Champions,320.52
500142,2025-06-27,10021,Protein Bar,Fitness,2,102.38,Champions,204.76
500895,2025-06-27,10133,Bread,Grocery,1,46.29,Loyal,46.29
500895,2025-06-27,10133,Butter,Grocery,1,85.86,Loyal,85.86
500895,2025-06-27,10133,Jam,Grocery,1,104.8,Loyal,104.8
500895,2025-06-27,10133,Water Bottle,Lifestyle,1,253.81,Loyal,253.81
500919,2025-06-27,10137,Notebook,Stationery,1,55.69,At Risk,55.69
500919,2025-06-27,10137,Pen Pack,Stationery,1,43.96,At Risk,43.96
500919,2025-06-27,10137,Highlighter,Stationery,1,68.16,At Risk,68.16
501531,2025-06-27,10223,Lunch Box,Lifestyle,4,328.34,Loyal,1313.36
501531,2025-06-27,10223,Water Bottle,Lifestyle,1,245.22,Loyal,245.22
501531,2025-06-27,10223,Novel,Books,1,263.84,Loyal,263.84
501757,2025-06-27,10260,Phone Case,Tech,1,284.2,At Risk,284.2
501757,2025-06-27,10260,Screen Guard,Tech,1,220.16,At Risk,220.16
501757,2025-06-27,10260,USB Cable,Tech,1,196.95,At Risk,196.95
501757,2025-06-27,10260,Yoga Mat,Fitness,1,684.2,At Risk,684.2
501783,2025-06-27,10265,Baby Diapers,Baby Care,1,551.01,At Risk,551.01
501783,2025-06-27,10265,Baby Wipes,Baby Care,1,182.97,At Risk,182.97
501783,2025-06-27,10265,Baby Lotion,Baby Care,3,220.31,At Risk,660.93
501961,2025-06-27,10294,Yoga Mat,Fitness,1,712.81,Champions,712.81
501961,2025-06-27,10294,Protein Bar,Fitness,1,89.43,Champions,89.43
501961,2025-06-27,10294,Water Bottle,Lifestyle,1,216.98,Champions,216.98
502112,2025-06-27,10317,Baby Diapers,Baby Care,2,520.42,Champions,1040.84
502112,2025-06-27,10317,Baby Wipes,Baby Care,1,182.12,Champions,182.12
502112,2025-06-27,10317,Baby Lotion,Baby Care,1,245.33,Champions,245.33
502250,2025-06-27,10333,Coffee Powder,Grocery,1,182.09,Champions,182.09
502250,2025-06-27,10333,Sugar,Grocery,1,57.86,Champions,57.86
502250,2025-06-27,10333,Milk,Grocery,1,31.18,Champions,31.18
500021,2025-06-28,10003,Coffee Powder,Grocery,2,181.43,At Risk,362.86
500021,2025-06-28,10003,Sugar,Grocery,1,53.75,At Risk,53.75
500021,2025-06-28,10003,Milk,Grocery,1,36.15,At Risk,36.15
500021,2025-06-28,10003,Notebook,Stationery,1,55.79,At Risk,55.79
500212,2025-06-28,10031,Novel,Books,1,245.79,Champions,245.79
500212,2025-06-28,10031,Exam Guide,Books,1,384.65,Champions,384.65
500556,2025-06-28,10081,Lunch Box,Lifestyle,1,321.55,At Risk,321.55
500556,2025-06-28,10081,Water Bottle,Lifestyle,1,261.26,At Risk,261.26
500802,2025-06-28,10117,Bread,Grocery,3,43.74,Loyal,131.22
500802,2025-06-28,10117,Butter,Grocery,1,94.26,Loyal,94.26
500802,2025-06-28,10117,Jam,Grocery,2,105.03,Loyal,210.06
501273,2025-06-28,10189,Novel,Books,2,237.14,Loyal,474.28
501273,2025-06-28,10189,Exam Guide,Books,2,468.38,Loyal,936.76
501330,2025-06-28,10200,Baby Diapers,Baby Care,1,598.35,At Risk,598.35
501330,2025-06-28,10200,Baby Wipes,Baby Care,1,181.71,At Risk,181.71
501330,2025-06-28,10200,Baby Lotion,Baby Care,4,235.41,At Risk,941.64
501928,2025-06-28,10290,Phone Case,Tech,2,322.83,Champions,645.66
501928,2025-06-28,10290,Screen Guard,Tech,2,202.34,Champions,404.68
501928,2025-06-28,10290,USB Cable,Tech,1,165.63,Champions,165.63
501928,2025-06-28,10290,Lunch Box,Lifestyle,1,368.16,Champions,368.16
502036,2025-06-28,10304,Lunch Box,Lifestyle,1,345.23,At Risk,345.23
502036,2025-06-28,10304,Water Bottle,Lifestyle,1,238.68,At Risk,238.68
502036,2025-06-28,10304,Pen Pack,Stationery,1,40.73,At Risk,40.73
500032,2025-06-29,10004,Bread,Grocery,1,47.89,Champions,47.89
500032,2025-06-29,10004,Butter,Grocery,1,82.74,Champions,82.74
500032,2025-06-29,10004,Jam,Grocery,1,121.67,Champions,121.67
500032,2025-06-29,10004,Tea Pack,Grocery,1,123.25,Champions,123.25
500650,2025-06-29,10096,Notebook,Stationery,1,54.07,New,54.07
500650,2025-06-29,10096,Pen Pack,Stationery,2,37.35,New,74.7
500650,2025-06-29,10096,Highlighter,Stationery,1,76.12,New,76.12
500650,2025-06-29,10096,Bread,Grocery,1,45.96,New,45.96
500761,2025-06-29,10110,Baby Diapers,Baby Care,2,522.47,Loyal,1044.94
500761,2025-06-29,10110,Baby Wipes,Baby Care,1,173.13,Loyal,173.13
500761,2025-06-29,10110,Baby Lotion,Baby Care,1,213.09,Loyal,213.09
500920,2025-06-29,10137,Tea Pack,Grocery,2,117.47,At Risk,234.94
500920,2025-06-29,10137,Sugar,Grocery,2,53.57,At Risk,107.14
500920,2025-06-29,10137,Milk,Grocery,1,35.64,At Risk,35.64
500920,2025-06-29,10137,Water Bottle,Lifestyle,2,229.53,At Risk,459.06
500974,2025-06-29,10145,Novel,Books,1,248.01,Champions,248.01
500974,2025-06-29,10145,Exam Guide,Books,2,418.8,Champions,837.6
501100,2025-06-29,10162,Tea Pack,Grocery,1,122.72,At Risk,122.72
501100,2025-06-29,10162,Sugar,Grocery,2,52.91,At Risk,105.82
501100,2025-06-29,10162,Milk,Grocery,1,35.9,At Risk,35.9
501882,2025-06-29,10283,Phone Case,Tech,1,308.62,Champions,308.62
501882,2025-06-29,10283,Screen Guard,Tech,2,197.13,Champions,394.26
501882,2025-06-29,10283,USB Cable,Tech,1,155.78,Champions,155.78
502083,2025-06-29,10312,Dog Food,Pet Care,2,814.98,Champions,1629.96
502083,2025-06-29,10312,Pet Shampoo,Pet Care,1,261.5,Champions,261.5
500280,2025-06-30,10040,Yoga Mat,Fitness,1,548.58,Champions,548.58
500280,2025-06-30,10040,Protein Bar,Fitness,1,97.72,Champions,97.72
500280,2025-06-30,10040,Water Bottle,Lifestyle,2,247.84,Champions,495.68
500280,2025-06-30,10040,Screen Guard,Tech,1,211.93,Champions,211.93
500569,2025-06-30,10082,Lunch Box,Lifestyle,1,382.13,Loyal,382.13
500569,2025-06-30,10082,Water Bottle,Lifestyle,2,240.82,Loyal,481.64
500569,2025-06-30,10082,Sugar,Grocery,1,52.32,Loyal,52.32
500837,2025-06-30,10124,Baby Diapers,Baby Care,2,590.35,Loyal,1180.7
500837,2025-06-30,10124,Baby Wipes,Baby Care,1,171.56,Loyal,171.56
500837,2025-06-30,10124,Baby Lotion,Baby Care,1,242.97,Loyal,242.97
500906,2025-06-30,10135,Tea Pack,Grocery,1,131.42,Loyal,131.42
500906,2025-06-30,10135,Sugar,Grocery,1,52.3,Loyal,52.3
500906,2025-06-30,10135,Milk,Grocery,2,38.17,Loyal,76.34
501153,2025-06-30,10169,Dog Food,Pet Care,1,678.73,At Risk,678.73
501153,2025-06-30,10169,Pet Shampoo,Pet Care,2,259.46,At Risk,518.92
501476,2025-06-30,10216,Tea Pack,Grocery,1,118.88,Loyal,118.88
501476,2025-06-30,10216,Sugar,Grocery,1,50.6,Loyal,50.6
501476,2025-06-30,10216,Milk,Grocery,1,37.57,Loyal,37.57
501476,2025-06-30,10216,Sugar,Grocery,1,58.17,Loyal,58.17
501591,2025-06-30,10234,Baby Diapers,Baby Care,2,547.85,Loyal,1095.7
501591,2025-06-30,10234,Baby Wipes,Baby Care,1,182.3,Loyal,182.3
501591,2025-06-30,10234,Baby Lotion,Baby Care,3,249.62,Loyal,748.86
501609,2025-06-30,10236,Baby Diapers,Baby Care,1,534.59,Loyal,534.59
501609,2025-06-30,10236,Baby Wipes,Baby Care,3,171.62,Loyal,514.86
501609,2025-06-30,10236,Baby Lotion,Baby Care,1,230.59,Loyal,230.59
501609,2025-06-30,10236,Protein Bar,Fitness,1,86.84,Loyal,86.84
502356,2025-06-30,10347,Coffee Powder,Grocery,1,191.71,Champions,191.71
502356,2025-06-30,10347,Sugar,Grocery,1,51.11,Champions,51.11
502356,2025-06-30,10347,Milk,Grocery,1,36.78,Champions,36.78
500014,2025-07-01,10002,Coffee Powder,Grocery,1,183.39,At Risk,183.39
500014,2025-07-01,10002,Sugar,Grocery,1,58.01,At Risk,58.01
500014,2025-07-01,10002,Milk,Grocery,1,33.08,At Risk,33.08
500022,2025-07-01,10003,Baby Diapers,Baby Care,3,525.5,At Risk,1576.5
500022,2025-07-01,10003,Baby Wipes,Baby Care,1,169.97,At Risk,169.97
500022,2025-07-01,10003,Baby Lotion,Baby Care,2,248.56,At Risk,497.12
500076,2025-07-01,10009,Novel,Books,1,239.63,At Risk,239.63
500076,2025-07-01,10009,Exam Guide,Books,1,372.43,At Risk,372.43
500353,2025-07-01,10054,Lunch Box,Lifestyle,3,363.86,At Risk,1091.58
500353,2025-07-01,10054,Water Bottle,Lifestyle,1,237.09,At Risk,237.09
500353,2025-07-01,10054,Protein Bar,Fitness,2,84.4,At Risk,168.8
500355,2025-07-01,10055,Bread,Grocery,1,46.5,High Value Rare,46.5
500355,2025-07-01,10055,Butter,Grocery,3,85.74,High Value Rare,257.22
500355,2025-07-01,10055,Jam,Grocery,1,115.04,High Value Rare,115.04
500355,2025-07-01,10055,Baby Lotion,Baby Care,3,253.28,High Value Rare,759.84
501115,2025-07-01,10164,Coffee Powder,Grocery,1,183.24,Champions,183.24
501115,2025-07-01,10164,Sugar,Grocery,2,54.71,Champions,109.42
501115,2025-07-01,10164,Milk,Grocery,4,35.38,Champions,141.52
501161,2025-07-01,10171,Notebook,Stationery,2,54.27,Champions,108.54
501161,2025-07-01,10171,Pen Pack,Stationery,1,37.62,Champions,37.62
501161,2025-07-01,10171,Highlighter,Stationery,1,74.92,Champions,74.92
501161,2025-07-01,10171,Protein Bar,Fitness,2,101.97,Champions,203.94
501205,2025-07-01,10176,Phone Case,Tech,2,323.21,At Risk,646.42
501205,2025-07-01,10176,Screen Guard,Tech,1,190.67,At Risk,190.67
501205,2025-07-01,10176,USB Cable,Tech,2,165.62,At Risk,331.24
501801,2025-07-01,10267,Novel,Books,1,244.64,At Risk,244.64
501801,2025-07-01,10267,Exam Guide,Books,1,439.75,At Risk,439.75
502113,2025-07-01,10317,Novel,Books,1,243.52,Champions,243.52
502113,2025-07-01,10317,Exam Guide,Books,1,422.89,Champions,422.89
502272,2025-07-01,10335,Dog Food,Pet Care,1,751.57,Champions,751.57
502272,2025-07-01,10335,Pet Shampoo,Pet Care,2,261.82,Champions,523.64
502378,2025-07-01,10349,Lunch Box,Lifestyle,1,336.62,At Risk,336.62
502378,2025-07-01,10349,Water Bottle,Lifestyle,2,259.6,At Risk,519.2
500101,2025-07-02,10015,Phone Case,Tech,1,311.86,Loyal,311.86
500101,2025-07-02,10015,Screen Guard,Tech,2,173.85,Loyal,347.7
500101,2025-07-02,10015,USB Cable,Tech,1,184.06,Loyal,184.06
500101,2025-07-02,10015,Phone Case,Tech,1,304.58,Loyal,304.58
500252,2025-07-02,10037,Dog Food,Pet Care,1,769.66,Champions,769.66
500252,2025-07-02,10037,Pet Shampoo,Pet Care,1,256.98,Champions,256.98
500281,2025-07-02,10040,Baby Diapers,Baby Care,1,587.58,Champions,587.58
500281,2025-07-02,10040,Baby Wipes,Baby Care,1,202.61,Champions,202.61
500281,2025-07-02,10040,Baby Lotion,Baby Care,1,224.36,Champions,224.36
500320,2025-07-02,10046,Yoga Mat,Fitness,3,640.4,Loyal,1921.2
500320,2025-07-02,10046,Protein Bar,Fitness,1,94.36,Loyal,94.36
500320,2025-07-02,10046,Water Bottle,Lifestyle,3,249.42,Loyal,748.26
501239,2025-07-02,10181,Tea Pack,Grocery,1,121.93,Champions,121.93
501239,2025-07-02,10181,Sugar,Grocery,1,52.62,Champions,52.62
501239,2025-07-02,10181,Milk,Grocery,2,29.85,Champions,59.7
500253,2025-07-03,10037,Yoga Mat,Fitness,2,679.04,Champions,1358.08
500253,2025-07-03,10037,Protein Bar,Fitness,1,93.47,Champions,93.47
500253,2025-07-03,10037,Water Bottle,Lifestyle,1,245.95,Champions,245.95
500253,2025-07-03,10037,Protein Bar,Fitness,1,93.8,Champions,93.8
500339,2025-07-03,10050,Baby Diapers,Baby Care,2,580.22,High Value Rare,1160.44
500339,2025-07-03,10050,Baby Wipes,Baby Care,1,192.81,High Value Rare,192.81
500339,2025-07-03,10050,Baby Lotion,Baby Care,1,232.34,High Value Rare,232.34
500441,2025-07-03,10066,Dog Food,Pet Care,1,779.3,Champions,779.3
500441,2025-07-03,10066,Pet Shampoo,Pet Care,1,250.93,Champions,250.93
500509,2025-07-03,10075,Tea Pack,Grocery,1,120.04,At Risk,120.04
500509,2025-07-03,10075,Sugar,Grocery,1,56.68,At Risk,56.68
500509,2025-07-03,10075,Milk,Grocery,1,33.94,At Risk,33.94
500509,2025-07-03,10075,Coffee Powder,Grocery,1,201.98,At Risk,201.98
500921,2025-07-03,10137,Baby Diapers,Baby Care,1,617.81,At Risk,617.81
500921,2025-07-03,10137,Baby Wipes,Baby Care,1,172.16,At Risk,172.16
500921,2025-07-03,10137,Baby Lotion,Baby Care,1,231.15,At Risk,231.15
501141,2025-07-03,10168,Phone Case,Tech,1,292.3,Champions,292.3
501141,2025-07-03,10168,Screen Guard,Tech,2,179.98,Champions,359.96
501141,2025-07-03,10168,USB Cable,Tech,2,194.4,Champions,388.8
501141,2025-07-03,10168,Bread,Grocery,1,47.79,Champions,47.79
501222,2025-07-03,10179,Phone Case,Tech,1,295.43,Champions,295.43
501222,2025-07-03,10179,Screen Guard,Tech,1,178.63,Champions,178.63
501222,2025-07-03,10179,USB Cable,Tech,1,174.1,Champions,174.1
501222,2025-07-03,10179,Tea Pack,Grocery,1,130.31,Champions,130.31
501843,2025-07-03,10277,Novel,Books,1,243.13,At Risk,243.13
501843,2025-07-03,10277,Exam Guide,Books,1,406.85,At Risk,406.85
502099,2025-07-03,10315,Novel,Books,2,254.9,At Risk,509.8
502099,2025-07-03,10315,Exam Guide,Books,1,406.55,At Risk,406.55
502379,2025-07-03,10349,Phone Case,Tech,1,318.99,At Risk,318.99
502379,2025-07-03,10349,Screen Guard,Tech,2,195.78,At Risk,391.56
502379,2025-07-03,10349,USB Cable,Tech,1,196.61,At Risk,196.61
500187,2025-07-04,10029,Yoga Mat,Fitness,1,655.0,Champions,655.0
500187,2025-07-04,10029,Protein Bar,Fitness,1,85.54,Champions,85.54
500187,2025-07-04,10029,Water Bottle,Lifestyle,2,255.88,Champions,511.76
500187,2025-07-04,10029,Dog Food,Pet Care,4,735.94,Champions,2943.76
500334,2025-07-04,10049,Baby Diapers,Baby Care,1,564.08,Loyal,564.08
500334,2025-07-04,10049,Baby Wipes,Baby Care,1,201.47,Loyal,201.47
500334,2025-07-04,10049,Baby Lotion,Baby Care,1,236.08,Loyal,236.08
500580,2025-07-04,10083,Tea Pack,Grocery,1,139.15,Champions,139.15
500580,2025-07-04,10083,Sugar,Grocery,1,54.6,Champions,54.6
500580,2025-07-04,10083,Milk,Grocery,4,33.81,Champions,135.24
501060,2025-07-04,10158,Bread,Grocery,2,46.84,Loyal,93.68
501060,2025-07-04,10158,Butter,Grocery,1,91.55,Loyal,91.55
501060,2025-07-04,10158,Jam,Grocery,1,105.29,Loyal,105.29
501060,2025-07-04,10158,Yoga Mat,Fitness,1,677.56,Loyal,677.56
501128,2025-07-04,10167,Dog Food,Pet Care,2,876.97,Loyal,1753.94
501128,2025-07-04,10167,Pet Shampoo,Pet Care,1,251.5,Loyal,251.5
501128,2025-07-04,10167,Dog Food,Pet Care,1,772.74,Loyal,772.74
501162,2025-07-04,10171,Coffee Powder,Grocery,1,180.04,Champions,180.04
501162,2025-07-04,10171,Sugar,Grocery,1,53.79,Champions,53.79
501162,2025-07-04,10171,Milk,Grocery,1,32.68,Champions,32.68
501162,2025-07-04,10171,Pet Shampoo,Pet Care,1,260.76,Champions,260.76
501516,2025-07-04,10222,Yoga Mat,Fitness,2,657.78,Champions,1315.56
501516,2025-07-04,10222,Protein Bar,Fitness,1,98.66,Champions,98.66
501516,2025-07-04,10222,Water Bottle,Lifestyle,1,241.21,Champions,241.21
501516,2025-07-04,10222,Yoga Mat,Fitness,2,644.1,Champions,1288.2
501602,2025-07-04,10235,Dog Food,Pet Care,1,769.18,At Risk,769.18
501602,2025-07-04,10235,Pet Shampoo,Pet Care,1,267.48,At Risk,267.48
501643,2025-07-04,10241,Tea Pack,Grocery,1,127.74,High Value Rare,127.74
501643,2025-07-04,10241,Sugar,Grocery,1,52.33,High Value Rare,52.33
501643,2025-07-04,10241,Milk,Grocery,2,35.4,High Value Rare,70.8
500135,2025-07-05,10020,Coffee Powder,Grocery,2,175.58,At Risk,351.16
500135,2025-07-05,10020,Sugar,Grocery,1,58.32,At Risk,58.32
500135,2025-07-05,10020,Milk,Grocery,1,35.32,At Risk,35.32
500237,2025-07-05,10036,Bread,Grocery,1,43.17,Loyal,43.17
500237,2025-07-05,10036,Butter,Grocery,2,89.65,Loyal,179.3
500237,2025-07-05,10036,Jam,Grocery,1,109.23,Loyal,109.23
500457,2025-07-05,10068,Tea Pack,Grocery,2,116.43,Champions,232.86
500457,2025-07-05,10068,Sugar,Grocery,1,57.85,Champions,57.85
500457,2025-07-05,10068,Milk,Grocery,1,33.54,Champions,33.54
500529,2025-07-05,10078,Lunch Box,Lifestyle,1,379.3,Loyal,379.3
500529,2025-07-05,10078,Water Bottle,Lifestyle,2,253.05,Loyal,506.1
500732,2025-07-05,10107,Yoga Mat,Fitness,1,708.97,At Risk,708.97
500732,2025-07-05,10107,Protein Bar,Fitness,1,84.89,At Risk,84.89
500732,2025-07-05,10107,Water Bottle,Lifestyle,1,275.11,At Risk,275.11
500732,2025-07-05,10107,Butter,Grocery,1,93.72,At Risk,93.72
500791,2025-07-05,10114,Baby Diapers,Baby Care,2,527.41,At Risk,1054.82
500791,2025-07-05,10114,Baby Wipes,Baby Care,1,168.84,At Risk,168.84
500791,2025-07-05,10114,Baby Lotion,Baby Care,1,236.34,At Risk,236.34
500791,2025-07-05,10114,USB Cable,Tech,1,179.78,At Risk,179.78
501485,2025-07-05,10217,Yoga Mat,Fitness,1,705.05,At Risk,705.05
501485,2025-07-05,10217,Protein Bar,Fitness,1,79.33,At Risk,79.33
501485,2025-07-05,10217,Water Bottle,Lifestyle,1,274.38,At Risk,274.38
501809,2025-07-05,10268,Notebook,Stationery,2,61.57,Loyal,123.14
501809,2025-07-05,10268,Pen Pack,Stationery,1,39.82,Loyal,39.82
501809,2025-07-05,10268,Highlighter,Stationery,1,70.56,Loyal,70.56
501883,2025-07-05,10283,Baby Diapers,Baby Care,1,567.36,Champions,567.36
501883,2025-07-05,10283,Baby Wipes,Baby Care,1,187.4,Champions,187.4
501883,2025-07-05,10283,Baby Lotion,Baby Care,1,248.39,Champions,248.39
501883,2025-07-05,10283,Butter,Grocery,1,102.8,Champions,102.8
500199,2025-07-06,10030,Baby Diapers,Baby Care,2,580.36,At Risk,1160.72
500199,2025-07-06,10030,Baby Wipes,Baby Care,1,191.0,At Risk,191.0
500199,2025-07-06,10030,Baby Lotion,Baby Care,1,225.02,At Risk,225.02
500254,2025-07-06,10037,Baby Diapers,Baby Care,1,547.43,Champions,547.43
500254,2025-07-06,10037,Baby Wipes,Baby Care,1,179.32,Champions,179.32
500254,2025-07-06,10037,Baby Lotion,Baby Care,1,233.55,Champions,233.55
500474,2025-07-06,10071,Novel,Books,1,249.47,Loyal,249.47
500474,2025-07-06,10071,Exam Guide,Books,2,438.56,Loyal,877.12
500715,2025-07-06,10105,Dog Food,Pet Care,2,839.21,Loyal,1678.42
500715,2025-07-06,10105,Pet Shampoo,Pet Care,1,240.41,Loyal,240.41
500715,2025-07-06,10105,Lunch Box,Lifestyle,1,356.16,Loyal,356.16
501689,2025-07-06,10250,Bread,Grocery,1,43.23,Loyal,43.23
501689,2025-07-06,10250,Butter,Grocery,1,99.95,Loyal,99.95
501689,2025-07-06,10250,Jam,Grocery,1,99.31,Loyal,99.31
500023,2025-07-07,10003,Phone Case,Tech,3,317.66,At Risk,952.98
500023,2025-07-07,10003,Screen Guard,Tech,1,197.87,At Risk,197.87
500023,2025-07-07,10003,USB Cable,Tech,2,182.48,At Risk,364.96
500589,2025-07-07,10084,Lunch Box,Lifestyle,1,339.38,Loyal,339.38
500589,2025-07-07,10084,Water Bottle,Lifestyle,1,252.35,Loyal,252.35
500703,2025-07-07,10102,Lunch Box,Lifestyle,1,339.16,Loyal,339.16
500703,2025-07-07,10102,Water Bottle,Lifestyle,1,248.74,Loyal,248.74
500722,2025-07-07,10106,Bread,Grocery,1,44.53,Loyal,44.53
500722,2025-07-07,10106,Butter,Grocery,1,99.87,Loyal,99.87
500722,2025-07-07,10106,Jam,Grocery,2,115.96,Loyal,231.92
500750,2025-07-07,10109,Dog Food,Pet Care,1,864.99,Champions,864.99
500750,2025-07-07,10109,Pet Shampoo,Pet Care,2,265.72,Champions,531.44
501089,2025-07-07,10161,Yoga Mat,Fitness,1,631.67,At Risk,631.67
501089,2025-07-07,10161,Protein Bar,Fitness,1,94.17,At Risk,94.17
501089,2025-07-07,10161,Water Bottle,Lifestyle,1,223.28,At Risk,223.28
500152,2025-07-08,10022,Bread,Grocery,1,43.89,Loyal,43.89
500152,2025-07-08,10022,Butter,Grocery,1,84.84,Loyal,84.84
500152,2025-07-08,10022,Jam,Grocery,1,111.68,Loyal,111.68
500908,2025-07-08,10136,Bread,Grocery,1,45.98,New,45.98
500908,2025-07-08,10136,Butter,Grocery,1,102.87,New,102.87
500908,2025-07-08,10136,Jam,Grocery,1,116.44,New,116.44
500213,2025-07-09,10031,Novel,Books,2,248.38,Champions,496.76
500213,2025-07-09,10031,Exam Guide,Books,2,448.02,Champions,896.04
500213,2025-07-09,10031,Milk,Grocery,1,34.36,Champions,34.36
500267,2025-07-09,10038,Coffee Powder,Grocery,1,158.68,At Risk,158.68
500267,2025-07-09,10038,Sugar,Grocery,1,56.53,At Risk,56.53
500267,2025-07-09,10038,Milk,Grocery,1,35.92,At Risk,35.92
501103,2025-07-09,10163,Dog Food,Pet Care,2,730.36,New,1460.72
501103,2025-07-09,10163,Pet Shampoo,Pet Care,2,266.21,New,532.42
501331,2025-07-09,10200,Coffee Powder,Grocery,2,179.1,At Risk,358.2
501331,2025-07-09,10200,Sugar,Grocery,1,59.01,At Risk,59.01
501331,2025-07-09,10200,Milk,Grocery,2,33.62,At Risk,67.24
501962,2025-07-09,10294,Lunch Box,Lifestyle,2,339.74,Champions,679.48
501962,2025-07-09,10294,Water Bottle,Lifestyle,2,239.19,Champions,478.38
502293,2025-07-09,10338,Baby Diapers,Baby Care,1,571.98,New,571.98
502293,2025-07-09,10338,Baby Wipes,Baby Care,1,190.22,New,190.22
502293,2025-07-09,10338,Baby Lotion,Baby Care,2,247.68,New,495.36
502293,2025-07-09,10338,Yoga Mat,Fitness,2,662.5,New,1325.0
501625,2025-07-10,10238,Dog Food,Pet Care,1,812.02,At Risk,812.02
501625,2025-07-10,10238,Pet Shampoo,Pet Care,1,259.5,At Risk,259.5
501913,2025-07-10,10288,Novel,Books,1,249.57,Loyal,249.57
501913,2025-07-10,10288,Exam Guide,Books,1,403.58,Loyal,403.58
501913,2025-07-10,10288,USB Cable,Tech,1,187.21,Loyal,187.21
501963,2025-07-10,10294,Baby Diapers,Baby Care,1,570.72,Champions,570.72
501963,2025-07-10,10294,Baby Wipes,Baby Care,1,189.74,Champions,189.74
501963,2025-07-10,10294,Baby Lotion,Baby Care,2,231.32,Champions,462.64
502100,2025-07-10,10315,Dog Food,Pet Care,1,779.53,At Risk,779.53
502100,2025-07-10,10315,Pet Shampoo,Pet Care,2,254.85,At Risk,509.7
502251,2025-07-10,10333,Bread,Grocery,1,47.2,Champions,47.2
502251,2025-07-10,10333,Butter,Grocery,1,84.2,Champions,84.2
502251,2025-07-10,10333,Jam,Grocery,1,105.35,Champions,105.35
500485,2025-07-11,10072,Baby Diapers,Baby Care,1,565.03,Champions,565.03
500485,2025-07-11,10072,Baby Wipes,Baby Care,1,202.09,Champions,202.09
500485,2025-07-11,10072,Baby Lotion,Baby Care,1,232.43,Champions,232.43
500803,2025-07-11,10117,Novel,Books,1,249.89,Loyal,249.89
500803,2025-07-11,10117,Exam Guide,Books,1,402.97,Loyal,402.97
500803,2025-07-11,10117,Highlighter,Stationery,1,82.46,Loyal,82.46
500820,2025-07-11,10122,Dog Food,Pet Care,1,781.15,Loyal,781.15
500820,2025-07-11,10122,Pet Shampoo,Pet Care,1,258.41,Loyal,258.41
500820,2025-07-11,10122,Butter,Grocery,1,90.9,Loyal,90.9
501651,2025-07-11,10243,Bread,Grocery,1,47.17,Loyal,47.17
501651,2025-07-11,10243,Butter,Grocery,1,100.52,Loyal,100.52
501651,2025-07-11,10243,Jam,Grocery,1,116.06,Loyal,116.06
502000,2025-07-11,10299,Lunch Box,Lifestyle,1,385.24,Champions,385.24
502000,2025-07-11,10299,Water Bottle,Lifestyle,1,247.08,Champions,247.08
502000,2025-07-11,10299,Baby Lotion,Baby Care,1,251.19,Champions,251.19
502150,2025-07-11,10321,Dog Food,Pet Care,1,720.64,At Risk,720.64
502150,2025-07-11,10321,Pet Shampoo,Pet Care,1,276.91,At Risk,276.91
500830,2025-07-12,10123,Coffee Powder,Grocery,2,173.65,Champions,347.3
500830,2025-07-12,10123,Sugar,Grocery,1,60.37,Champions,60.37
500830,2025-07-12,10123,Milk,Grocery,1,34.71,Champions,34.71
500888,2025-07-12,10132,Coffee Powder,Grocery,1,192.37,Champions,192.37
500888,2025-07-12,10132,Sugar,Grocery,2,53.86,Champions,107.72
500888,2025-07-12,10132,Milk,Grocery,1,33.19,Champions,33.19
500888,2025-07-12,10132,Dumbbell Pair,Fitness,1,1147.94,Champions,1147.94
501517,2025-07-12,10222,Dog Food,Pet Care,1,814.72,Champions,814.72
501517,2025-07-12,10222,Pet Shampoo,Pet Care,1,267.82,Champions,267.82
501517,2025-07-12,10222,Tea Pack,Grocery,2,124.66,Champions,249.32
502215,2025-07-12,10330,Dog Food,Pet Care,2,768.84,Loyal,1537.68
502215,2025-07-12,10330,Pet Shampoo,Pet Care,4,257.9,Loyal,1031.6
500122,2025-07-13,10018,Dog Food,Pet Care,1,740.96,New,740.96
500122,2025-07-13,10018,Pet Shampoo,Pet Care,1,250.94,New,250.94
500122,2025-07-13,10018,Yoga Mat,Fitness,1,626.16,New,626.16
500831,2025-07-13,10123,Baby Diapers,Baby Care,2,624.15,Champions,1248.3
500831,2025-07-13,10123,Baby Wipes,Baby Care,2,165.84,Champions,331.68
500831,2025-07-13,10123,Baby Lotion,Baby Care,1,235.83,Champions,235.83
501061,2025-07-13,10158,Yoga Mat,Fitness,1,735.64,Loyal,735.64
501061,2025-07-13,10158,Protein Bar,Fitness,1,95.27,Loyal,95.27
501061,2025-07-13,10158,Water Bottle,Lifestyle,1,262.16,Loyal,262.16
501539,2025-07-13,10224,Yoga Mat,Fitness,1,666.89,Loyal,666.89
501539,2025-07-13,10224,Protein Bar,Fitness,1,104.67,Loyal,104.67
501539,2025-07-13,10224,Water Bottle,Lifestyle,1,239.81,Loyal,239.81
502336,2025-07-13,10345,Coffee Powder,Grocery,1,170.84,At Risk,170.84
502336,2025-07-13,10345,Sugar,Grocery,1,50.5,At Risk,50.5
502336,2025-07-13,10345,Milk,Grocery,2,34.39,At Risk,68.78
502336,2025-07-13,10345,Tea Pack,Grocery,1,125.79,At Risk,125.79
500417,2025-07-14,10061,Dog Food,Pet Care,1,764.98,Loyal,764.98
500417,2025-07-14,10061,Pet Shampoo,Pet Care,1,258.1,Loyal,258.1
500486,2025-07-14,10072,Coffee Powder,Grocery,1,174.85,Champions,174.85
500486,2025-07-14,10072,Sugar,Grocery,1,58.66,Champions,58.66
500486,2025-07-14,10072,Milk,Grocery,1,35.21,Champions,35.21
500486,2025-07-14,10072,USB Cable,Tech,1,163.9,Champions,163.9
500704,2025-07-14,10102,Lunch Box,Lifestyle,1,351.49,Loyal,351.49
500704,2025-07-14,10102,Water Bottle,Lifestyle,1,241.02,Loyal,241.02
500716,2025-07-14,10105,Novel,Books,1,224.03,Loyal,224.03
500716,2025-07-14,10105,Exam Guide,Books,2,399.66,Loyal,799.32
500716,2025-07-14,10105,Baby Wipes,Baby Care,1,176.4,Loyal,176.4
501306,2025-07-14,10194,Lunch Box,Lifestyle,1,353.1,Loyal,353.1
501306,2025-07-14,10194,Water Bottle,Lifestyle,1,223.15,Loyal,223.15
501652,2025-07-14,10243,Phone Case,Tech,1,305.51,Loyal,305.51
501652,2025-07-14,10243,Screen Guard,Tech,1,175.84,Loyal,175.84
501652,2025-07-14,10243,USB Cable,Tech,1,179.55,Loyal,179.55
501652,2025-07-14,10243,Lunch Box,Lifestyle,1,365.91,Loyal,365.91
501732,2025-07-14,10258,Novel,Books,1,258.57,New,258.57
501732,2025-07-14,10258,Exam Guide,Books,2,449.75,New,899.5
502101,2025-07-14,10315,Baby Diapers,Baby Care,1,556.53,At Risk,556.53
502101,2025-07-14,10315,Baby Wipes,Baby Care,1,171.31,At Risk,171.31
502101,2025-07-14,10315,Baby Lotion,Baby Care,1,253.3,At Risk,253.3
502101,2025-07-14,10315,Bluetooth Earbuds,Tech,1,1389.87,At Risk,1389.87
502329,2025-07-14,10344,Lunch Box,Lifestyle,1,346.63,Loyal,346.63
502329,2025-07-14,10344,Water Bottle,Lifestyle,1,255.37,Loyal,255.37
500069,2025-07-15,10008,Tea Pack,Grocery,2,121.17,At Risk,242.34
500069,2025-07-15,10008,Sugar,Grocery,1,54.97,At Risk,54.97
500069,2025-07-15,10008,Milk,Grocery,1,32.09,At Risk,32.09
500091,2025-07-15,10013,Coffee Powder,Grocery,1,179.66,Loyal,179.66
500091,2025-07-15,10013,Sugar,Grocery,1,52.2,Loyal,52.2
500091,2025-07-15,10013,Milk,Grocery,1,34.24,Loyal,34.24
500091,2025-07-15,10013,Pet Shampoo,Pet Care,1,264.7,Loyal,264.7
500181,2025-07-15,10028,Novel,Books,2,245.86,At Risk,491.72
500181,2025-07-15,10028,Exam Guide,Books,1,413.23,At Risk,413.23
500832,2025-07-15,10123,Yoga Mat,Fitness,2,703.51,Champions,1407.02
500832,2025-07-15,10123,Protein Bar,Fitness,1,86.26,Champions,86.26
500832,2025-07-15,10123,Water Bottle,Lifestyle,1,248.86,Champions,248.86
501257,2025-07-15,10185,Tea Pack,Grocery,1,114.93,At Risk,114.93
501257,2025-07-15,10185,Sugar,Grocery,2,57.79,At Risk,115.58
501257,2025-07-15,10185,Milk,Grocery,1,33.16,At Risk,33.16
500080,2025-07-16,10010,Bread,Grocery,2,44.04,Champions,88.08
500080,2025-07-16,10010,Butter,Grocery,2,97.85,Champions,195.7
500080,2025-07-16,10010,Jam,Grocery,1,110.33,Champions,110.33
500080,2025-07-16,10010,Baby Wipes,Baby Care,1,187.55,Champions,187.55
500200,2025-07-16,10030,Lunch Box,Lifestyle,1,364.68,At Risk,364.68
500200,2025-07-16,10030,Water Bottle,Lifestyle,2,246.38,At Risk,492.76
500200,2025-07-16,10030,Novel,Books,2,272.0,At Risk,544.0
500292,2025-07-16,10042,Baby Diapers,Baby Care,1,528.25,Champions,528.25
500292,2025-07-16,10042,Baby Wipes,Baby Care,1,194.35,Champions,194.35
500292,2025-07-16,10042,Baby Lotion,Baby Care,2,244.42,Champions,488.84
500530,2025-07-16,10078,Notebook,Stationery,3,57.48,Loyal,172.44
500530,2025-07-16,10078,Pen Pack,Stationery,1,42.36,Loyal,42.36
500530,2025-07-16,10078,Highlighter,Stationery,1,73.13,Loyal,73.13
500557,2025-07-16,10081,Novel,Books,1,228.92,At Risk,228.92
500557,2025-07-16,10081,Exam Guide,Books,1,436.0,At Risk,436.0
500557,2025-07-16,10081,Baby Lotion,Baby Care,1,242.19,At Risk,242.19
501154,2025-07-16,10169,Yoga Mat,Fitness,2,617.15,At Risk,1234.3
501154,2025-07-16,10169,Protein Bar,Fitness,1,85.49,At Risk,85.49
501154,2025-07-16,10169,Water Bottle,Lifestyle,2,248.32,At Risk,496.64
501154,2025-07-16,10169,Milk,Grocery,1,32.07,At Risk,32.07
501468,2025-07-16,10215,Tea Pack,Grocery,1,112.99,Loyal,112.99
501468,2025-07-16,10215,Sugar,Grocery,2,50.55,Loyal,101.1
501468,2025-07-16,10215,Milk,Grocery,1,31.46,Loyal,31.46
501495,2025-07-16,10218,Novel,Books,1,264.5,At Risk,264.5
501495,2025-07-16,10218,Exam Guide,Books,1,462.5,At Risk,462.5
501553,2025-07-16,10226,Yoga Mat,Fitness,1,651.18,High Value Rare,651.18
501553,2025-07-16,10226,Protein Bar,Fitness,1,93.37,High Value Rare,93.37
501553,2025-07-16,10226,Water Bottle,Lifestyle,1,251.99,High Value Rare,251.99
501553,2025-07-16,10226,Baby Diapers,Baby Care,1,530.19,High Value Rare,530.19
501669,2025-07-16,10244,Lunch Box,Lifestyle,1,383.22,Champions,383.22
501669,2025-07-16,10244,Water Bottle,Lifestyle,1,248.35,Champions,248.35
501669,2025-07-16,10244,Tea Pack,Grocery,1,117.49,Champions,117.49
502189,2025-07-16,10327,Notebook,Stationery,2,58.7,At Risk,117.4
502189,2025-07-16,10327,Pen Pack,Stationery,2,41.56,At Risk,83.12
502189,2025-07-16,10327,Highlighter,Stationery,2,73.96,At Risk,147.92
502189,2025-07-16,10327,Tea Pack,Grocery,1,132.87,At Risk,132.87
500102,2025-07-17,10015,Notebook,Stationery,2,54.27,Loyal,108.54
500102,2025-07-17,10015,Pen Pack,Stationery,2,42.1,Loyal,84.2
500102,2025-07-17,10015,Highlighter,Stationery,1,68.08,Loyal,68.08
500102,2025-07-17,10015,Yoga Mat,Fitness,2,669.78,Loyal,1339.56
500558,2025-07-17,10081,Baby Diapers,Baby Care,2,562.8,At Risk,1125.6
500558,2025-07-17,10081,Baby Wipes,Baby Care,1,176.28,At Risk,176.28
500558,2025-07-17,10081,Baby Lotion,Baby Care,2,215.28,At Risk,430.56
500558,2025-07-17,10081,Pen Pack,Stationery,1,39.17,At Risk,39.17
500771,2025-07-17,10111,Tea Pack,Grocery,1,141.03,Champions,141.03
500771,2025-07-17,10111,Sugar,Grocery,2,57.14,Champions,114.28
500771,2025-07-17,10111,Milk,Grocery,2,32.06,Champions,64.12
500782,2025-07-17,10112,Novel,Books,1,242.58,High Value Rare,242.58
500782,2025-07-17,10112,Exam Guide,Books,1,400.16,High Value Rare,400.16
500782,2025-07-17,10112,Novel,Books,1,219.97,High Value Rare,219.97
500889,2025-07-17,10132,Baby Diapers,Baby Care,2,589.02,Champions,1178.04
500889,2025-07-17,10132,Baby Wipes,Baby Care,1,186.56,Champions,186.56
500889,2025-07-17,10132,Baby Lotion,Baby Care,1,247.52,Champions,247.52
500772,2025-07-18,10111,Novel,Books,2,263.0,Champions,526.0
500772,2025-07-18,10111,Exam Guide,Books,3,409.82,Champions,1229.46
500772,2025-07-18,10111,Jam,Grocery,1,106.78,Champions,106.78
500964,2025-07-18,10144,Tea Pack,Grocery,2,108.68,Loyal,217.36
500964,2025-07-18,10144,Sugar,Grocery,1,54.57,Loyal,54.57
500964,2025-07-18,10144,Milk,Grocery,1,36.61,Loyal,36.61
501210,2025-07-18,10177,Coffee Powder,Grocery,4,165.69,Loyal,662.76
501210,2025-07-18,10177,Sugar,Grocery,1,57.24,Loyal,57.24
501210,2025-07-18,10177,Milk,Grocery,1,35.57,Loyal,35.57
501610,2025-07-18,10236,Yoga Mat,Fitness,2,618.12,Loyal,1236.24
501610,2025-07-18,10236,Protein Bar,Fitness,2,88.7,Loyal,177.4
501610,2025-07-18,10236,Water Bottle,Lifestyle,1,258.13,Loyal,258.13
501741,2025-07-18,10259,Lunch Box,Lifestyle,2,358.68,Champions,717.36
501741,2025-07-18,10259,Water Bottle,Lifestyle,1,263.08,Champions,263.08
500293,2025-07-19,10042,Novel,Books,1,249.23,Champions,249.23
500293,2025-07-19,10042,Exam Guide,Books,3,412.26,Champions,1236.78
500335,2025-07-19,10049,Tea Pack,Grocery,1,128.88,Loyal,128.88
500335,2025-07-19,10049,Sugar,Grocery,3,54.15,Loyal,162.45
500335,2025-07-19,10049,Milk,Grocery,1,37.47,Loyal,37.47
500335,2025-07-19,10049,USB Cable,Tech,1,183.73,Loyal,183.73
500396,2025-07-19,10059,Baby Diapers,Baby Care,1,540.61,Loyal,540.61
500396,2025-07-19,10059,Baby Wipes,Baby Care,1,186.94,Loyal,186.94
500396,2025-07-19,10059,Baby Lotion,Baby Care,1,250.38,Loyal,250.38
500475,2025-07-19,10071,Yoga Mat,Fitness,3,675.99,Loyal,2027.97
500475,2025-07-19,10071,Protein Bar,Fitness,1,87.44,Loyal,87.44
500475,2025-07-19,10071,Water Bottle,Lifestyle,2,235.62,Loyal,471.24
500475,2025-07-19,10071,USB Cable,Tech,2,173.44,Loyal,346.88
500751,2025-07-19,10109,Lunch Box,Lifestyle,1,366.81,Champions,366.81
500751,2025-07-19,10109,Water Bottle,Lifestyle,1,267.41,Champions,267.41
500751,2025-07-19,10109,Bread,Grocery,1,41.67,Champions,41.67
500874,2025-07-19,10131,Notebook,Stationery,2,57.81,Loyal,115.62
500874,2025-07-19,10131,Pen Pack,Stationery,1,37.97,Loyal,37.97
500874,2025-07-19,10131,Highlighter,Stationery,2,71.75,Loyal,143.5
500997,2025-07-19,10148,Yoga Mat,Fitness,1,619.99,Champions,619.99
500997,2025-07-19,10148,Protein Bar,Fitness,1,95.2,Champions,95.2
500997,2025-07-19,10148,Water Bottle,Lifestyle,1,254.41,Champions,254.41
500997,2025-07-19,10148,Yoga Mat,Fitness,1,657.14,Champions,657.14
501163,2025-07-19,10171,Tea Pack,Grocery,1,138.66,Champions,138.66
501163,2025-07-19,10171,Sugar,Grocery,1,52.44,Champions,52.44
501163,2025-07-19,10171,Milk,Grocery,2,33.65,Champions,67.3
501163,2025-07-19,10171,Water Bottle,Lifestyle,2,263.13,Champions,526.26
501171,2025-07-19,10172,Tea Pack,Grocery,1,112.79,New,112.79
501171,2025-07-19,10172,Sugar,Grocery,1,53.97,New,53.97
501171,2025-07-19,10172,Milk,Grocery,1,37.16,New,37.16
501191,2025-07-19,10175,Baby Diapers,Baby Care,2,587.97,Champions,1175.94
501191,2025-07-19,10175,Baby Wipes,Baby Care,1,186.16,Champions,186.16
501191,2025-07-19,10175,Baby Lotion,Baby Care,1,255.36,Champions,255.36
501240,2025-07-19,10181,Tea Pack,Grocery,1,130.64,Champions,130.64
501240,2025-07-19,10181,Sugar,Grocery,2,57.05,Champions,114.1
501240,2025-07-19,10181,Milk,Grocery,3,35.72,Champions,107.16
501240,2025-07-19,10181,Dog Food,Pet Care,1,757.74,Champions,757.74
502084,2025-07-19,10312,Baby Diapers,Baby Care,1,559.1,Champions,559.1
502084,2025-07-19,10312,Baby Wipes,Baby Care,1,183.67,Champions,183.67
502084,2025-07-19,10312,Baby Lotion,Baby Care,2,226.06,Champions,452.12
502084,2025-07-19,10312,Pen Pack,Stationery,2,43.63,Champions,87.26
502319,2025-07-19,10342,Tea Pack,Grocery,1,114.5,Champions,114.5
502319,2025-07-19,10342,Sugar,Grocery,1,52.05,Champions,52.05
502319,2025-07-19,10342,Milk,Grocery,1,29.79,Champions,29.79
500118,2025-07-20,10017,Bread,Grocery,2,50.32,New,100.64
500118,2025-07-20,10017,Butter,Grocery,2,90.93,New,181.86
500118,2025-07-20,10017,Jam,Grocery,1,113.44,New,113.44
500773,2025-07-20,10111,Tea Pack,Grocery,3,130.12,Champions,390.36
500773,2025-07-20,10111,Sugar,Grocery,1,52.25,Champions,52.25
500773,2025-07-20,10111,Milk,Grocery,1,31.53,Champions,31.53
500773,2025-07-20,10111,Phone Case,Tech,1,284.82,Champions,284.82
500856,2025-07-20,10128,Yoga Mat,Fitness,1,607.56,Champions,607.56
500856,2025-07-20,10128,Protein Bar,Fitness,2,89.49,Champions,178.98
500856,2025-07-20,10128,Water Bottle,Lifestyle,1,258.95,Champions,258.95
500926,2025-07-20,10138,Notebook,Stationery,1,60.43,Loyal,60.43
500926,2025-07-20,10138,Pen Pack,Stationery,1,41.63,Loyal,41.63
500926,2025-07-20,10138,Highlighter,Stationery,1,76.99,Loyal,76.99
500926,2025-07-20,10138,Notebook,Stationery,1,60.87,Loyal,60.87
500998,2025-07-20,10148,Tea Pack,Grocery,1,109.5,Champions,109.5
500998,2025-07-20,10148,Sugar,Grocery,1,53.06,Champions,53.06
500998,2025-07-20,10148,Milk,Grocery,1,36.93,Champions,36.93
501080,2025-07-20,10160,Coffee Powder,Grocery,1,175.29,Loyal,175.29
501080,2025-07-20,10160,Sugar,Grocery,2,55.67,Loyal,111.34
501080,2025-07-20,10160,Milk,Grocery,1,36.83,Loyal,36.83
501314,2025-07-20,10195,Yoga Mat,Fitness,1,623.93,Loyal,623.93
501314,2025-07-20,10195,Protein Bar,Fitness,1,85.96,Loyal,85.96
501314,2025-07-20,10195,Water Bottle,Lifestyle,2,258.5,Loyal,517.0
501366,2025-07-20,10204,Bread,Grocery,1,42.99,At Risk,42.99
501366,2025-07-20,10204,Butter,Grocery,1,97.31,At Risk,97.31
501366,2025-07-20,10204,Jam,Grocery,1,108.67,At Risk,108.67
501784,2025-07-20,10265,Tea Pack,Grocery,2,115.97,At Risk,231.94
501784,2025-07-20,10265,Sugar,Grocery,1,53.06,At Risk,53.06
501784,2025-07-20,10265,Milk,Grocery,1,31.01,At Risk,31.01
501964,2025-07-20,10294,Phone Case,Tech,1,278.23,Champions,278.23
501964,2025-07-20,10294,Screen Guard,Tech,1,189.33,Champions,189.33
501964,2025-07-20,10294,USB Cable,Tech,1,186.56,Champions,186.56
501979,2025-07-20,10297,Novel,Books,1,265.46,Loyal,265.46
501979,2025-07-20,10297,Exam Guide,Books,1,393.06,Loyal,393.06
502190,2025-07-20,10327,Phone Case,Tech,3,304.34,At Risk,913.02
502190,2025-07-20,10327,Screen Guard,Tech,2,210.57,At Risk,421.14
502190,2025-07-20,10327,USB Cable,Tech,1,169.39,At Risk,169.39
502357,2025-07-20,10347,Notebook,Stationery,1,59.12,Champions,59.12
502357,2025-07-20,10347,Pen Pack,Stationery,2,41.4,Champions,82.8
502357,2025-07-20,10347,Highlighter,Stationery,1,73.57,Champions,73.57
500024,2025-07-21,10003,Yoga Mat,Fitness,1,644.05,At Risk,644.05
500024,2025-07-21,10003,Protein Bar,Fitness,1,85.62,At Risk,85.62
500024,2025-07-21,10003,Water Bottle,Lifestyle,1,262.93,At Risk,262.93
500024,2025-07-21,10003,Baby Wipes,Baby Care,1,187.05,At Risk,187.05
500361,2025-07-21,10056,Tea Pack,Grocery,2,129.34,Champions,258.68
500361,2025-07-21,10056,Sugar,Grocery,2,54.74,Champions,109.48
500361,2025-07-21,10056,Milk,Grocery,2,35.45,Champions,70.9
501258,2025-07-21,10185,Notebook,Stationery,1,57.03,At Risk,57.03
501258,2025-07-21,10185,Pen Pack,Stationery,2,42.57,At Risk,85.14
501258,2025-07-21,10185,Highlighter,Stationery,1,72.65,At Risk,72.65
501274,2025-07-21,10189,Bread,Grocery,2,44.79,Loyal,89.58
501274,2025-07-21,10189,Butter,Grocery,1,95.04,Loyal,95.04
501274,2025-07-21,10189,Jam,Grocery,1,111.7,Loyal,111.7
501274,2025-07-21,10189,Water Bottle,Lifestyle,1,261.99,Loyal,261.99
501993,2025-07-21,10298,Bread,Grocery,1,42.68,At Risk,42.68
501993,2025-07-21,10298,Butter,Grocery,3,83.8,At Risk,251.4
501993,2025-07-21,10298,Jam,Grocery,1,103.65,At Risk,103.65
502114,2025-07-21,10317,Notebook,Stationery,1,63.67,Champions,63.67
502114,2025-07-21,10317,Pen Pack,Stationery,2,44.42,Champions,88.84
502114,2025-07-21,10317,Highlighter,Stationery,2,66.66,Champions,133.32
500238,2025-07-22,10036,Baby Diapers,Baby Care,1,533.49,Loyal,533.49
500238,2025-07-22,10036,Baby Wipes,Baby Care,1,169.15,Loyal,169.15
500238,2025-07-22,10036,Baby Lotion,Baby Care,1,258.21,Loyal,258.21
501022,2025-07-22,10151,Novel,Books,1,257.62,Loyal,257.62
501022,2025-07-22,10151,Exam Guide,Books,1,434.96,Loyal,434.96
501129,2025-07-22,10167,Notebook,Stationery,1,57.99,Loyal,57.99
501129,2025-07-22,10167,Pen Pack,Stationery,1,40.74,Loyal,40.74
501129,2025-07-22,10167,Highlighter,Stationery,2,75.39,Loyal,150.78
501447,2025-07-22,10213,Notebook,Stationery,1,63.45,Loyal,63.45
501447,2025-07-22,10213,Pen Pack,Stationery,1,38.88,Loyal,38.88
501447,2025-07-22,10213,Highlighter,Stationery,1,70.91,Loyal,70.91
501742,2025-07-22,10259,Baby Diapers,Baby Care,1,537.95,Champions,537.95
501742,2025-07-22,10259,Baby Wipes,Baby Care,2,172.02,Champions,344.04
501742,2025-07-22,10259,Baby Lotion,Baby Care,1,228.06,Champions,228.06
501929,2025-07-22,10290,Phone Case,Tech,1,287.53,Champions,287.53
501929,2025-07-22,10290,Screen Guard,Tech,2,201.95,Champions,403.9
501929,2025-07-22,10290,USB Cable,Tech,1,167.95,Champions,167.95
501929,2025-07-22,10290,Jam,Grocery,1,105.35,Champions,105.35
502127,2025-07-22,10318,Yoga Mat,Fitness,1,635.74,Champions,635.74
502127,2025-07-22,10318,Protein Bar,Fitness,1,88.91,Champions,88.91
502127,2025-07-22,10318,Water Bottle,Lifestyle,1,256.84,Champions,256.84
502127,2025-07-22,10318,Coffee Powder,Grocery,1,160.28,Champions,160.28
502137,2025-07-22,10319,Baby Diapers,Baby Care,1,548.59,Loyal,548.59
502137,2025-07-22,10319,Baby Wipes,Baby Care,1,190.07,Loyal,190.07
502137,2025-07-22,10319,Baby Lotion,Baby Care,2,250.38,Loyal,500.76
502180,2025-07-22,10326,Notebook,Stationery,1,60.07,New,60.07
502180,2025-07-22,10326,Pen Pack,Stationery,1,41.72,New,41.72
502180,2025-07-22,10326,Highlighter,Stationery,3,75.26,New,225.78
500436,2025-07-23,10065,Tea Pack,Grocery,1,114.83,New,114.83
500436,2025-07-23,10065,Sugar,Grocery,1,57.71,New,57.71
500436,2025-07-23,10065,Milk,Grocery,1,32.79,New,32.79
500436,2025-07-23,10065,Baby Wipes,Baby Care,1,183.11,New,183.11
500531,2025-07-23,10078,Yoga Mat,Fitness,1,635.48,Loyal,635.48
500531,2025-07-23,10078,Protein Bar,Fitness,1,95.93,Loyal,95.93
500531,2025-07-23,10078,Water Bottle,Lifestyle,1,258.46,Loyal,258.46
500531,2025-07-23,10078,Dog Food,Pet Care,1,786.56,Loyal,786.56
500896,2025-07-23,10133,Notebook,Stationery,1,57.26,Loyal,57.26
500896,2025-07-23,10133,Pen Pack,Stationery,1,39.97,Loyal,39.97
500896,2025-07-23,10133,Highlighter,Stationery,1,82.66,Loyal,82.66
500896,2025-07-23,10133,Novel,Books,1,226.48,Loyal,226.48
500927,2025-07-23,10138,Bread,Grocery,1,43.7,Loyal,43.7
500927,2025-07-23,10138,Butter,Grocery,1,95.71,Loyal,95.71
500927,2025-07-23,10138,Jam,Grocery,1,109.62,Loyal,109.62
500927,2025-07-23,10138,Notebook,Stationery,1,63.25,Loyal,63.25
500955,2025-07-23,10143,Lunch Box,Lifestyle,2,348.64,Loyal,697.28
500955,2025-07-23,10143,Water Bottle,Lifestyle,1,262.32,Loyal,262.32
500955,2025-07-23,10143,Dumbbell Pair,Fitness,1,1200.35,Loyal,1200.35
500975,2025-07-23,10145,Yoga Mat,Fitness,2,656.62,Champions,1313.24
500975,2025-07-23,10145,Protein Bar,Fitness,1,86.86,Champions,86.86
500975,2025-07-23,10145,Water Bottle,Lifestyle,1,248.98,Champions,248.98
501164,2025-07-23,10171,Notebook,Stationery,1,64.83,Champions,64.83
501164,2025-07-23,10171,Pen Pack,Stationery,2,38.74,Champions,77.48
501164,2025-07-23,10171,Highlighter,Stationery,2,75.55,Champions,151.1
501769,2025-07-23,10262,Tea Pack,Grocery,2,130.65,Champions,261.3
501769,2025-07-23,10262,Sugar,Grocery,1,59.8,Champions,59.8
501769,2025-07-23,10262,Milk,Grocery,1,35.6,Champions,35.6
501785,2025-07-23,10265,Tea Pack,Grocery,2,115.48,At Risk,230.96
501785,2025-07-23,10265,Sugar,Grocery,1,50.87,At Risk,50.87
501785,2025-07-23,10265,Milk,Grocery,1,36.25,At Risk,36.25
501844,2025-07-23,10277,Bread,Grocery,1,48.06,At Risk,48.06
501844,2025-07-23,10277,Butter,Grocery,2,94.79,At Risk,189.58
501844,2025-07-23,10277,Jam,Grocery,1,115.87,At Risk,115.87
501844,2025-07-23,10277,Baby Wipes,Baby Care,1,174.43,At Risk,174.43
502052,2025-07-23,10309,Phone Case,Tech,1,291.81,Loyal,291.81
502052,2025-07-23,10309,Screen Guard,Tech,1,213.59,Loyal,213.59
502052,2025-07-23,10309,USB Cable,Tech,1,185.37,Loyal,185.37
502168,2025-07-23,10323,Yoga Mat,Fitness,2,652.14,Loyal,1304.28
502168,2025-07-23,10323,Protein Bar,Fitness,1,97.13,Loyal,97.13
502168,2025-07-23,10323,Water Bottle,Lifestyle,4,251.97,Loyal,1007.88
502168,2025-07-23,10323,Sugar,Grocery,1,55.73,Loyal,55.73
500103,2025-07-24,10015,Bread,Grocery,1,44.4,Loyal,44.4
500103,2025-07-24,10015,Butter,Grocery,1,98.1,Loyal,98.1
500103,2025-07-24,10015,Jam,Grocery,1,110.57,Loyal,110.57
500103,2025-07-24,10015,Coffee Powder,Grocery,2,177.69,Loyal,355.38
500294,2025-07-24,10042,Coffee Powder,Grocery,2,194.79,Champions,389.58
500294,2025-07-24,10042,Sugar,Grocery,1,54.26,Champions,54.26
500294,2025-07-24,10042,Milk,Grocery,1,38.5,Champions,38.5
500294,2025-07-24,10042,Protein Bar,Fitness,1,98.23,Champions,98.23
500609,2025-07-24,10087,Notebook,Stationery,1,64.5,At Risk,64.5
500609,2025-07-24,10087,Pen Pack,Stationery,1,35.98,At Risk,35.98
500609,2025-07-24,10087,Highlighter,Stationery,1,74.81,At Risk,74.81
500999,2025-07-24,10148,Notebook,Stationery,1,64.43,Champions,64.43
500999,2025-07-24,10148,Pen Pack,Stationery,1,43.81,Champions,43.81
500999,2025-07-24,10148,Highlighter,Stationery,1,72.37,Champions,72.37
500999,2025-07-24,10148,Notebook,Stationery,1,61.65,Champions,61.65
501412,2025-07-24,10209,Dog Food,Pet Care,2,785.74,Champions,1571.48
501412,2025-07-24,10209,Pet Shampoo,Pet Care,1,290.56,Champions,290.56
501412,2025-07-24,10209,Dumbbell Pair,Fitness,1,1054.75,Champions,1054.75
502206,2025-07-24,10329,Notebook,Stationery,1,64.85,Loyal,64.85
502206,2025-07-24,10329,Pen Pack,Stationery,2,41.25,Loyal,82.5
502206,2025-07-24,10329,Highlighter,Stationery,2,69.43,Loyal,138.86
502266,2025-07-24,10334,Yoga Mat,Fitness,1,663.74,Champions,663.74
502266,2025-07-24,10334,Protein Bar,Fitness,1,93.18,Champions,93.18
502266,2025-07-24,10334,Water Bottle,Lifestyle,1,263.64,Champions,263.64
500070,2025-07-25,10008,Novel,Books,1,264.45,At Risk,264.45
500070,2025-07-25,10008,Exam Guide,Books,1,442.31,At Risk,442.31
500070,2025-07-25,10008,Screen Guard,Tech,3,208.42,At Risk,625.26
501192,2025-07-25,10175,Lunch Box,Lifestyle,1,328.67,Champions,328.67
501192,2025-07-25,10175,Water Bottle,Lifestyle,1,268.38,Champions,268.38
501192,2025-07-25,10175,Bread,Grocery,1,46.75,Champions,46.75
501540,2025-07-25,10224,Baby Diapers,Baby Care,1,582.66,Loyal,582.66
501540,2025-07-25,10224,Baby Wipes,Baby Care,2,183.7,Loyal,367.4
501540,2025-07-25,10224,Baby Lotion,Baby Care,2,259.13,Loyal,518.26
501884,2025-07-25,10283,Lunch Box,Lifestyle,1,374.71,Champions,374.71
501884,2025-07-25,10283,Water Bottle,Lifestyle,1,249.06,Champions,249.06
500310,2025-07-26,10044,Coffee Powder,Grocery,1,175.38,Loyal,175.38
500310,2025-07-26,10044,Sugar,Grocery,3,53.74,Loyal,161.22
500310,2025-07-26,10044,Milk,Grocery,1,36.77,Loyal,36.77
500610,2025-07-26,10087,Lunch Box,Lifestyle,2,347.36,At Risk,694.72
500610,2025-07-26,10087,Water Bottle,Lifestyle,2,253.93,At Risk,507.86
500738,2025-07-26,10108,Dog Food,Pet Care,1,787.6,Loyal,787.6
500738,2025-07-26,10108,Pet Shampoo,Pet Care,1,276.07,Loyal,276.07
500738,2025-07-26,10108,Water Bottle,Lifestyle,1,227.45,Loyal,227.45
501419,2025-07-26,10210,Tea Pack,Grocery,1,117.88,New,117.88
501419,2025-07-26,10210,Sugar,Grocery,1,58.96,New,58.96
501419,2025-07-26,10210,Milk,Grocery,1,37.57,New,37.57
501419,2025-07-26,10210,Baby Diapers,Baby Care,2,549.05,New,1098.1
501872,2025-07-26,10282,Novel,Books,1,241.96,Loyal,241.96
501872,2025-07-26,10282,Exam Guide,Books,1,440.99,Loyal,440.99
501872,2025-07-26,10282,Baby Wipes,Baby Care,2,193.49,Loyal,386.98
501980,2025-07-26,10297,Coffee Powder,Grocery,1,188.03,Loyal,188.03
501980,2025-07-26,10297,Sugar,Grocery,1,53.79,Loyal,53.79
501980,2025-07-26,10297,Milk,Grocery,2,33.57,Loyal,67.14
501980,2025-07-26,10297,Baby Lotion,Baby Care,1,242.74,Loyal,242.74
500053,2025-07-27,10006,Tea Pack,Grocery,1,116.69,Champions,116.69
500053,2025-07-27,10006,Sugar,Grocery,2,52.41,Champions,104.82
500053,2025-07-27,10006,Milk,Grocery,1,36.28,Champions,36.28
500752,2025-07-27,10109,Notebook,Stationery,1,65.59,Champions,65.59
500752,2025-07-27,10109,Pen Pack,Stationery,1,40.51,Champions,40.51
500752,2025-07-27,10109,Highlighter,Stationery,3,82.89,Champions,248.67
501264,2025-07-27,10188,Baby Diapers,Baby Care,2,547.32,New,1094.64
501264,2025-07-27,10188,Baby Wipes,Baby Care,1,172.87,New,172.87
501264,2025-07-27,10188,Baby Lotion,Baby Care,1,253.87,New,253.87
501264,2025-07-27,10188,Pen Pack,Stationery,1,40.34,New,40.34
502151,2025-07-27,10321,Tea Pack,Grocery,1,122.48,At Risk,122.48
502151,2025-07-27,10321,Sugar,Grocery,1,57.61,At Risk,57.61
502151,2025-07-27,10321,Milk,Grocery,1,37.98,At Risk,37.98
502151,2025-07-27,10321,Coffee Powder,Grocery,3,181.96,At Risk,545.88
502169,2025-07-27,10323,Tea Pack,Grocery,4,130.67,Loyal,522.68
502169,2025-07-27,10323,Sugar,Grocery,1,51.66,Loyal,51.66
502169,2025-07-27,10323,Milk,Grocery,2,35.06,Loyal,70.12
502169,2025-07-27,10323,Milk,Grocery,1,37.4,Loyal,37.4
500153,2025-07-28,10022,Phone Case,Tech,1,318.84,Loyal,318.84
500153,2025-07-28,10022,Screen Guard,Tech,1,172.56,Loyal,172.56
500153,2025-07-28,10022,USB Cable,Tech,1,175.61,Loyal,175.61
500295,2025-07-28,10042,Notebook,Stationery,1,58.4,Champions,58.4
500295,2025-07-28,10042,Pen Pack,Stationery,1,39.63,Champions,39.63
500295,2025-07-28,10042,Highlighter,Stationery,1,66.84,Champions,66.84
501344,2025-07-28,10201,Yoga Mat,Fitness,2,695.07,Champions,1390.14
501344,2025-07-28,10201,Protein Bar,Fitness,1,87.16,Champions,87.16
501344,2025-07-28,10201,Water Bottle,Lifestyle,2,238.8,Champions,477.6
501382,2025-07-28,10206,Yoga Mat,Fitness,1,719.13,Champions,719.13
501382,2025-07-28,10206,Protein Bar,Fitness,2,89.89,Champions,179.78
501382,2025-07-28,10206,Water Bottle,Lifestyle,4,261.81,Champions,1047.24
501509,2025-07-28,10221,Lunch Box,Lifestyle,1,365.81,New,365.81
501509,2025-07-28,10221,Water Bottle,Lifestyle,1,226.86,New,226.86
501518,2025-07-28,10222,Baby Diapers,Baby Care,1,527.27,Champions,527.27
501518,2025-07-28,10222,Baby Wipes,Baby Care,1,169.21,Champions,169.21
501518,2025-07-28,10222,Baby Lotion,Baby Care,1,226.95,Champions,226.95
502128,2025-07-28,10318,Tea Pack,Grocery,4,120.27,Champions,481.08
502128,2025-07-28,10318,Sugar,Grocery,2,54.12,Champions,108.24
502128,2025-07-28,10318,Milk,Grocery,1,33.32,Champions,33.32
502273,2025-07-28,10335,Dog Food,Pet Care,1,815.08,Champions,815.08
502273,2025-07-28,10335,Pet Shampoo,Pet Care,1,269.29,Champions,269.29
500545,2025-07-29,10079,Yoga Mat,Fitness,1,707.07,Champions,707.07
500545,2025-07-29,10079,Protein Bar,Fitness,2,91.97,Champions,183.94
500545,2025-07-29,10079,Water Bottle,Lifestyle,2,236.88,Champions,473.76
500635,2025-07-29,10091,Dog Food,Pet Care,1,864.1,At Risk,864.1
500635,2025-07-29,10091,Pet Shampoo,Pet Care,1,273.4,At Risk,273.4
500635,2025-07-29,10091,Milk,Grocery,1,36.14,At Risk,36.14
500869,2025-07-29,10130,Lunch Box,Lifestyle,1,333.77,Loyal,333.77
500869,2025-07-29,10130,Water Bottle,Lifestyle,1,271.74,Loyal,271.74
500965,2025-07-29,10144,Yoga Mat,Fitness,1,626.18,Loyal,626.18
500965,2025-07-29,10144,Protein Bar,Fitness,1,89.37,Loyal,89.37
500965,2025-07-29,10144,Water Bottle,Lifestyle,2,218.33,Loyal,436.66
501090,2025-07-29,10161,Lunch Box,Lifestyle,2,327.61,At Risk,655.22
501090,2025-07-29,10161,Water Bottle,Lifestyle,1,248.25,At Risk,248.25
501223,2025-07-29,10179,Notebook,Stationery,2,65.42,Champions,130.84
501223,2025-07-29,10179,Pen Pack,Stationery,1,43.88,Champions,43.88
501223,2025-07-29,10179,Highlighter,Stationery,1,75.54,Champions,75.54
501223,2025-07-29,10179,Sugar,Grocery,1,47.99,Champions,47.99
501817,2025-07-29,10269,Tea Pack,Grocery,2,123.39,Loyal,246.78
501817,2025-07-29,10269,Sugar,Grocery,1,56.59,Loyal,56.59
501817,2025-07-29,10269,Milk,Grocery,2,32.88,Loyal,65.76
501817,2025-07-29,10269,Pen Pack,Stationery,4,44.29,Loyal,177.16
501930,2025-07-29,10290,Novel,Books,1,259.19,Champions,259.19
501930,2025-07-29,10290,Exam Guide,Books,2,420.1,Champions,840.2
502170,2025-07-29,10323,Notebook,Stationery,3,59.67,Loyal,179.01
502170,2025-07-29,10323,Pen Pack,Stationery,1,37.25,Loyal,37.25
502170,2025-07-29,10323,Highlighter,Stationery,2,77.25,Loyal,154.5
502358,2025-07-29,10347,Novel,Books,1,234.44,Champions,234.44
502358,2025-07-29,10347,Exam Guide,Books,1,463.58,Champions,463.58
502358,2025-07-29,10347,Jam,Grocery,2,112.05,Champions,224.1
500081,2025-07-30,10010,Bread,Grocery,1,46.14,Champions,46.14
500081,2025-07-30,10010,Butter,Grocery,2,82.73,Champions,165.46
500081,2025-07-30,10010,Jam,Grocery,1,117.24,Champions,117.24
500081,2025-07-30,10010,Tea Pack,Grocery,2,116.55,Champions,233.1
500976,2025-07-30,10145,Phone Case,Tech,3,301.35,Champions,904.05
500976,2025-07-30,10145,Screen Guard,Tech,1,215.32,Champions,215.32
500976,2025-07-30,10145,USB Cable,Tech,2,192.95,Champions,385.9
501370,2025-07-30,10205,Phone Case,Tech,2,296.46,Champions,592.92
501370,2025-07-30,10205,Screen Guard,Tech,1,200.56,Champions,200.56
501370,2025-07-30,10205,USB Cable,Tech,1,190.43,Champions,190.43
502320,2025-07-30,10342,Notebook,Stationery,2,50.38,Champions,100.76
502320,2025-07-30,10342,Pen Pack,Stationery,2,38.86,Champions,77.72
502320,2025-07-30,10342,Highlighter,Stationery,2,77.37,Champions,154.74
500098,2025-07-31,10014,Novel,Books,1,235.56,Loyal,235.56
500098,2025-07-31,10014,Exam Guide,Books,1,414.79,Loyal,414.79
500098,2025-07-31,10014,Baby Wipes,Baby Care,3,173.67,Loyal,521.01
500322,2025-07-31,10047,Bread,Grocery,2,42.25,New,84.5
500322,2025-07-31,10047,Butter,Grocery,1,90.36,New,90.36
500322,2025-07-31,10047,Jam,Grocery,1,124.29,New,124.29
500322,2025-07-31,10047,Exam Guide,Books,2,446.58,New,893.16
500397,2025-07-31,10059,Lunch Box,Lifestyle,1,351.62,Loyal,351.62
500397,2025-07-31,10059,Water Bottle,Lifestyle,2,263.34,Loyal,526.68
500611,2025-07-31,10087,Lunch Box,Lifestyle,1,315.49,At Risk,315.49
500611,2025-07-31,10087,Water Bottle,Lifestyle,1,261.2,At Risk,261.2
500611,2025-07-31,10087,Baby Wipes,Baby Care,1,169.23,At Risk,169.23
500625,2025-07-31,10090,Novel,Books,1,267.94,Champions,267.94
500625,2025-07-31,10090,Exam Guide,Books,2,403.13,Champions,806.26
500625,2025-07-31,10090,Tea Pack,Grocery,1,120.86,Champions,120.86
500739,2025-07-31,10108,Baby Diapers,Baby Care,3,478.58,Loyal,1435.74
500739,2025-07-31,10108,Baby Wipes,Baby Care,1,184.69,Loyal,184.69
500739,2025-07-31,10108,Baby Lotion,Baby Care,2,211.53,Loyal,423.06
500739,2025-07-31,10108,Baby Diapers,Baby Care,1,565.14,Loyal,565.14
500977,2025-07-31,10145,Tea Pack,Grocery,1,114.78,Champions,114.78
500977,2025-07-31,10145,Sugar,Grocery,1,54.89,Champions,54.89
500977,2025-07-31,10145,Milk,Grocery,1,36.12,Champions,36.12
500977,2025-07-31,10145,Pet Shampoo,Pet Care,2,228.67,Champions,457.34
501674,2025-07-31,10246,Notebook,Stationery,1,57.4,New,57.4
501674,2025-07-31,10246,Pen Pack,Stationery,1,44.4,New,44.4
501674,2025-07-31,10246,Highlighter,Stationery,1,75.92,New,75.92
501810,2025-07-31,10268,Dog Food,Pet Care,2,778.49,Loyal,1556.98
501810,2025-07-31,10268,Pet Shampoo,Pet Care,1,252.59,Loyal,252.59
502067,2025-07-31,10311,Notebook,Stationery,1,57.38,Champions,57.38
502067,2025-07-31,10311,Pen Pack,Stationery,1,36.57,Champions,36.57
502067,2025-07-31,10311,Highlighter,Stationery,2,65.06,Champions,130.12
502299,2025-07-31,10339,Baby Diapers,Baby Care,1,545.41,Champions,545.41
502299,2025-07-31,10339,Baby Wipes,Baby Care,2,158.76,Champions,317.52
502299,2025-07-31,10339,Baby Lotion,Baby Care,2,247.11,Champions,494.22
502299,2025-07-31,10339,Exam Guide,Books,1,383.81,Champions,383.81
500175,2025-08-01,10027,Bread,Grocery,2,46.06,New,92.12
500175,2025-08-01,10027,Butter,Grocery,1,97.82,New,97.82
500175,2025-08-01,10027,Jam,Grocery,1,112.92,New,112.92
500175,2025-08-01,10027,Protein Bar,Fitness,1,90.25,New,90.25
500442,2025-08-01,10066,Baby Diapers,Baby Care,1,517.91,Champions,517.91
500442,2025-08-01,10066,Baby Wipes,Baby Care,2,185.03,Champions,370.06
500442,2025-08-01,10066,Baby Lotion,Baby Care,2,250.9,Champions,501.8
500753,2025-08-01,10109,Dog Food,Pet Care,1,735.6,Champions,735.6
500753,2025-08-01,10109,Pet Shampoo,Pet Care,1,275.36,Champions,275.36
500774,2025-08-01,10111,Bread,Grocery,1,46.97,Champions,46.97
500774,2025-08-01,10111,Butter,Grocery,1,97.43,Champions,97.43
500774,2025-08-01,10111,Jam,Grocery,2,114.33,Champions,228.66
500978,2025-08-01,10145,Coffee Powder,Grocery,1,187.08,Champions,187.08
500978,2025-08-01,10145,Sugar,Grocery,1,52.0,Champions,52.0
500978,2025-08-01,10145,Milk,Grocery,1,36.63,Champions,36.63
500978,2025-08-01,10145,Baby Lotion,Baby Care,2,253.02,Champions,506.04
501371,2025-08-01,10205,Bread,Grocery,1,47.44,Champions,47.44
501371,2025-08-01,10205,Butter,Grocery,2,95.33,Champions,190.66
501371,2025-08-01,10205,Jam,Grocery,1,124.37,Champions,124.37
501460,2025-08-01,10214,Dog Food,Pet Care,1,781.53,At Risk,781.53
501460,2025-08-01,10214,Pet Shampoo,Pet Care,1,281.61,At Risk,281.61
501460,2025-08-01,10214,Bread,Grocery,2,43.51,At Risk,87.02
501496,2025-08-01,10218,Coffee Powder,Grocery,1,205.62,At Risk,205.62
501496,2025-08-01,10218,Sugar,Grocery,2,60.62,At Risk,121.24
501496,2025-08-01,10218,Milk,Grocery,1,38.42,At Risk,38.42
501496,2025-08-01,10218,Baby Diapers,Baby Care,1,542.85,At Risk,542.85
502359,2025-08-01,10347,Novel,Books,1,238.85,Champions,238.85
502359,2025-08-01,10347,Exam Guide,Books,1,388.04,Champions,388.04
500612,2025-08-02,10087,Dog Food,Pet Care,2,830.85,At Risk,1661.7
500612,2025-08-02,10087,Pet Shampoo,Pet Care,1,261.3,At Risk,261.3
500612,2025-08-02,10087,Sugar,Grocery,2,55.94,At Risk,111.88
501345,2025-08-02,10201,Tea Pack,Grocery,3,124.54,Champions,373.62
501345,2025-08-02,10201,Sugar,Grocery,1,54.29,Champions,54.29
501345,2025-08-02,10201,Milk,Grocery,1,35.36,Champions,35.36
501700,2025-08-02,10251,Coffee Powder,Grocery,1,195.0,Loyal,195.0
501700,2025-08-02,10251,Sugar,Grocery,1,50.72,Loyal,50.72
501700,2025-08-02,10251,Milk,Grocery,1,36.17,Loyal,36.17
501700,2025-08-02,10251,Novel,Books,2,237.92,Loyal,475.84
501981,2025-08-02,10297,Tea Pack,Grocery,1,120.32,Loyal,120.32
501981,2025-08-02,10297,Sugar,Grocery,2,57.54,Loyal,115.08
501981,2025-08-02,10297,Milk,Grocery,1,33.04,Loyal,33.04
500326,2025-08-03,10048,Yoga Mat,Fitness,1,584.71,New,584.71
500326,2025-08-03,10048,Protein Bar,Fitness,4,87.3,New,349.2
500326,2025-08-03,10048,Water Bottle,Lifestyle,1,236.87,New,236.87
500857,2025-08-03,10128,Bread,Grocery,1,47.57,Champions,47.57
500857,2025-08-03,10128,Butter,Grocery,1,101.98,Champions,101.98
500857,2025-08-03,10128,Jam,Grocery,1,114.79,Champions,114.79
501320,2025-08-03,10196,Yoga Mat,Fitness,2,704.55,At Risk,1409.1
501320,2025-08-03,10196,Protein Bar,Fitness,1,85.33,At Risk,85.33
501320,2025-08-03,10196,Water Bottle,Lifestyle,2,259.28,At Risk,518.56
501931,2025-08-03,10290,Dog Food,Pet Care,1,818.85,Champions,818.85
501931,2025-08-03,10290,Pet Shampoo,Pet Care,1,261.62,Champions,261.62
502068,2025-08-03,10311,Novel,Books,1,262.2,Champions,262.2
502068,2025-08-03,10311,Exam Guide,Books,3,386.35,Champions,1159.05
500086,2025-08-04,10011,Phone Case,Tech,3,332.54,High Value Rare,997.62
500086,2025-08-04,10011,Screen Guard,Tech,1,175.29,High Value Rare,175.29
500086,2025-08-04,10011,USB Cable,Tech,2,174.68,High Value Rare,349.36
500699,2025-08-04,10101,Notebook,Stationery,3,63.29,At Risk,189.87
500699,2025-08-04,10101,Pen Pack,Stationery,1,37.15,At Risk,37.15
500699,2025-08-04,10101,Highlighter,Stationery,1,78.78,At Risk,78.78
500762,2025-08-04,10110,Phone Case,Tech,3,326.15,Loyal,978.45
500762,2025-08-04,10110,Screen Guard,Tech,1,185.0,Loyal,185.0
500762,2025-08-04,10110,USB Cable,Tech,1,177.26,Loyal,177.26
500775,2025-08-04,10111,Lunch Box,Lifestyle,2,373.18,Champions,746.36
500775,2025-08-04,10111,Water Bottle,Lifestyle,1,254.68,Champions,254.68
501000,2025-08-04,10148,Baby Diapers,Baby Care,3,532.09,Champions,1596.27
501000,2025-08-04,10148,Baby Wipes,Baby Care,2,181.08,Champions,362.16
501000,2025-08-04,10148,Baby Lotion,Baby Care,3,246.37,Champions,739.11
501404,2025-08-04,10208,Phone Case,Tech,1,286.87,Champions,286.87
501404,2025-08-04,10208,Screen Guard,Tech,1,223.11,Champions,223.11
501404,2025-08-04,10208,USB Cable,Tech,3,172.55,Champions,517.65
501404,2025-08-04,10208,Yoga Mat,Fitness,1,676.64,Champions,676.64
501571,2025-08-04,10229,Bread,Grocery,2,42.13,At Risk,84.26
501571,2025-08-04,10229,Butter,Grocery,1,95.84,At Risk,95.84
501571,2025-08-04,10229,Jam,Grocery,1,100.56,At Risk,100.56
501571,2025-08-04,10229,Jam,Grocery,1,103.3,At Risk,103.3
501579,2025-08-04,10232,Notebook,Stationery,1,60.84,New,60.84
501579,2025-08-04,10232,Pen Pack,Stationery,2,41.27,New,82.54
501579,2025-08-04,10232,Highlighter,Stationery,2,81.17,New,162.34
502022,2025-08-04,10302,Bread,Grocery,2,40.63,New,81.26
502022,2025-08-04,10302,Butter,Grocery,1,91.68,New,91.68
502022,2025-08-04,10302,Jam,Grocery,1,114.79,New,114.79
500613,2025-08-05,10087,Notebook,Stationery,1,58.51,At Risk,58.51
500613,2025-08-05,10087,Pen Pack,Stationery,1,42.22,At Risk,42.22
500613,2025-08-05,10087,Highlighter,Stationery,1,82.87,At Risk,82.87
501486,2025-08-05,10217,Yoga Mat,Fitness,1,658.85,At Risk,658.85
501486,2025-08-05,10217,Protein Bar,Fitness,1,101.07,At Risk,101.07
501486,2025-08-05,10217,Water Bottle,Lifestyle,1,228.64,At Risk,228.64
501770,2025-08-05,10262,Tea Pack,Grocery,4,126.11,Champions,504.44
501770,2025-08-05,10262,Sugar,Grocery,2,58.71,Champions,117.42
501770,2025-08-05,10262,Milk,Grocery,2,33.6,Champions,67.2
501790,2025-08-05,10266,Novel,Books,1,253.43,At Risk,253.43
501790,2025-08-05,10266,Exam Guide,Books,1,413.91,At Risk,413.91
501790,2025-08-05,10266,Protein Bar,Fitness,1,90.82,At Risk,90.82
501818,2025-08-05,10269,Bread,Grocery,1,38.93,Loyal,38.93
501818,2025-08-05,10269,Butter,Grocery,1,95.27,Loyal,95.27
501818,2025-08-05,10269,Jam,Grocery,1,117.97,Loyal,117.97
501818,2025-08-05,10269,Dog Food,Pet Care,1,687.45,Loyal,687.45
502300,2025-08-05,10339,Lunch Box,Lifestyle,1,337.08,Champions,337.08
502300,2025-08-05,10339,Water Bottle,Lifestyle,1,250.85,Champions,250.85
500956,2025-08-06,10143,Baby Diapers,Baby Care,2,517.65,Loyal,1035.3
500956,2025-08-06,10143,Baby Wipes,Baby Care,1,179.89,Loyal,179.89
500956,2025-08-06,10143,Baby Lotion,Baby Care,1,241.53,Loyal,241.53
501262,2025-08-06,10187,Yoga Mat,Fitness,1,684.5,New,684.5
501262,2025-08-06,10187,Protein Bar,Fitness,1,88.83,New,88.83
501262,2025-08-06,10187,Water Bottle,Lifestyle,2,253.3,New,506.6
501262,2025-08-06,10187,Dog Food,Pet Care,1,778.98,New,778.98
501505,2025-08-06,10220,Yoga Mat,Fitness,2,601.0,At Risk,1202.0
501505,2025-08-06,10220,Protein Bar,Fitness,1,88.22,At Risk,88.22
501505,2025-08-06,10220,Water Bottle,Lifestyle,2,256.29,At Risk,512.58
501532,2025-08-06,10223,Notebook,Stationery,1,62.55,Loyal,62.55
501532,2025-08-06,10223,Pen Pack,Stationery,3,37.52,Loyal,112.56
501532,2025-08-06,10223,Highlighter,Stationery,2,75.26,Loyal,150.52
501532,2025-08-06,10223,Butter,Grocery,1,92.12,Loyal,92.12
502001,2025-08-06,10299,Yoga Mat,Fitness,1,696.35,Champions,696.35
502001,2025-08-06,10299,Protein Bar,Fitness,1,97.99,Champions,97.99
502001,2025-08-06,10299,Water Bottle,Lifestyle,1,266.81,Champions,266.81
500228,2025-08-07,10033,Coffee Powder,Grocery,1,170.93,High Value Rare,170.93
500228,2025-08-07,10033,Sugar,Grocery,1,54.47,High Value Rare,54.47
500228,2025-08-07,10033,Milk,Grocery,2,36.11,High Value Rare,72.22
500228,2025-08-07,10033,Notebook,Stationery,2,62.13,High Value Rare,124.26
500458,2025-08-07,10068,Bread,Grocery,2,41.92,Champions,83.84
500458,2025-08-07,10068,Butter,Grocery,2,97.18,Champions,194.36
500458,2025-08-07,10068,Jam,Grocery,1,104.62,Champions,104.62
500458,2025-08-07,10068,Dumbbell Pair,Fitness,1,1153.79,Champions,1153.79
501142,2025-08-07,10168,Yoga Mat,Fitness,1,583.14,Champions,583.14
501142,2025-08-07,10168,Protein Bar,Fitness,2,88.93,Champions,177.86
501142,2025-08-07,10168,Water Bottle,Lifestyle,1,225.54,Champions,225.54
501332,2025-08-07,10200,Bread,Grocery,2,41.12,At Risk,82.24
501332,2025-08-07,10200,Butter,Grocery,2,98.21,At Risk,196.42
501332,2025-08-07,10200,Jam,Grocery,1,109.89,At Risk,109.89
501332,2025-08-07,10200,Protein Bar,Fitness,1,96.15,At Risk,96.15
501448,2025-08-07,10213,Tea Pack,Grocery,2,110.28,Loyal,220.56
501448,2025-08-07,10213,Sugar,Grocery,1,57.28,Loyal,57.28
501448,2025-08-07,10213,Milk,Grocery,1,37.68,Loyal,37.68
501541,2025-08-07,10224,Bread,Grocery,2,49.48,Loyal,98.96
501541,2025-08-07,10224,Butter,Grocery,1,97.1,Loyal,97.1
501541,2025-08-07,10224,Jam,Grocery,1,114.11,Loyal,114.11
501802,2025-08-07,10267,Novel,Books,2,256.46,At Risk,512.92
501802,2025-08-07,10267,Exam Guide,Books,2,395.5,At Risk,791.0
501885,2025-08-07,10283,Novel,Books,2,257.09,Champions,514.18
501885,2025-08-07,10283,Exam Guide,Books,1,448.73,Champions,448.73
500188,2025-08-08,10029,Baby Diapers,Baby Care,1,481.04,Champions,481.04
500188,2025-08-08,10029,Baby Wipes,Baby Care,1,194.22,Champions,194.22
500188,2025-08-08,10029,Baby Lotion,Baby Care,2,236.74,Champions,473.48
500909,2025-08-08,10136,Yoga Mat,Fitness,2,665.64,New,1331.28
500909,2025-08-08,10136,Protein Bar,Fitness,1,76.09,New,76.09
500909,2025-08-08,10136,Water Bottle,Lifestyle,1,241.29,New,241.29
501029,2025-08-08,10152,Lunch Box,Lifestyle,1,356.94,Champions,356.94
501029,2025-08-08,10152,Water Bottle,Lifestyle,3,265.21,Champions,795.63
501165,2025-08-08,10171,Novel,Books,1,305.92,Champions,305.92
501165,2025-08-08,10171,Exam Guide,Books,2,439.46,Champions,878.92
501865,2025-08-08,10281,Coffee Powder,Grocery,1,188.59,Loyal,188.59
501865,2025-08-08,10281,Sugar,Grocery,1,55.31,Loyal,55.31
501865,2025-08-08,10281,Milk,Grocery,2,35.9,Loyal,71.8
501865,2025-08-08,10281,Baby Lotion,Baby Care,1,232.04,Loyal,232.04
500559,2025-08-09,10081,Baby Diapers,Baby Care,1,515.45,At Risk,515.45
500559,2025-08-09,10081,Baby Wipes,Baby Care,2,186.78,At Risk,373.56
500559,2025-08-09,10081,Baby Lotion,Baby Care,4,243.72,At Risk,974.88
500570,2025-08-09,10082,Baby Diapers,Baby Care,1,572.34,Loyal,572.34
500570,2025-08-09,10082,Baby Wipes,Baby Care,1,168.32,Loyal,168.32
500570,2025-08-09,10082,Baby Lotion,Baby Care,1,251.86,Loyal,251.86
501449,2025-08-09,10213,Coffee Powder,Grocery,1,183.42,Loyal,183.42
501449,2025-08-09,10213,Sugar,Grocery,2,61.12,Loyal,122.24
501449,2025-08-09,10213,Milk,Grocery,3,33.98,Loyal,101.94
501449,2025-08-09,10213,Baby Diapers,Baby Care,1,553.36,Loyal,553.36
501506,2025-08-09,10220,Notebook,Stationery,1,61.96,At Risk,61.96
501506,2025-08-09,10220,Pen Pack,Stationery,1,43.32,At Risk,43.32
501506,2025-08-09,10220,Highlighter,Stationery,1,70.75,At Risk,70.75
501506,2025-08-09,10220,Lunch Box,Lifestyle,2,342.45,At Risk,684.9
500114,2025-08-10,10016,Coffee Powder,Grocery,1,172.81,Loyal,172.81
500114,2025-08-10,10016,Sugar,Grocery,1,58.27,Loyal,58.27
500114,2025-08-10,10016,Milk,Grocery,1,35.89,Loyal,35.89
500944,2025-08-10,10141,Coffee Powder,Grocery,1,187.74,Loyal,187.74
500944,2025-08-10,10141,Sugar,Grocery,1,51.57,Loyal,51.57
500944,2025-08-10,10141,Milk,Grocery,1,35.14,Loyal,35.14
501572,2025-08-10,10229,Bread,Grocery,3,41.97,At Risk,125.91
501572,2025-08-10,10229,Butter,Grocery,2,86.56,At Risk,173.12
501572,2025-08-10,10229,Jam,Grocery,1,95.89,At Risk,95.89
501572,2025-08-10,10229,Dumbbell Pair,Fitness,2,1102.17,At Risk,2204.34
501617,2025-08-10,10237,Tea Pack,Grocery,1,118.47,Champions,118.47
501617,2025-08-10,10237,Sugar,Grocery,1,56.08,Champions,56.08
501617,2025-08-10,10237,Milk,Grocery,1,34.18,Champions,34.18
500039,2025-08-11,10005,Novel,Books,1,233.85,Champions,233.85
500039,2025-08-11,10005,Exam Guide,Books,1,375.18,Champions,375.18
500039,2025-08-11,10005,Bluetooth Earbuds,Tech,2,1487.67,Champions,2975.34
500143,2025-08-11,10021,Baby Diapers,Baby Care,1,505.94,Champions,505.94
500143,2025-08-11,10021,Baby Wipes,Baby Care,2,168.23,Champions,336.46
500143,2025-08-11,10021,Baby Lotion,Baby Care,1,234.39,Champions,234.39
500143,2025-08-11,10021,Water Bottle,Lifestyle,1,222.27,Champions,222.27
500343,2025-08-11,10052,Phone Case,Tech,1,324.73,High Value Rare,324.73
500343,2025-08-11,10052,Screen Guard,Tech,1,188.41,High Value Rare,188.41
500343,2025-08-11,10052,USB Cable,Tech,1,195.17,High Value Rare,195.17
500597,2025-08-11,10085,Yoga Mat,Fitness,1,679.91,Loyal,679.91
500597,2025-08-11,10085,Protein Bar,Fitness,3,96.94,Loyal,290.82
500597,2025-08-11,10085,Water Bottle,Lifestyle,1,245.73,Loyal,245.73
501143,2025-08-11,10168,Coffee Powder,Grocery,4,181.52,Champions,726.08
501143,2025-08-11,10168,Sugar,Grocery,1,56.74,Champions,56.74
501143,2025-08-11,10168,Milk,Grocery,1,33.64,Champions,33.64
501232,2025-08-11,10180,Novel,Books,1,243.96,Loyal,243.96
501232,2025-08-11,10180,Exam Guide,Books,2,398.57,Loyal,797.14
501232,2025-08-11,10180,USB Cable,Tech,2,176.66,Loyal,353.32
501533,2025-08-11,10223,Phone Case,Tech,1,308.67,Loyal,308.67
501533,2025-08-11,10223,Screen Guard,Tech,1,208.19,Loyal,208.19
501533,2025-08-11,10223,USB Cable,Tech,1,186.71,Loyal,186.71
501634,2025-08-11,10239,Dog Food,Pet Care,2,821.58,Champions,1643.16
501634,2025-08-11,10239,Pet Shampoo,Pet Care,2,243.57,Champions,487.14
501715,2025-08-11,10254,Tea Pack,Grocery,1,128.27,Champions,128.27
501715,2025-08-11,10254,Sugar,Grocery,1,54.76,Champions,54.76
501715,2025-08-11,10254,Milk,Grocery,2,36.24,Champions,72.48
502085,2025-08-11,10312,Phone Case,Tech,1,301.9,Champions,301.9
502085,2025-08-11,10312,Screen Guard,Tech,2,181.96,Champions,363.92
502085,2025-08-11,10312,USB Cable,Tech,1,196.87,Champions,196.87
502085,2025-08-11,10312,Baby Diapers,Baby Care,2,563.09,Champions,1126.18
502207,2025-08-11,10329,Tea Pack,Grocery,2,117.81,Loyal,235.62
502207,2025-08-11,10329,Sugar,Grocery,1,52.86,Loyal,52.86
502207,2025-08-11,10329,Milk,Grocery,1,37.39,Loyal,37.39
500316,2025-08-12,10045,Lunch Box,Lifestyle,1,354.82,At Risk,354.82
500316,2025-08-12,10045,Water Bottle,Lifestyle,1,234.03,At Risk,234.03
500316,2025-08-12,10045,Phone Case,Tech,2,305.85,At Risk,611.7
500321,2025-08-12,10046,Lunch Box,Lifestyle,1,360.53,Loyal,360.53
500321,2025-08-12,10046,Water Bottle,Lifestyle,4,234.62,Loyal,938.48
501030,2025-08-12,10152,Yoga Mat,Fitness,1,670.52,Champions,670.52
501030,2025-08-12,10152,Protein Bar,Fitness,2,88.82,Champions,177.64
501030,2025-08-12,10152,Water Bottle,Lifestyle,1,217.2,Champions,217.2
501030,2025-08-12,10152,Jam,Grocery,1,125.49,Champions,125.49
501193,2025-08-12,10175,Dog Food,Pet Care,1,707.08,Champions,707.08
501193,2025-08-12,10175,Pet Shampoo,Pet Care,2,270.75,Champions,541.5
501193,2025-08-12,10175,Highlighter,Stationery,1,73.81,Champions,73.81
501487,2025-08-12,10217,Yoga Mat,Fitness,2,715.41,At Risk,1430.82
501487,2025-08-12,10217,Protein Bar,Fitness,1,85.88,At Risk,85.88
501487,2025-08-12,10217,Water Bottle,Lifestyle,1,243.16,At Risk,243.16
501611,2025-08-12,10236,Bread,Grocery,1,44.93,Loyal,44.93
501611,2025-08-12,10236,Butter,Grocery,2,93.39,Loyal,186.78
501611,2025-08-12,10236,Jam,Grocery,1,102.39,Loyal,102.39
501626,2025-08-12,10238,Lunch Box,Lifestyle,1,345.59,At Risk,345.59
501626,2025-08-12,10238,Water Bottle,Lifestyle,2,224.04,At Risk,448.08
501626,2025-08-12,10238,Milk,Grocery,1,34.16,At Risk,34.16
501701,2025-08-12,10251,Bread,Grocery,1,45.67,Loyal,45.67
501701,2025-08-12,10251,Butter,Grocery,4,94.44,Loyal,377.76
501701,2025-08-12,10251,Jam,Grocery,1,115.32,Loyal,115.32
501701,2025-08-12,10251,Bread,Grocery,1,47.25,Loyal,47.25
501771,2025-08-12,10262,Tea Pack,Grocery,1,115.35,Champions,115.35
501771,2025-08-12,10262,Sugar,Grocery,1,53.71,Champions,53.71
501771,2025-08-12,10262,Milk,Grocery,1,36.46,Champions,36.46
501771,2025-08-12,10262,Baby Lotion,Baby Care,1,223.07,Champions,223.07
502002,2025-08-12,10299,Yoga Mat,Fitness,1,509.3,Champions,509.3
502002,2025-08-12,10299,Protein Bar,Fitness,1,95.91,Champions,95.91
502002,2025-08-12,10299,Water Bottle,Lifestyle,1,260.72,Champions,260.72
500071,2025-08-13,10008,Lunch Box,Lifestyle,1,351.66,At Risk,351.66
500071,2025-08-13,10008,Water Bottle,Lifestyle,1,266.19,At Risk,266.19
500092,2025-08-13,10013,Dog Food,Pet Care,1,796.37,Loyal,796.37
500092,2025-08-13,10013,Pet Shampoo,Pet Care,1,244.34,Loyal,244.34
500154,2025-08-13,10022,Coffee Powder,Grocery,1,194.43,Loyal,194.43
500154,2025-08-13,10022,Sugar,Grocery,1,56.25,Loyal,56.25
500154,2025-08-13,10022,Milk,Grocery,2,34.07,Loyal,68.14
500255,2025-08-13,10037,Notebook,Stationery,2,65.73,Champions,131.46
500255,2025-08-13,10037,Pen Pack,Stationery,1,43.52,Champions,43.52
500255,2025-08-13,10037,Highlighter,Stationery,1,72.07,Champions,72.07
500255,2025-08-13,10037,USB Cable,Tech,1,176.47,Champions,176.47
500362,2025-08-13,10056,Yoga Mat,Fitness,1,646.24,Champions,646.24
500362,2025-08-13,10056,Protein Bar,Fitness,1,96.68,Champions,96.68
500362,2025-08-13,10056,Water Bottle,Lifestyle,1,246.13,Champions,246.13
500858,2025-08-13,10128,Baby Diapers,Baby Care,3,590.14,Champions,1770.42
500858,2025-08-13,10128,Baby Wipes,Baby Care,2,166.42,Champions,332.84
500858,2025-08-13,10128,Baby Lotion,Baby Care,2,227.03,Champions,454.06
501573,2025-08-13,10229,Bread,Grocery,1,45.4,At Risk,45.4
501573,2025-08-13,10229,Butter,Grocery,1,96.24,At Risk,96.24
501573,2025-08-13,10229,Jam,Grocery,1,107.83,At Risk,107.83
500296,2025-08-14,10042,Phone Case,Tech,2,298.65,Champions,597.3
500296,2025-08-14,10042,Screen Guard,Tech,1,200.21,Champions,200.21
500296,2025-08-14,10042,USB Cable,Tech,1,192.61,Champions,192.61
500518,2025-08-14,10077,Phone Case,Tech,1,258.04,Champions,258.04
500518,2025-08-14,10077,Screen Guard,Tech,2,214.16,Champions,428.32
500518,2025-08-14,10077,USB Cable,Tech,1,181.8,Champions,181.8
500571,2025-08-14,10082,Yoga Mat,Fitness,2,650.67,Loyal,1301.34
500571,2025-08-14,10082,Protein Bar,Fitness,3,97.2,Loyal,291.6
500571,2025-08-14,10082,Water Bottle,Lifestyle,1,267.12,Loyal,267.12
500901,2025-08-14,10134,Baby Diapers,Baby Care,3,542.19,High Value Rare,1626.57
500901,2025-08-14,10134,Baby Wipes,Baby Care,1,194.24,High Value Rare,194.24
500901,2025-08-14,10134,Baby Lotion,Baby Care,2,244.94,High Value Rare,489.88
500901,2025-08-14,10134,Baby Wipes,Baby Care,1,188.07,High Value Rare,188.07
501166,2025-08-14,10171,Notebook,Stationery,2,60.38,Champions,120.76
501166,2025-08-14,10171,Pen Pack,Stationery,1,41.62,Champions,41.62
501166,2025-08-14,10171,Highlighter,Stationery,1,79.3,Champions,79.3
501166,2025-08-14,10171,Pet Shampoo,Pet Care,1,259.55,Champions,259.55
501241,2025-08-14,10181,Dog Food,Pet Care,1,904.93,Champions,904.93
501241,2025-08-14,10181,Pet Shampoo,Pet Care,1,242.55,Champions,242.55
501396,2025-08-14,10207,Dog Food,Pet Care,2,769.13,At Risk,1538.26
501396,2025-08-14,10207,Pet Shampoo,Pet Care,1,256.24,At Risk,256.24
501635,2025-08-14,10239,Lunch Box,Lifestyle,1,342.11,Champions,342.11
501635,2025-08-14,10239,Water Bottle,Lifestyle,2,257.39,Champions,514.78
501762,2025-08-14,10261,Lunch Box,Lifestyle,2,347.33,High Value Rare,694.66
501762,2025-08-14,10261,Water Bottle,Lifestyle,2,252.86,High Value Rare,505.72
501762,2025-08-14,10261,Dumbbell Pair,Fitness,1,1248.49,High Value Rare,1248.49
501854,2025-08-14,10278,Tea Pack,Grocery,1,126.02,At Risk,126.02
501854,2025-08-14,10278,Sugar,Grocery,1,48.13,At Risk,48.13
501854,2025-08-14,10278,Milk,Grocery,2,31.18,At Risk,62.36
501854,2025-08-14,10278,Dog Food,Pet Care,2,747.85,At Risk,1495.7
501953,2025-08-14,10293,Notebook,Stationery,1,58.29,Loyal,58.29
501953,2025-08-14,10293,Pen Pack,Stationery,2,37.16,Loyal,74.32
501953,2025-08-14,10293,Highlighter,Stationery,1,73.69,Loyal,73.69
502301,2025-08-14,10339,Bread,Grocery,2,43.65,Champions,87.3
502301,2025-08-14,10339,Butter,Grocery,1,94.93,Champions,94.93
502301,2025-08-14,10339,Jam,Grocery,1,98.0,Champions,98.0
500239,2025-08-15,10036,Yoga Mat,Fitness,3,678.46,Loyal,2035.38
500239,2025-08-15,10036,Protein Bar,Fitness,1,83.05,Loyal,83.05
500239,2025-08-15,10036,Water Bottle,Lifestyle,1,255.19,Loyal,255.19
500928,2025-08-15,10138,Notebook,Stationery,1,57.34,Loyal,57.34
500928,2025-08-15,10138,Pen Pack,Stationery,1,40.79,Loyal,40.79
500928,2025-08-15,10138,Highlighter,Stationery,4,70.56,Loyal,282.24
501001,2025-08-15,10148,Tea Pack,Grocery,1,116.36,Champions,116.36
501001,2025-08-15,10148,Sugar,Grocery,1,56.74,Champions,56.74
501001,2025-08-15,10148,Milk,Grocery,1,34.48,Champions,34.48
501413,2025-08-15,10209,Bread,Grocery,1,46.46,Champions,46.46
501413,2025-08-15,10209,Butter,Grocery,1,95.25,Champions,95.25
501413,2025-08-15,10209,Jam,Grocery,2,108.83,Champions,217.66
501413,2025-08-15,10209,Bluetooth Earbuds,Tech,1,1286.45,Champions,1286.45
502003,2025-08-15,10299,Novel,Books,2,252.76,Champions,505.52
502003,2025-08-15,10299,Exam Guide,Books,2,415.51,Champions,831.02
502102,2025-08-15,10315,Bread,Grocery,1,47.48,At Risk,47.48
502102,2025-08-15,10315,Butter,Grocery,1,92.99,At Risk,92.99
502102,2025-08-15,10315,Jam,Grocery,2,121.74,At Risk,243.48
500487,2025-08-16,10072,Tea Pack,Grocery,2,115.68,Champions,231.36
500487,2025-08-16,10072,Sugar,Grocery,1,53.38,Champions,53.38
500487,2025-08-16,10072,Milk,Grocery,1,35.52,Champions,35.52
500581,2025-08-16,10083,Baby Diapers,Baby Care,1,541.77,Champions,541.77
500581,2025-08-16,10083,Baby Wipes,Baby Care,1,180.15,Champions,180.15
500581,2025-08-16,10083,Baby Lotion,Baby Care,1,248.05,Champions,248.05
500581,2025-08-16,10083,Coffee Powder,Grocery,1,176.98,Champions,176.98
500626,2025-08-16,10090,Notebook,Stationery,1,63.52,Champions,63.52
500626,2025-08-16,10090,Pen Pack,Stationery,4,42.79,Champions,171.16
500626,2025-08-16,10090,Highlighter,Stationery,1,72.11,Champions,72.11
500626,2025-08-16,10090,Water Bottle,Lifestyle,1,262.49,Champions,262.49
500804,2025-08-16,10117,Notebook,Stationery,1,58.8,Loyal,58.8
500804,2025-08-16,10117,Pen Pack,Stationery,3,41.19,Loyal,123.57
500804,2025-08-16,10117,Highlighter,Stationery,2,65.98,Loyal,131.96
500804,2025-08-16,10117,Exam Guide,Books,1,468.97,Loyal,468.97
502162,2025-08-16,10322,Yoga Mat,Fitness,1,643.9,At Risk,643.9
502162,2025-08-16,10322,Protein Bar,Fitness,2,97.87,At Risk,195.74
502162,2025-08-16,10322,Water Bottle,Lifestyle,1,245.27,At Risk,245.27
500115,2025-08-17,10016,Coffee Powder,Grocery,1,204.92,Loyal,204.92
500115,2025-08-17,10016,Sugar,Grocery,2,54.41,Loyal,108.82
500115,2025-08-17,10016,Milk,Grocery,1,33.73,Loyal,33.73
501507,2025-08-17,10220,Bread,Grocery,1,47.08,At Risk,47.08
501507,2025-08-17,10220,Butter,Grocery,2,93.39,At Risk,186.78
501507,2025-08-17,10220,Jam,Grocery,2,105.99,At Risk,211.98
501709,2025-08-17,10253,Tea Pack,Grocery,3,112.49,Loyal,337.47
501709,2025-08-17,10253,Sugar,Grocery,2,52.06,Loyal,104.12
501709,2025-08-17,10253,Milk,Grocery,2,36.71,Loyal,73.42
501709,2025-08-17,10253,Dog Food,Pet Care,1,780.94,Loyal,780.94
501716,2025-08-17,10254,Notebook,Stationery,1,56.05,Champions,56.05
501716,2025-08-17,10254,Pen Pack,Stationery,1,42.28,Champions,42.28
501716,2025-08-17,10254,Highlighter,Stationery,1,67.98,Champions,67.98
501716,2025-08-17,10254,Protein Bar,Fitness,1,93.73,Champions,93.73
500406,2025-08-18,10060,Notebook,Stationery,1,61.73,Loyal,61.73
500406,2025-08-18,10060,Pen Pack,Stationery,2,42.0,Loyal,84.0
500406,2025-08-18,10060,Highlighter,Stationery,2,77.64,Loyal,155.28
501062,2025-08-18,10158,Bread,Grocery,1,44.97,Loyal,44.97
501062,2025-08-18,10158,Butter,Grocery,1,98.51,Loyal,98.51
501062,2025-08-18,10158,Jam,Grocery,1,107.45,Loyal,107.45
501519,2025-08-18,10222,Baby Diapers,Baby Care,1,531.13,Champions,531.13
501519,2025-08-18,10222,Baby Wipes,Baby Care,1,195.65,Champions,195.65
501519,2025-08-18,10222,Baby Lotion,Baby Care,2,236.04,Champions,472.08
501519,2025-08-18,10222,Pen Pack,Stationery,2,35.71,Champions,71.42
501743,2025-08-18,10259,Novel,Books,2,255.85,Champions,511.7
501743,2025-08-18,10259,Exam Guide,Books,1,456.65,Champions,456.65
501743,2025-08-18,10259,Baby Lotion,Baby Care,2,246.78,Champions,493.56
501811,2025-08-18,10268,Novel,Books,1,222.0,Loyal,222.0
501811,2025-08-18,10268,Exam Guide,Books,1,409.82,Loyal,409.82
502069,2025-08-18,10311,Notebook,Stationery,1,61.3,Champions,61.3
502069,2025-08-18,10311,Pen Pack,Stationery,1,40.62,Champions,40.62
502069,2025-08-18,10311,Highlighter,Stationery,1,74.63,Champions,74.63
502138,2025-08-18,10319,Tea Pack,Grocery,1,135.37,Loyal,135.37
502138,2025-08-18,10319,Sugar,Grocery,1,56.64,Loyal,56.64
502138,2025-08-18,10319,Milk,Grocery,2,35.18,Loyal,70.36
502138,2025-08-18,10319,Butter,Grocery,1,100.48,Loyal,100.48
502191,2025-08-18,10327,Coffee Powder,Grocery,1,167.17,At Risk,167.17
502191,2025-08-18,10327,Sugar,Grocery,2,55.27,At Risk,110.54
502191,2025-08-18,10327,Milk,Grocery,2,33.54,At Risk,67.08
502345,2025-08-18,10346,Tea Pack,Grocery,3,123.55,At Risk,370.65
502345,2025-08-18,10346,Sugar,Grocery,1,52.16,At Risk,52.16
502345,2025-08-18,10346,Milk,Grocery,1,32.23,At Risk,32.23
500636,2025-08-19,10091,Novel,Books,1,238.78,At Risk,238.78
500636,2025-08-19,10091,Exam Guide,Books,1,409.41,At Risk,409.41
500229,2025-08-20,10033,Yoga Mat,Fitness,1,705.34,High Value Rare,705.34
500229,2025-08-20,10033,Protein Bar,Fitness,1,94.7,High Value Rare,94.7
500229,2025-08-20,10033,Water Bottle,Lifestyle,4,281.28,High Value Rare,1125.12
500443,2025-08-20,10066,Yoga Mat,Fitness,1,644.79,Champions,644.79
500443,2025-08-20,10066,Protein Bar,Fitness,1,81.86,Champions,81.86
500443,2025-08-20,10066,Water Bottle,Lifestyle,1,264.88,Champions,264.88
500459,2025-08-20,10068,Bread,Grocery,2,47.68,Champions,95.36
500459,2025-08-20,10068,Butter,Grocery,1,98.75,Champions,98.75
500459,2025-08-20,10068,Jam,Grocery,1,105.15,Champions,105.15
501002,2025-08-20,10148,Bread,Grocery,4,44.74,Champions,178.96
501002,2025-08-20,10148,Butter,Grocery,1,86.76,Champions,86.76
501002,2025-08-20,10148,Jam,Grocery,1,105.8,Champions,105.8
501014,2025-08-20,10149,Phone Case,Tech,2,313.74,Loyal,627.48
501014,2025-08-20,10149,Screen Guard,Tech,1,185.64,Loyal,185.64
501014,2025-08-20,10149,USB Cable,Tech,2,173.34,Loyal,346.68
501508,2025-08-20,10220,Baby Diapers,Baby Care,3,531.02,At Risk,1593.06
501508,2025-08-20,10220,Baby Wipes,Baby Care,2,185.36,At Risk,370.72
501508,2025-08-20,10220,Baby Lotion,Baby Care,1,230.01,At Risk,230.01
501550,2025-08-20,10225,Baby Diapers,Baby Care,1,561.63,Loyal,561.63
501550,2025-08-20,10225,Baby Wipes,Baby Care,1,181.64,Loyal,181.64
501550,2025-08-20,10225,Baby Lotion,Baby Care,1,223.87,Loyal,223.87
502346,2025-08-20,10346,Bread,Grocery,1,48.54,At Risk,48.54
502346,2025-08-20,10346,Butter,Grocery,1,90.11,At Risk,90.11
502346,2025-08-20,10346,Jam,Grocery,1,132.75,At Risk,132.75
500125,2025-08-21,10019,Coffee Powder,Grocery,1,176.79,Loyal,176.79
500125,2025-08-21,10019,Sugar,Grocery,1,54.19,Loyal,54.19
500125,2025-08-21,10019,Milk,Grocery,2,31.76,Loyal,63.52
500125,2025-08-21,10019,Baby Diapers,Baby Care,1,544.7,Loyal,544.7
500155,2025-08-21,10022,Novel,Books,1,247.59,Loyal,247.59
500155,2025-08-21,10022,Exam Guide,Books,1,423.34,Loyal,423.34
500407,2025-08-21,10060,Yoga Mat,Fitness,1,700.64,Loyal,700.64
500407,2025-08-21,10060,Protein Bar,Fitness,1,84.13,Loyal,84.13
500407,2025-08-21,10060,Water Bottle,Lifestyle,1,217.58,Loyal,217.58
501469,2025-08-21,10215,Baby Diapers,Baby Care,2,577.71,Loyal,1155.42
501469,2025-08-21,10215,Baby Wipes,Baby Care,1,200.08,Loyal,200.08
501469,2025-08-21,10215,Baby Lotion,Baby Care,1,238.25,Loyal,238.25
501469,2025-08-21,10215,Pet Shampoo,Pet Care,1,261.16,Loyal,261.16
502105,2025-08-21,10316,Coffee Powder,Grocery,1,178.14,Loyal,178.14
502105,2025-08-21,10316,Sugar,Grocery,1,55.81,Loyal,55.81
502105,2025-08-21,10316,Milk,Grocery,3,31.42,Loyal,94.26
500176,2025-08-22,10027,Dog Food,Pet Care,1,786.84,New,786.84
500176,2025-08-22,10027,Pet Shampoo,Pet Care,1,277.62,New,277.62
501477,2025-08-22,10216,Phone Case,Tech,1,329.25,Loyal,329.25
501477,2025-08-22,10216,Screen Guard,Tech,2,198.88,Loyal,397.76
501477,2025-08-22,10216,USB Cable,Tech,2,160.42,Loyal,320.84
501477,2025-08-22,10216,Water Bottle,Lifestyle,1,248.31,Loyal,248.31
501943,2025-08-22,10291,Dog Food,Pet Care,1,718.88,Champions,718.88
501943,2025-08-22,10291,Pet Shampoo,Pet Care,2,228.97,Champions,457.94
500072,2025-08-23,10008,Phone Case,Tech,1,289.52,At Risk,289.52
500072,2025-08-23,10008,Screen Guard,Tech,2,211.11,At Risk,422.22
500072,2025-08-23,10008,USB Cable,Tech,1,178.66,At Risk,178.66
500627,2025-08-23,10090,Coffee Powder,Grocery,2,188.06,Champions,376.12
500627,2025-08-23,10090,Sugar,Grocery,1,59.05,Champions,59.05
500627,2025-08-23,10090,Milk,Grocery,1,34.42,Champions,34.42
501233,2025-08-23,10180,Tea Pack,Grocery,1,127.63,Loyal,127.63
501233,2025-08-23,10180,Sugar,Grocery,1,50.68,Loyal,50.68
501233,2025-08-23,10180,Milk,Grocery,1,35.83,Loyal,35.83
501233,2025-08-23,10180,Dog Food,Pet Care,1,766.33,Loyal,766.33
501450,2025-08-23,10213,Phone Case,Tech,1,296.76,Loyal,296.76
501450,2025-08-23,10213,Screen Guard,Tech,1,174.01,Loyal,174.01
501450,2025-08-23,10213,USB Cable,Tech,1,162.94,Loyal,162.94
501450,2025-08-23,10213,Phone Case,Tech,1,286.0,Loyal,286.0
501670,2025-08-23,10244,Coffee Powder,Grocery,2,185.26,Champions,370.52
501670,2025-08-23,10244,Sugar,Grocery,1,55.95,Champions,55.95
501670,2025-08-23,10244,Milk,Grocery,1,33.71,Champions,33.71
502115,2025-08-23,10317,Yoga Mat,Fitness,1,697.87,Champions,697.87
502115,2025-08-23,10317,Protein Bar,Fitness,1,85.18,Champions,85.18
502115,2025-08-23,10317,Water Bottle,Lifestyle,2,252.3,Champions,504.6
500637,2025-08-24,10091,Baby Diapers,Baby Care,1,500.41,At Risk,500.41
500637,2025-08-24,10091,Baby Wipes,Baby Care,2,177.84,At Risk,355.68
500637,2025-08-24,10091,Baby Lotion,Baby Care,1,222.02,At Risk,222.02
500637,2025-08-24,10091,Baby Lotion,Baby Care,1,242.98,At Risk,242.98
501592,2025-08-24,10234,Baby Diapers,Baby Care,1,566.7,Loyal,566.7
501592,2025-08-24,10234,Baby Wipes,Baby Care,1,184.46,Loyal,184.46
501592,2025-08-24,10234,Baby Lotion,Baby Care,3,220.1,Loyal,660.3
502152,2025-08-24,10321,Novel,Books,1,247.44,At Risk,247.44
502152,2025-08-24,10321,Exam Guide,Books,1,374.17,At Risk,374.17
500323,2025-08-25,10047,Lunch Box,Lifestyle,1,329.02,New,329.02
500323,2025-08-25,10047,Water Bottle,Lifestyle,1,231.66,New,231.66
500628,2025-08-25,10090,Tea Pack,Grocery,2,122.88,Champions,245.76
500628,2025-08-25,10090,Sugar,Grocery,1,56.03,Champions,56.03
500628,2025-08-25,10090,Milk,Grocery,1,34.05,Champions,34.05
500628,2025-08-25,10090,Dog Food,Pet Care,1,813.03,Champions,813.03
500638,2025-08-25,10091,Lunch Box,Lifestyle,2,335.73,At Risk,671.46
500638,2025-08-25,10091,Water Bottle,Lifestyle,1,254.36,At Risk,254.36
501372,2025-08-25,10205,Tea Pack,Grocery,1,111.27,Champions,111.27
501372,2025-08-25,10205,Sugar,Grocery,1,55.36,Champions,55.36
501372,2025-08-25,10205,Milk,Grocery,1,32.9,Champions,32.9
502274,2025-08-25,10335,Yoga Mat,Fitness,1,691.83,Champions,691.83
502274,2025-08-25,10335,Protein Bar,Fitness,1,84.97,Champions,84.97
502274,2025-08-25,10335,Water Bottle,Lifestyle,1,266.9,Champions,266.9
500082,2025-08-26,10010,Dog Food,Pet Care,1,739.62,Champions,739.62
500082,2025-08-26,10010,Pet Shampoo,Pet Care,2,276.54,Champions,553.08
500082,2025-08-26,10010,Notebook,Stationery,1,62.22,Champions,62.22
500875,2025-08-26,10131,Dog Food,Pet Care,1,771.08,Loyal,771.08
500875,2025-08-26,10131,Pet Shampoo,Pet Care,1,248.52,Loyal,248.52
501414,2025-08-26,10209,Yoga Mat,Fitness,3,617.46,Champions,1852.38
501414,2025-08-26,10209,Protein Bar,Fitness,1,90.23,Champions,90.23
501414,2025-08-26,10209,Water Bottle,Lifestyle,1,251.32,Champions,251.32
502070,2025-08-26,10311,Dog Food,Pet Care,1,805.52,Champions,805.52
502070,2025-08-26,10311,Pet Shampoo,Pet Care,2,281.64,Champions,563.28
500282,2025-08-27,10040,Novel,Books,2,257.52,Champions,515.04
500282,2025-08-27,10040,Exam Guide,Books,1,417.48,Champions,417.48
500444,2025-08-27,10066,Notebook,Stationery,1,59.37,Champions,59.37
500444,2025-08-27,10066,Pen Pack,Stationery,1,37.01,Champions,37.01
500444,2025-08-27,10066,Highlighter,Stationery,1,75.19,Champions,75.19
500821,2025-08-27,10122,Notebook,Stationery,1,61.45,Loyal,61.45
500821,2025-08-27,10122,Pen Pack,Stationery,1,40.95,Loyal,40.95
500821,2025-08-27,10122,Highlighter,Stationery,2,75.2,Loyal,150.4
501415,2025-08-27,10209,Yoga Mat,Fitness,1,672.62,Champions,672.62
501415,2025-08-27,10209,Protein Bar,Fitness,1,90.58,Champions,90.58
501415,2025-08-27,10209,Water Bottle,Lifestyle,3,265.68,Champions,797.04
501812,2025-08-27,10268,Phone Case,Tech,1,268.53,Loyal,268.53
501812,2025-08-27,10268,Screen Guard,Tech,1,199.44,Loyal,199.44
501812,2025-08-27,10268,USB Cable,Tech,1,178.05,Loyal,178.05
502216,2025-08-27,10330,Notebook,Stationery,2,63.08,Loyal,126.16
502216,2025-08-27,10330,Pen Pack,Stationery,2,38.23,Loyal,76.46
502216,2025-08-27,10330,Highlighter,Stationery,1,73.23,Loyal,73.23
500040,2025-08-28,10005,Yoga Mat,Fitness,1,622.02,Champions,622.02
500040,2025-08-28,10005,Protein Bar,Fitness,1,90.94,Champions,90.94
500040,2025-08-28,10005,Water Bottle,Lifestyle,1,253.69,Champions,253.69
500387,2025-08-28,10058,Baby Diapers,Baby Care,2,527.81,Champions,1055.62
500387,2025-08-28,10058,Baby Wipes,Baby Care,1,178.22,Champions,178.22
500387,2025-08-28,10058,Baby Lotion,Baby Care,1,237.14,Champions,237.14
500398,2025-08-28,10059,Notebook,Stationery,1,69.17,Loyal,69.17
500398,2025-08-28,10059,Pen Pack,Stationery,2,44.11,Loyal,88.22
500398,2025-08-28,10059,Highlighter,Stationery,1,72.65,Loyal,72.65
500598,2025-08-28,10085,Dog Food,Pet Care,1,788.05,Loyal,788.05
500598,2025-08-28,10085,Pet Shampoo,Pet Care,1,276.85,Loyal,276.85
500598,2025-08-28,10085,Novel,Books,1,244.75,Loyal,244.75
500669,2025-08-28,10099,Yoga Mat,Fitness,1,666.73,Champions,666.73
500669,2025-08-28,10099,Protein Bar,Fitness,1,88.17,Champions,88.17
500669,2025-08-28,10099,Water Bottle,Lifestyle,2,254.38,Champions,508.76
500859,2025-08-28,10128,Lunch Box,Lifestyle,1,335.71,Champions,335.71
500859,2025-08-28,10128,Water Bottle,Lifestyle,1,211.28,Champions,211.28
500947,2025-08-28,10142,Coffee Powder,Grocery,2,187.04,New,374.08
500947,2025-08-28,10142,Sugar,Grocery,2,51.95,New,103.9
500947,2025-08-28,10142,Milk,Grocery,2,34.96,New,69.92
500947,2025-08-28,10142,USB Cable,Tech,1,186.66,New,186.66
501353,2025-08-28,10202,Novel,Books,1,238.51,Champions,238.51
501353,2025-08-28,10202,Exam Guide,Books,3,418.43,Champions,1255.29
501451,2025-08-28,10213,Bread,Grocery,2,48.1,Loyal,96.2
501451,2025-08-28,10213,Butter,Grocery,2,92.93,Loyal,185.86
501451,2025-08-28,10213,Jam,Grocery,2,120.12,Loyal,240.24
501451,2025-08-28,10213,Baby Diapers,Baby Care,1,526.37,Loyal,526.37
501932,2025-08-28,10290,Notebook,Stationery,4,55.41,Champions,221.64
501932,2025-08-28,10290,Pen Pack,Stationery,1,36.8,Champions,36.8
501932,2025-08-28,10290,Highlighter,Stationery,2,73.73,Champions,147.46
502252,2025-08-28,10333,Yoga Mat,Fitness,4,687.22,Champions,2748.88
502252,2025-08-28,10333,Protein Bar,Fitness,1,86.34,Champions,86.34
502252,2025-08-28,10333,Water Bottle,Lifestyle,4,265.93,Champions,1063.72
500966,2025-08-29,10144,Yoga Mat,Fitness,2,694.85,Loyal,1389.7
500966,2025-08-29,10144,Protein Bar,Fitness,1,98.03,Loyal,98.03
500966,2025-08-29,10144,Water Bottle,Lifestyle,1,272.19,Loyal,272.19
501063,2025-08-29,10158,Tea Pack,Grocery,1,130.37,Loyal,130.37
501063,2025-08-29,10158,Sugar,Grocery,1,49.69,Loyal,49.69
501063,2025-08-29,10158,Milk,Grocery,2,34.88,Loyal,69.76
501063,2025-08-29,10158,Protein Bar,Fitness,2,88.41,Loyal,176.82
501488,2025-08-29,10217,Yoga Mat,Fitness,1,705.47,At Risk,705.47
501488,2025-08-29,10217,Protein Bar,Fitness,1,86.46,At Risk,86.46
501488,2025-08-29,10217,Water Bottle,Lifestyle,2,220.85,At Risk,441.7
501488,2025-08-29,10217,Phone Case,Tech,2,308.03,At Risk,616.06
501561,2025-08-29,10227,Notebook,Stationery,1,62.31,Loyal,62.31
501561,2025-08-29,10227,Pen Pack,Stationery,2,38.22,Loyal,76.44
501561,2025-08-29,10227,Highlighter,Stationery,1,71.23,Loyal,71.23
501723,2025-08-29,10256,Lunch Box,Lifestyle,1,322.22,High Value Rare,322.22
501723,2025-08-29,10256,Water Bottle,Lifestyle,1,233.98,High Value Rare,233.98
501723,2025-08-29,10256,Baby Lotion,Baby Care,1,249.31,High Value Rare,249.31
500582,2025-08-30,10083,Notebook,Stationery,1,65.11,Champions,65.11
500582,2025-08-30,10083,Pen Pack,Stationery,1,40.53,Champions,40.53
500582,2025-08-30,10083,Highlighter,Stationery,1,73.56,Champions,73.56
500723,2025-08-30,10106,Bread,Grocery,1,36.99,Loyal,36.99
500723,2025-08-30,10106,Butter,Grocery,3,102.57,Loyal,307.71
500723,2025-08-30,10106,Jam,Grocery,2,108.96,Loyal,217.92
500723,2025-08-30,10106,Highlighter,Stationery,2,75.64,Loyal,151.28
500890,2025-08-30,10132,Phone Case,Tech,2,306.59,Champions,613.18
500890,2025-08-30,10132,Screen Guard,Tech,1,197.31,Champions,197.31
500890,2025-08-30,10132,USB Cable,Tech,1,169.85,Champions,169.85
500890,2025-08-30,10132,USB Cable,Tech,2,170.46,Champions,340.92
501845,2025-08-30,10277,Phone Case,Tech,1,300.52,At Risk,300.52
501845,2025-08-30,10277,Screen Guard,Tech,2,187.04,At Risk,374.08
501845,2025-08-30,10277,USB Cable,Tech,1,177.53,At Risk,177.53
501845,2025-08-30,10277,Sugar,Grocery,1,53.02,At Risk,53.02
502044,2025-08-30,10307,Novel,Books,1,223.7,Loyal,223.7
502044,2025-08-30,10307,Exam Guide,Books,1,416.28,Loyal,416.28
502071,2025-08-30,10311,Lunch Box,Lifestyle,1,344.56,Champions,344.56
502071,2025-08-30,10311,Water Bottle,Lifestyle,4,244.83,Champions,979.32
502267,2025-08-30,10334,Tea Pack,Grocery,1,112.73,Champions,112.73
502267,2025-08-30,10334,Sugar,Grocery,1,56.74,Champions,56.74
502267,2025-08-30,10334,Milk,Grocery,1,34.04,Champions,34.04
500041,2025-08-31,10005,Yoga Mat,Fitness,4,616.41,Champions,2465.64
500041,2025-08-31,10005,Protein Bar,Fitness,1,85.25,Champions,85.25
500041,2025-08-31,10005,Water Bottle,Lifestyle,3,264.43,Champions,793.29
500083,2025-08-31,10010,Baby Diapers,Baby Care,1,589.99,Champions,589.99
500083,2025-08-31,10010,Baby Wipes,Baby Care,2,182.82,Champions,365.64
500083,2025-08-31,10010,Baby Lotion,Baby Care,1,234.68,Champions,234.68
500546,2025-08-31,10079,Yoga Mat,Fitness,1,588.52,Champions,588.52
500546,2025-08-31,10079,Protein Bar,Fitness,1,80.53,Champions,80.53
500546,2025-08-31,10079,Water Bottle,Lifestyle,2,253.47,Champions,506.94
500643,2025-08-31,10093,Coffee Powder,Grocery,1,167.45,New,167.45
500643,2025-08-31,10093,Sugar,Grocery,3,52.46,New,157.38
500643,2025-08-31,10093,Milk,Grocery,1,32.14,New,32.14
500643,2025-08-31,10093,Yoga Mat,Fitness,1,665.22,New,665.22
500670,2025-08-31,10099,Phone Case,Tech,4,306.99,Champions,1227.96
500670,2025-08-31,10099,Screen Guard,Tech,1,206.42,Champions,206.42
500670,2025-08-31,10099,USB Cable,Tech,1,190.01,Champions,190.01
500979,2025-08-31,10145,Yoga Mat,Fitness,1,630.88,Champions,630.88
500979,2025-08-31,10145,Protein Bar,Fitness,2,89.0,Champions,178.0
500979,2025-08-31,10145,Water Bottle,Lifestyle,1,267.12,Champions,267.12
501211,2025-08-31,10177,Phone Case,Tech,2,288.02,Loyal,576.04
501211,2025-08-31,10177,Screen Guard,Tech,1,178.72,Loyal,178.72
501211,2025-08-31,10177,USB Cable,Tech,1,167.68,Loyal,167.68
501211,2025-08-31,10177,Pen Pack,Stationery,1,43.76,Loyal,43.76
501542,2025-08-31,10224,Lunch Box,Lifestyle,2,346.21,Loyal,692.42
501542,2025-08-31,10224,Water Bottle,Lifestyle,1,232.77,Loyal,232.77
501775,2025-08-31,10263,Lunch Box,Lifestyle,2,359.99,New,719.98
501775,2025-08-31,10263,Water Bottle,Lifestyle,1,257.87,New,257.87
502311,2025-08-31,10341,Yoga Mat,Fitness,1,606.01,New,606.01
502311,2025-08-31,10341,Protein Bar,Fitness,1,89.97,New,89.97
502311,2025-08-31,10341,Water Bottle,Lifestyle,1,265.85,New,265.85
500372,2025-09-01,10057,Novel,Books,1,256.41,Loyal,256.41
500372,2025-09-01,10057,Exam Guide,Books,1,410.21,Loyal,410.21
500671,2025-09-01,10099,Tea Pack,Grocery,1,126.86,Champions,126.86
500671,2025-09-01,10099,Sugar,Grocery,2,51.61,Champions,103.22
500671,2025-09-01,10099,Milk,Grocery,1,34.71,Champions,34.71
500897,2025-09-01,10133,Tea Pack,Grocery,1,117.55,Loyal,117.55
500897,2025-09-01,10133,Sugar,Grocery,1,53.4,Loyal,53.4
500897,2025-09-01,10133,Milk,Grocery,1,36.69,Loyal,36.69
500897,2025-09-01,10133,USB Cable,Tech,2,189.33,Loyal,378.66
501791,2025-09-01,10266,Bread,Grocery,2,42.05,At Risk,84.1
501791,2025-09-01,10266,Butter,Grocery,2,97.26,At Risk,194.52
501791,2025-09-01,10266,Jam,Grocery,1,119.16,At Risk,119.16
500363,2025-09-02,10056,Notebook,Stationery,2,56.91,Champions,113.82
500363,2025-09-02,10056,Pen Pack,Stationery,3,41.63,Champions,124.89
500363,2025-09-02,10056,Highlighter,Stationery,1,73.63,Champions,73.63
500460,2025-09-02,10068,Tea Pack,Grocery,1,133.98,Champions,133.98
500460,2025-09-02,10068,Sugar,Grocery,1,55.84,Champions,55.84
500460,2025-09-02,10068,Milk,Grocery,2,34.26,Champions,68.52
500460,2025-09-02,10068,Highlighter,Stationery,1,72.84,Champions,72.84
500717,2025-09-02,10105,Tea Pack,Grocery,1,114.93,Loyal,114.93
500717,2025-09-02,10105,Sugar,Grocery,3,56.84,Loyal,170.52
500717,2025-09-02,10105,Milk,Grocery,1,29.65,Loyal,29.65
500876,2025-09-02,10131,Baby Diapers,Baby Care,1,631.24,Loyal,631.24
500876,2025-09-02,10131,Baby Wipes,Baby Care,2,171.72,Loyal,343.44
500876,2025-09-02,10131,Baby Lotion,Baby Care,2,204.89,Loyal,409.78
500929,2025-09-02,10138,Dog Food,Pet Care,1,791.14,Loyal,791.14
500929,2025-09-02,10138,Pet Shampoo,Pet Care,1,274.75,Loyal,274.75
500929,2025-09-02,10138,Pet Shampoo,Pet Care,1,279.53,Loyal,279.53
501470,2025-09-02,10215,Bread,Grocery,2,47.26,Loyal,94.52
501470,2025-09-02,10215,Butter,Grocery,2,92.26,Loyal,184.52
501470,2025-09-02,10215,Jam,Grocery,1,113.96,Loyal,113.96
501886,2025-09-02,10283,Novel,Books,2,259.86,Champions,519.72
501886,2025-09-02,10283,Exam Guide,Books,1,470.0,Champions,470.0
501886,2025-09-02,10283,Baby Lotion,Baby Care,1,225.63,Champions,225.63
500214,2025-09-03,10031,Notebook,Stationery,2,64.85,Champions,129.7
500214,2025-09-03,10031,Pen Pack,Stationery,1,39.95,Champions,39.95
500214,2025-09-03,10031,Highlighter,Stationery,1,78.18,Champions,78.18
500214,2025-09-03,10031,Dumbbell Pair,Fitness,2,1215.72,Champions,2431.44
501003,2025-09-03,10148,Yoga Mat,Fitness,1,625.82,Champions,625.82
501003,2025-09-03,10148,Protein Bar,Fitness,1,102.88,Champions,102.88
501003,2025-09-03,10148,Water Bottle,Lifestyle,1,237.49,Champions,237.49
501285,2025-09-03,10190,Phone Case,Tech,1,307.09,Champions,307.09
501285,2025-09-03,10190,Screen Guard,Tech,1,206.92,Champions,206.92
501285,2025-09-03,10190,USB Cable,Tech,1,173.35,Champions,173.35
501354,2025-09-03,10202,Yoga Mat,Fitness,1,708.97,Champions,708.97
501354,2025-09-03,10202,Protein Bar,Fitness,1,96.89,Champions,96.89
501354,2025-09-03,10202,Water Bottle,Lifestyle,4,255.94,Champions,1023.76
501354,2025-09-03,10202,Dumbbell Pair,Fitness,1,1156.21,Champions,1156.21
501813,2025-09-03,10268,Phone Case,Tech,1,310.74,Loyal,310.74
501813,2025-09-03,10268,Screen Guard,Tech,1,193.17,Loyal,193.17
501813,2025-09-03,10268,USB Cable,Tech,1,160.96,Loyal,160.96
501813,2025-09-03,10268,Butter,Grocery,2,93.33,Loyal,186.66
501819,2025-09-03,10269,Tea Pack,Grocery,1,117.94,Loyal,117.94
501819,2025-09-03,10269,Sugar,Grocery,1,59.74,Loyal,59.74
501819,2025-09-03,10269,Milk,Grocery,2,34.56,Loyal,69.12
501819,2025-09-03,10269,Water Bottle,Lifestyle,2,230.64,Loyal,461.28
500560,2025-09-04,10081,Dog Food,Pet Care,1,747.63,At Risk,747.63
500560,2025-09-04,10081,Pet Shampoo,Pet Care,1,250.64,At Risk,250.64
500560,2025-09-04,10081,Bread,Grocery,2,49.36,At Risk,98.72
500792,2025-09-04,10114,Baby Diapers,Baby Care,2,609.24,At Risk,1218.48
500792,2025-09-04,10114,Baby Wipes,Baby Care,1,167.7,At Risk,167.7
500792,2025-09-04,10114,Baby Lotion,Baby Care,1,227.75,At Risk,227.75
500792,2025-09-04,10114,Highlighter,Stationery,1,76.26,At Risk,76.26
500297,2025-09-05,10042,Notebook,Stationery,2,65.72,Champions,131.44
500297,2025-09-05,10042,Pen Pack,Stationery,1,41.84,Champions,41.84
500297,2025-09-05,10042,Highlighter,Stationery,1,79.83,Champions,79.83
500418,2025-09-05,10061,Novel,Books,1,264.07,Loyal,264.07
500418,2025-09-05,10061,Exam Guide,Books,2,398.95,Loyal,797.9
500590,2025-09-05,10084,Yoga Mat,Fitness,1,683.1,Loyal,683.1
500590,2025-09-05,10084,Protein Bar,Fitness,1,91.51,Loyal,91.51
500590,2025-09-05,10084,Water Bottle,Lifestyle,2,244.14,Loyal,488.28
500590,2025-09-05,10084,Yoga Mat,Fitness,1,676.41,Loyal,676.41
500902,2025-09-05,10134,Bread,Grocery,2,47.47,High Value Rare,94.94
500902,2025-09-05,10134,Butter,Grocery,1,98.97,High Value Rare,98.97
500902,2025-09-05,10134,Jam,Grocery,2,110.83,High Value Rare,221.66
501046,2025-09-05,10155,Notebook,Stationery,1,60.26,Loyal,60.26
501046,2025-09-05,10155,Pen Pack,Stationery,1,43.7,Loyal,43.7
501046,2025-09-05,10155,Highlighter,Stationery,2,74.67,Loyal,149.34
501046,2025-09-05,10155,USB Cable,Tech,3,179.92,Loyal,539.76
501242,2025-09-05,10181,Yoga Mat,Fitness,2,683.4,Champions,1366.8
501242,2025-09-05,10181,Protein Bar,Fitness,2,83.41,Champions,166.82
501242,2025-09-05,10181,Water Bottle,Lifestyle,1,254.14,Champions,254.14
501873,2025-09-05,10282,Tea Pack,Grocery,1,124.41,Loyal,124.41
501873,2025-09-05,10282,Sugar,Grocery,1,58.62,Loyal,58.62
501873,2025-09-05,10282,Milk,Grocery,1,34.82,Loyal,34.82
501873,2025-09-05,10282,Exam Guide,Books,4,423.85,Loyal,1695.4
502013,2025-09-05,10300,Bread,Grocery,1,41.58,Champions,41.58
502013,2025-09-05,10300,Butter,Grocery,2,86.84,Champions,173.68
502013,2025-09-05,10300,Jam,Grocery,1,115.61,Champions,115.61
502013,2025-09-05,10300,Baby Wipes,Baby Care,2,176.7,Champions,353.4
500104,2025-09-06,10015,Yoga Mat,Fitness,2,646.75,Loyal,1293.5
500104,2025-09-06,10015,Protein Bar,Fitness,1,72.79,Loyal,72.79
500104,2025-09-06,10015,Water Bottle,Lifestyle,2,229.78,Loyal,459.56
500104,2025-09-06,10015,Exam Guide,Books,1,443.25,Loyal,443.25
500373,2025-09-06,10057,Bread,Grocery,1,47.23,Loyal,47.23
500373,2025-09-06,10057,Butter,Grocery,1,91.68,Loyal,91.68
500373,2025-09-06,10057,Jam,Grocery,1,104.35,Loyal,104.35
500373,2025-09-06,10057,Lunch Box,Lifestyle,1,401.27,Loyal,401.27
500705,2025-09-06,10102,Coffee Powder,Grocery,1,177.08,Loyal,177.08
500705,2025-09-06,10102,Sugar,Grocery,2,57.36,Loyal,114.72
500705,2025-09-06,10102,Milk,Grocery,1,36.89,Loyal,36.89
502275,2025-09-06,10335,Yoga Mat,Fitness,2,598.69,Champions,1197.38
502275,2025-09-06,10335,Protein Bar,Fitness,1,91.32,Champions,91.32
502275,2025-09-06,10335,Water Bottle,Lifestyle,1,248.03,Champions,248.03
500042,2025-09-07,10005,Tea Pack,Grocery,1,119.62,Champions,119.62
500042,2025-09-07,10005,Sugar,Grocery,1,51.67,Champions,51.67
500042,2025-09-07,10005,Milk,Grocery,1,34.86,Champions,34.86
500672,2025-09-07,10099,Bread,Grocery,1,44.54,Champions,44.54
500672,2025-09-07,10099,Butter,Grocery,1,94.77,Champions,94.77
500672,2025-09-07,10099,Jam,Grocery,2,108.34,Champions,216.68
501744,2025-09-07,10259,Notebook,Stationery,2,61.34,Champions,122.68
501744,2025-09-07,10259,Pen Pack,Stationery,1,38.64,Champions,38.64
501744,2025-09-07,10259,Highlighter,Stationery,1,75.72,Champions,75.72
500476,2025-09-08,10071,Coffee Powder,Grocery,1,177.2,Loyal,177.2
500476,2025-09-08,10071,Sugar,Grocery,1,57.29,Loyal,57.29
500476,2025-09-08,10071,Milk,Grocery,1,35.1,Loyal,35.1
500591,2025-09-08,10084,Bread,Grocery,1,42.78,Loyal,42.78
500591,2025-09-08,10084,Butter,Grocery,1,94.43,Loyal,94.43
500591,2025-09-08,10084,Jam,Grocery,1,116.21,Loyal,116.21
500652,2025-09-08,10097,Coffee Powder,Grocery,1,179.25,New,179.25
500652,2025-09-08,10097,Sugar,Grocery,1,55.68,New,55.68
500652,2025-09-08,10097,Milk,Grocery,1,34.18,New,34.18
501031,2025-09-08,10152,Dog Food,Pet Care,2,794.1,Champions,1588.2
501031,2025-09-08,10152,Pet Shampoo,Pet Care,1,238.3,Champions,238.3
501031,2025-09-08,10152,Bluetooth Earbuds,Tech,1,1454.58,Champions,1454.58
501121,2025-09-08,10166,Yoga Mat,Fitness,1,652.88,Loyal,652.88
501121,2025-09-08,10166,Protein Bar,Fitness,3,85.16,Loyal,255.48
501121,2025-09-08,10166,Water Bottle,Lifestyle,4,260.48,Loyal,1041.92
501212,2025-09-08,10177,Phone Case,Tech,2,309.61,Loyal,619.22
501212,2025-09-08,10177,Screen Guard,Tech,1,200.41,Loyal,200.41
501212,2025-09-08,10177,USB Cable,Tech,1,168.91,Loyal,168.91
501224,2025-09-08,10179,Notebook,Stationery,1,61.39,Champions,61.39
501224,2025-09-08,10179,Pen Pack,Stationery,2,38.93,Champions,77.86
501224,2025-09-08,10179,Highlighter,Stationery,4,75.32,Champions,301.28
502129,2025-09-08,10318,Baby Diapers,Baby Care,1,528.34,Champions,528.34
502129,2025-09-08,10318,Baby Wipes,Baby Care,1,169.0,Champions,169.0
502129,2025-09-08,10318,Baby Lotion,Baby Care,1,234.79,Champions,234.79
500215,2025-09-09,10031,Novel,Books,1,269.33,Champions,269.33
500215,2025-09-09,10031,Exam Guide,Books,1,474.0,Champions,474.0
500288,2025-09-09,10041,Yoga Mat,Fitness,1,687.51,New,687.51
500288,2025-09-09,10041,Protein Bar,Fitness,1,94.43,New,94.43
500288,2025-09-09,10041,Water Bottle,Lifestyle,2,251.77,New,503.54
500288,2025-09-09,10041,Phone Case,Tech,1,261.33,New,261.33
500510,2025-09-09,10075,Tea Pack,Grocery,1,120.24,At Risk,120.24
500510,2025-09-09,10075,Sugar,Grocery,1,52.52,At Risk,52.52
500510,2025-09-09,10075,Milk,Grocery,2,33.08,At Risk,66.16
500510,2025-09-09,10075,Exam Guide,Books,1,450.73,At Risk,450.73
501167,2025-09-09,10171,Notebook,Stationery,1,58.85,Champions,58.85
501167,2025-09-09,10171,Pen Pack,Stationery,1,36.74,Champions,36.74
501167,2025-09-09,10171,Highlighter,Stationery,1,69.43,Champions,69.43
501167,2025-09-09,10171,Highlighter,Stationery,1,69.87,Champions,69.87
502014,2025-09-09,10300,Bread,Grocery,4,48.75,Champions,195.0
502014,2025-09-09,10300,Butter,Grocery,1,100.87,Champions,100.87
502014,2025-09-09,10300,Jam,Grocery,1,111.91,Champions,111.91
500054,2025-09-10,10006,Baby Diapers,Baby Care,1,602.22,Champions,602.22
500054,2025-09-10,10006,Baby Wipes,Baby Care,2,185.55,Champions,371.1
500054,2025-09-10,10006,Baby Lotion,Baby Care,2,232.96,Champions,465.92
500599,2025-09-10,10085,Tea Pack,Grocery,1,125.08,Loyal,125.08
500599,2025-09-10,10085,Sugar,Grocery,1,52.3,Loyal,52.3
500599,2025-09-10,10085,Milk,Grocery,2,35.67,Loyal,71.34
500599,2025-09-10,10085,Baby Wipes,Baby Care,1,183.52,Loyal,183.52
500673,2025-09-10,10099,Dog Food,Pet Care,1,781.03,Champions,781.03
500673,2025-09-10,10099,Pet Shampoo,Pet Care,1,221.22,Champions,221.22
500910,2025-09-10,10136,Tea Pack,Grocery,1,112.9,New,112.9
500910,2025-09-10,10136,Sugar,Grocery,1,51.95,New,51.95
500910,2025-09-10,10136,Milk,Grocery,1,35.56,New,35.56
501194,2025-09-10,10175,Coffee Powder,Grocery,1,183.61,Champions,183.61
501194,2025-09-10,10175,Sugar,Grocery,1,53.53,Champions,53.53
501194,2025-09-10,10175,Milk,Grocery,2,33.12,Champions,66.24
501194,2025-09-10,10175,Dog Food,Pet Care,1,775.09,Champions,775.09
501520,2025-09-10,10222,Lunch Box,Lifestyle,1,342.57,Champions,342.57
501520,2025-09-10,10222,Water Bottle,Lifestyle,2,254.9,Champions,509.8
501520,2025-09-10,10222,Novel,Books,1,236.78,Champions,236.78
501803,2025-09-10,10267,Baby Diapers,Baby Care,1,538.47,At Risk,538.47
501803,2025-09-10,10267,Baby Wipes,Baby Care,4,169.02,At Risk,676.08
501803,2025-09-10,10267,Baby Lotion,Baby Care,1,253.49,At Risk,253.49
501887,2025-09-10,10283,Coffee Powder,Grocery,2,181.47,Champions,362.94
501887,2025-09-10,10283,Sugar,Grocery,1,57.49,Champions,57.49
501887,2025-09-10,10283,Milk,Grocery,1,33.71,Champions,33.71
501887,2025-09-10,10283,Jam,Grocery,1,112.79,Champions,112.79
502302,2025-09-10,10339,Dog Food,Pet Care,1,879.79,Champions,879.79
502302,2025-09-10,10339,Pet Shampoo,Pet Care,1,244.59,Champions,244.59
502302,2025-09-10,10339,Protein Bar,Fitness,1,98.09,Champions,98.09
502321,2025-09-10,10342,Notebook,Stationery,2,55.43,Champions,110.86
502321,2025-09-10,10342,Pen Pack,Stationery,1,40.52,Champions,40.52
502321,2025-09-10,10342,Highlighter,Stationery,1,73.35,Champions,73.35
500177,2025-09-11,10027,Dog Food,Pet Care,1,744.38,New,744.38
500177,2025-09-11,10027,Pet Shampoo,Pet Care,2,261.71,New,523.42
500220,2025-09-11,10032,Tea Pack,Grocery,1,121.27,Champions,121.27
500220,2025-09-11,10032,Sugar,Grocery,2,55.77,Champions,111.54
500220,2025-09-11,10032,Milk,Grocery,1,35.08,Champions,35.08
500419,2025-09-11,10061,Dog Food,Pet Care,2,775.68,Loyal,1551.36
500419,2025-09-11,10061,Pet Shampoo,Pet Care,1,267.42,Loyal,267.42
500445,2025-09-11,10066,Phone Case,Tech,2,318.15,Champions,636.3
500445,2025-09-11,10066,Screen Guard,Tech,1,194.85,Champions,194.85
500445,2025-09-11,10066,USB Cable,Tech,1,155.67,Champions,155.67
500615,2025-09-11,10089,Lunch Box,Lifestyle,1,355.12,New,355.12
500615,2025-09-11,10089,Water Bottle,Lifestyle,1,235.46,New,235.46
500615,2025-09-11,10089,Screen Guard,Tech,1,195.77,New,195.77
500740,2025-09-11,10108,Yoga Mat,Fitness,2,644.53,Loyal,1289.06
500740,2025-09-11,10108,Protein Bar,Fitness,1,88.54,Loyal,88.54
500740,2025-09-11,10108,Water Bottle,Lifestyle,3,252.84,Loyal,758.52
500740,2025-09-11,10108,Dumbbell Pair,Fitness,1,1178.33,Loyal,1178.33
500763,2025-09-11,10110,Baby Diapers,Baby Care,1,508.39,Loyal,508.39
500763,2025-09-11,10110,Baby Wipes,Baby Care,1,180.53,Loyal,180.53
500763,2025-09-11,10110,Baby Lotion,Baby Care,1,258.34,Loyal,258.34
501846,2025-09-11,10277,Coffee Powder,Grocery,2,170.88,At Risk,341.76
501846,2025-09-11,10277,Sugar,Grocery,3,54.39,At Risk,163.17
501846,2025-09-11,10277,Milk,Grocery,1,35.4,At Risk,35.4
501846,2025-09-11,10277,Novel,Books,1,249.27,At Risk,249.27
502015,2025-09-11,10300,Tea Pack,Grocery,1,114.37,Champions,114.37
502015,2025-09-11,10300,Sugar,Grocery,2,51.73,Champions,103.46
502015,2025-09-11,10300,Milk,Grocery,1,36.55,Champions,36.55
502369,2025-09-11,10348,Baby Diapers,Baby Care,2,545.7,Loyal,1091.4
502369,2025-09-11,10348,Baby Wipes,Baby Care,1,170.2,Loyal,170.2
502369,2025-09-11,10348,Baby Lotion,Baby Care,1,253.34,Loyal,253.34
502369,2025-09-11,10348,Water Bottle,Lifestyle,1,249.2,Loyal,249.2
500687,2025-09-12,10100,Tea Pack,Grocery,1,113.48,Champions,113.48
500687,2025-09-12,10100,Sugar,Grocery,1,58.06,Champions,58.06
500687,2025-09-12,10100,Milk,Grocery,2,34.14,Champions,68.28
500687,2025-09-12,10100,Phone Case,Tech,1,271.72,Champions,271.72
501130,2025-09-12,10167,Phone Case,Tech,1,335.85,Loyal,335.85
501130,2025-09-12,10167,Screen Guard,Tech,1,199.0,Loyal,199.0
501130,2025-09-12,10167,USB Cable,Tech,4,189.59,Loyal,758.36
501130,2025-09-12,10167,Pen Pack,Stationery,3,40.1,Loyal,120.3
501521,2025-09-12,10222,Coffee Powder,Grocery,2,180.97,Champions,361.94
501521,2025-09-12,10222,Sugar,Grocery,2,59.25,Champions,118.5
501521,2025-09-12,10222,Milk,Grocery,1,36.51,Champions,36.51
501521,2025-09-12,10222,Lunch Box,Lifestyle,3,334.91,Champions,1004.73
501717,2025-09-12,10254,Notebook,Stationery,1,61.38,Champions,61.38
501717,2025-09-12,10254,Pen Pack,Stationery,1,43.5,Champions,43.5
501717,2025-09-12,10254,Highlighter,Stationery,1,72.06,Champions,72.06
501717,2025-09-12,10254,Pen Pack,Stationery,2,36.66,Champions,73.32
501792,2025-09-12,10266,Bread,Grocery,1,44.47,At Risk,44.47
501792,2025-09-12,10266,Butter,Grocery,1,97.91,At Risk,97.91
501792,2025-09-12,10266,Jam,Grocery,2,106.21,At Risk,212.42
502253,2025-09-12,10333,Bread,Grocery,1,43.72,Champions,43.72
502253,2025-09-12,10333,Butter,Grocery,1,89.47,Champions,89.47
502253,2025-09-12,10333,Jam,Grocery,2,99.93,Champions,199.86
500256,2025-09-13,10037,Bread,Grocery,1,45.97,Champions,45.97
500256,2025-09-13,10037,Butter,Grocery,3,98.09,Champions,294.27
500256,2025-09-13,10037,Jam,Grocery,1,103.4,Champions,103.4
500399,2025-09-13,10059,Notebook,Stationery,2,54.78,Loyal,109.56
500399,2025-09-13,10059,Pen Pack,Stationery,3,39.03,Loyal,117.09
500399,2025-09-13,10059,Highlighter,Stationery,2,70.74,Loyal,141.48
500639,2025-09-13,10091,Dog Food,Pet Care,1,661.69,At Risk,661.69
500639,2025-09-13,10091,Pet Shampoo,Pet Care,2,246.99,At Risk,493.98
500639,2025-09-13,10091,Baby Lotion,Baby Care,1,216.23,At Risk,216.23
501677,2025-09-13,10247,Coffee Powder,Grocery,1,183.15,High Value Rare,183.15
501677,2025-09-13,10247,Sugar,Grocery,1,56.9,High Value Rare,56.9
501677,2025-09-13,10247,Milk,Grocery,1,37.84,High Value Rare,37.84
501965,2025-09-13,10294,Notebook,Stationery,1,60.95,Champions,60.95
501965,2025-09-13,10294,Pen Pack,Stationery,1,40.2,Champions,40.2
501965,2025-09-13,10294,Highlighter,Stationery,1,78.73,Champions,78.73
500119,2025-09-14,10017,Yoga Mat,Fitness,1,662.55,New,662.55
500119,2025-09-14,10017,Protein Bar,Fitness,1,90.91,New,90.91
500119,2025-09-14,10017,Water Bottle,Lifestyle,1,217.34,New,217.34
500340,2025-09-14,10050,Notebook,Stationery,2,69.48,High Value Rare,138.96
500340,2025-09-14,10050,Pen Pack,Stationery,1,36.96,High Value Rare,36.96
500340,2025-09-14,10050,Highlighter,Stationery,1,70.55,High Value Rare,70.55
500340,2025-09-14,10050,Notebook,Stationery,1,59.04,High Value Rare,59.04
500793,2025-09-14,10114,Lunch Box,Lifestyle,2,351.78,At Risk,703.56
500793,2025-09-14,10114,Water Bottle,Lifestyle,2,268.94,At Risk,537.88
500833,2025-09-14,10123,Yoga Mat,Fitness,1,615.77,Champions,615.77
500833,2025-09-14,10123,Protein Bar,Fitness,1,101.19,Champions,101.19
500833,2025-09-14,10123,Water Bottle,Lifestyle,1,260.38,Champions,260.38
500833,2025-09-14,10123,USB Cable,Tech,1,166.95,Champions,166.95
501172,2025-09-14,10172,Phone Case,Tech,1,285.68,New,285.68
501172,2025-09-14,10172,Screen Guard,Tech,1,195.06,New,195.06
501172,2025-09-14,10172,USB Cable,Tech,1,171.09,New,171.09
501804,2025-09-14,10267,Bread,Grocery,1,43.68,At Risk,43.68
501804,2025-09-14,10267,Butter,Grocery,4,92.66,At Risk,370.64
501804,2025-09-14,10267,Jam,Grocery,1,106.4,At Risk,106.4
500344,2025-09-15,10052,Novel,Books,1,253.68,High Value Rare,253.68
500344,2025-09-15,10052,Exam Guide,Books,1,437.08,High Value Rare,437.08
500344,2025-09-15,10052,Bread,Grocery,2,44.98,High Value Rare,89.96
500776,2025-09-15,10111,Novel,Books,2,235.36,Champions,470.72
500776,2025-09-15,10111,Exam Guide,Books,1,407.25,Champions,407.25
500776,2025-09-15,10111,Sugar,Grocery,1,58.78,Champions,58.78
501420,2025-09-15,10210,Lunch Box,Lifestyle,1,372.34,New,372.34
501420,2025-09-15,10210,Water Bottle,Lifestyle,1,251.98,New,251.98
501420,2025-09-15,10210,Highlighter,Stationery,1,67.95,New,67.95
501471,2025-09-15,10215,Lunch Box,Lifestyle,1,341.35,Loyal,341.35
501471,2025-09-15,10215,Water Bottle,Lifestyle,1,248.83,Loyal,248.83
501522,2025-09-15,10222,Novel,Books,3,258.04,Champions,774.12
501522,2025-09-15,10222,Exam Guide,Books,1,430.12,Champions,430.12
501874,2025-09-15,10282,Dog Food,Pet Care,2,802.73,Loyal,1605.46
501874,2025-09-15,10282,Pet Shampoo,Pet Care,1,282.43,Loyal,282.43
502303,2025-09-15,10339,Yoga Mat,Fitness,1,636.63,Champions,636.63
502303,2025-09-15,10339,Protein Bar,Fitness,4,86.32,Champions,345.28
502303,2025-09-15,10339,Water Bottle,Lifestyle,4,270.44,Champions,1081.76
500116,2025-09-16,10016,Phone Case,Tech,2,313.81,Loyal,627.62
500116,2025-09-16,10016,Screen Guard,Tech,1,189.92,Loyal,189.92
500116,2025-09-16,10016,USB Cable,Tech,1,180.42,Loyal,180.42
500126,2025-09-16,10019,Lunch Box,Lifestyle,1,346.32,Loyal,346.32
500126,2025-09-16,10019,Water Bottle,Lifestyle,4,257.37,Loyal,1029.48
500289,2025-09-16,10041,Dog Food,Pet Care,1,769.11,New,769.11
500289,2025-09-16,10041,Pet Shampoo,Pet Care,1,271.35,New,271.35
500289,2025-09-16,10041,Jam,Grocery,1,93.99,New,93.99
500860,2025-09-16,10128,Bread,Grocery,1,45.6,Champions,45.6
500860,2025-09-16,10128,Butter,Grocery,1,84.29,Champions,84.29
500860,2025-09-16,10128,Jam,Grocery,1,104.15,Champions,104.15
501793,2025-09-16,10266,Bread,Grocery,2,48.73,At Risk,97.46
501793,2025-09-16,10266,Butter,Grocery,1,97.3,At Risk,97.3
501793,2025-09-16,10266,Jam,Grocery,2,110.89,At Risk,221.78
501982,2025-09-16,10297,Novel,Books,1,262.34,Loyal,262.34
501982,2025-09-16,10297,Exam Guide,Books,1,401.44,Loyal,401.44
502116,2025-09-16,10317,Notebook,Stationery,1,62.89,Champions,62.89
502116,2025-09-16,10317,Pen Pack,Stationery,1,35.89,Champions,35.89
502116,2025-09-16,10317,Highlighter,Stationery,1,72.07,Champions,72.07
502198,2025-09-16,10328,Baby Diapers,Baby Care,1,548.68,Loyal,548.68
502198,2025-09-16,10328,Baby Wipes,Baby Care,1,193.65,Loyal,193.65
502198,2025-09-16,10328,Baby Lotion,Baby Care,1,242.15,Loyal,242.15
502198,2025-09-16,10328,Tea Pack,Grocery,1,118.43,Loyal,118.43
500171,2025-09-17,10026,Novel,Books,2,254.79,Loyal,509.58
500171,2025-09-17,10026,Exam Guide,Books,1,414.94,Loyal,414.94
500364,2025-09-17,10056,Notebook,Stationery,1,62.23,Champions,62.23
500364,2025-09-17,10056,Pen Pack,Stationery,1,38.9,Champions,38.9
500364,2025-09-17,10056,Highlighter,Stationery,1,70.22,Champions,70.22
500364,2025-09-17,10056,Water Bottle,Lifestyle,1,249.28,Champions,249.28
500805,2025-09-17,10117,Yoga Mat,Fitness,2,635.78,Loyal,1271.56
500805,2025-09-17,10117,Protein Bar,Fitness,1,92.38,Loyal,92.38
500805,2025-09-17,10117,Water Bottle,Lifestyle,1,250.44,Loyal,250.44
500805,2025-09-17,10117,Sugar,Grocery,1,53.0,Loyal,53.0
501122,2025-09-17,10166,Dog Food,Pet Care,1,776.01,Loyal,776.01
501122,2025-09-17,10166,Pet Shampoo,Pet Care,4,215.19,Loyal,860.76
501636,2025-09-17,10239,Notebook,Stationery,1,61.49,Champions,61.49
501636,2025-09-17,10239,Pen Pack,Stationery,1,39.28,Champions,39.28
501636,2025-09-17,10239,Highlighter,Stationery,2,77.48,Champions,154.96
501636,2025-09-17,10239,Dog Food,Pet Care,1,833.02,Champions,833.02
501690,2025-09-17,10250,Coffee Powder,Grocery,1,176.35,Loyal,176.35
501690,2025-09-17,10250,Sugar,Grocery,2,58.38,Loyal,116.76
501690,2025-09-17,10250,Milk,Grocery,1,33.62,Loyal,33.62
502139,2025-09-17,10319,Bread,Grocery,1,44.81,Loyal,44.81
502139,2025-09-17,10319,Butter,Grocery,1,81.55,Loyal,81.55
502139,2025-09-17,10319,Jam,Grocery,1,107.44,Loyal,107.44
502139,2025-09-17,10319,Lunch Box,Lifestyle,2,338.55,Loyal,677.1
502268,2025-09-17,10334,Novel,Books,1,232.29,Champions,232.29
502268,2025-09-17,10334,Exam Guide,Books,2,415.7,Champions,831.4
502304,2025-09-17,10339,Coffee Powder,Grocery,1,189.38,Champions,189.38
502304,2025-09-17,10339,Sugar,Grocery,1,55.4,Champions,55.4
502304,2025-09-17,10339,Milk,Grocery,4,36.52,Champions,146.08
500532,2025-09-18,10078,Coffee Powder,Grocery,1,188.98,Loyal,188.98
500532,2025-09-18,10078,Sugar,Grocery,1,51.02,Loyal,51.02
500532,2025-09-18,10078,Milk,Grocery,1,35.22,Loyal,35.22
500980,2025-09-18,10145,Bread,Grocery,1,41.63,Champions,41.63
500980,2025-09-18,10145,Butter,Grocery,2,103.18,Champions,206.36
500980,2025-09-18,10145,Jam,Grocery,2,116.01,Champions,232.02
500980,2025-09-18,10145,Sugar,Grocery,1,55.98,Champions,55.98
501144,2025-09-18,10168,Lunch Box,Lifestyle,4,361.84,Champions,1447.36
501144,2025-09-18,10168,Water Bottle,Lifestyle,1,246.39,Champions,246.39
501383,2025-09-18,10206,Dog Food,Pet Care,1,875.24,Champions,875.24
501383,2025-09-18,10206,Pet Shampoo,Pet Care,1,256.3,Champions,256.3
501383,2025-09-18,10206,Pen Pack,Stationery,2,40.77,Champions,81.54
501888,2025-09-18,10283,Lunch Box,Lifestyle,1,372.04,Champions,372.04
501888,2025-09-18,10283,Water Bottle,Lifestyle,2,265.38,Champions,530.76
500898,2025-09-19,10133,Tea Pack,Grocery,1,127.3,Loyal,127.3
500898,2025-09-19,10133,Sugar,Grocery,1,53.43,Loyal,53.43
500898,2025-09-19,10133,Milk,Grocery,1,32.16,Loyal,32.16
500945,2025-09-19,10141,Novel,Books,2,249.81,Loyal,499.62
500945,2025-09-19,10141,Exam Guide,Books,1,406.1,Loyal,406.1
501015,2025-09-19,10149,Coffee Powder,Grocery,1,178.96,Loyal,178.96
501015,2025-09-19,10149,Sugar,Grocery,3,58.58,Loyal,175.74
501015,2025-09-19,10149,Milk,Grocery,1,33.42,Loyal,33.42
502004,2025-09-19,10299,Dog Food,Pet Care,1,717.39,Champions,717.39
502004,2025-09-19,10299,Pet Shampoo,Pet Care,1,231.74,Champions,231.74
502086,2025-09-19,10312,Dog Food,Pet Care,1,778.66,Champions,778.66
502086,2025-09-19,10312,Pet Shampoo,Pet Care,2,271.02,Champions,542.04
502308,2025-09-19,10340,Bread,Grocery,2,45.54,New,91.08
502308,2025-09-19,10340,Butter,Grocery,1,101.84,New,101.84
502308,2025-09-19,10340,Jam,Grocery,1,122.84,New,122.84
502308,2025-09-19,10340,Bluetooth Earbuds,Tech,1,1499.96,New,1499.96
500311,2025-09-20,10044,Baby Diapers,Baby Care,3,523.6,Loyal,1570.8
500311,2025-09-20,10044,Baby Wipes,Baby Care,2,180.35,Loyal,360.7
500311,2025-09-20,10044,Baby Lotion,Baby Care,2,228.83,Loyal,457.66
500311,2025-09-20,10044,Butter,Grocery,1,106.74,Loyal,106.74
500764,2025-09-20,10110,Notebook,Stationery,1,59.89,Loyal,59.89
500764,2025-09-20,10110,Pen Pack,Stationery,1,39.87,Loyal,39.87
500764,2025-09-20,10110,Highlighter,Stationery,2,69.53,Loyal,139.06
500764,2025-09-20,10110,Bread,Grocery,4,42.09,Loyal,168.36
501047,2025-09-20,10155,Novel,Books,1,256.17,Loyal,256.17
501047,2025-09-20,10155,Exam Guide,Books,1,430.84,Loyal,430.84
501286,2025-09-20,10190,Tea Pack,Grocery,1,126.87,Champions,126.87
501286,2025-09-20,10190,Sugar,Grocery,1,56.41,Champions,56.41
501286,2025-09-20,10190,Milk,Grocery,1,33.62,Champions,33.62
502322,2025-09-20,10342,Lunch Box,Lifestyle,1,362.61,Champions,362.61
502322,2025-09-20,10342,Water Bottle,Lifestyle,4,273.7,Champions,1094.8
502322,2025-09-20,10342,Baby Diapers,Baby Care,2,551.85,Champions,1103.7
500298,2025-09-21,10042,Bread,Grocery,1,44.58,Champions,44.58
500298,2025-09-21,10042,Butter,Grocery,2,88.41,Champions,176.82
500298,2025-09-21,10042,Jam,Grocery,1,112.01,Champions,112.01
500298,2025-09-21,10042,Notebook,Stationery,1,64.13,Champions,64.13
501384,2025-09-21,10206,Phone Case,Tech,1,303.67,Champions,303.67
501384,2025-09-21,10206,Screen Guard,Tech,2,200.55,Champions,401.1
501384,2025-09-21,10206,USB Cable,Tech,3,201.77,Champions,605.31
501384,2025-09-21,10206,Jam,Grocery,1,101.51,Champions,101.51
501820,2025-09-21,10269,Lunch Box,Lifestyle,2,318.84,Loyal,637.68
501820,2025-09-21,10269,Water Bottle,Lifestyle,2,235.79,Loyal,471.58
501820,2025-09-21,10269,Baby Wipes,Baby Care,1,176.56,Loyal,176.56
502208,2025-09-21,10329,Coffee Powder,Grocery,1,172.02,Loyal,172.02
502208,2025-09-21,10329,Sugar,Grocery,1,50.3,Loyal,50.3
502208,2025-09-21,10329,Milk,Grocery,1,37.07,Loyal,37.07
502208,2025-09-21,10329,Phone Case,Tech,1,293.79,Loyal,293.79
502254,2025-09-21,10333,Baby Diapers,Baby Care,1,569.18,Champions,569.18
502254,2025-09-21,10333,Baby Wipes,Baby Care,1,165.77,Champions,165.77
502254,2025-09-21,10333,Baby Lotion,Baby Care,2,226.71,Champions,453.42
500257,2025-09-22,10037,Dog Food,Pet Care,1,739.98,Champions,739.98
500257,2025-09-22,10037,Pet Shampoo,Pet Care,1,215.54,Champions,215.54
500257,2025-09-22,10037,Sugar,Grocery,1,56.8,Champions,56.8
500674,2025-09-22,10099,Coffee Powder,Grocery,3,173.68,Champions,521.04
500674,2025-09-22,10099,Sugar,Grocery,1,57.82,Champions,57.82
500674,2025-09-22,10099,Milk,Grocery,3,35.94,Champions,107.82
501004,2025-09-22,10148,Tea Pack,Grocery,2,119.16,Champions,238.32
501004,2025-09-22,10148,Sugar,Grocery,1,52.31,Champions,52.31
501004,2025-09-22,10148,Milk,Grocery,2,34.49,Champions,68.98
501893,2025-09-22,10284,Dog Food,Pet Care,1,778.89,New,778.89
501893,2025-09-22,10284,Pet Shampoo,Pet Care,1,276.27,New,276.27
502236,2025-09-22,10332,Notebook,Stationery,2,61.47,Champions,122.94
502236,2025-09-22,10332,Pen Pack,Stationery,2,39.01,Champions,78.02
502236,2025-09-22,10332,Highlighter,Stationery,2,75.82,Champions,151.64
500336,2025-09-23,10049,Coffee Powder,Grocery,1,180.47,Loyal,180.47
500336,2025-09-23,10049,Sugar,Grocery,3,53.24,Loyal,159.72
500336,2025-09-23,10049,Milk,Grocery,1,35.19,Loyal,35.19
500336,2025-09-23,10049,Protein Bar,Fitness,1,94.69,Loyal,94.69
500754,2025-09-23,10109,Coffee Powder,Grocery,1,175.35,Champions,175.35
500754,2025-09-23,10109,Sugar,Grocery,1,54.71,Champions,54.71
500754,2025-09-23,10109,Milk,Grocery,1,37.28,Champions,37.28
501023,2025-09-23,10151,Notebook,Stationery,1,65.72,Loyal,65.72
501023,2025-09-23,10151,Pen Pack,Stationery,2,36.03,Loyal,72.06
501023,2025-09-23,10151,Highlighter,Stationery,1,71.83,Loyal,71.83
501023,2025-09-23,10151,Pet Shampoo,Pet Care,1,241.91,Loyal,241.91
501081,2025-09-23,10160,Dog Food,Pet Care,2,743.21,Loyal,1486.42
501081,2025-09-23,10160,Pet Shampoo,Pet Care,2,232.04,Loyal,464.08
501081,2025-09-23,10160,Protein Bar,Fitness,2,83.21,Loyal,166.42
501618,2025-09-23,10237,Novel,Books,1,238.27,Champions,238.27
501618,2025-09-23,10237,Exam Guide,Books,1,418.19,Champions,418.19
501618,2025-09-23,10237,Milk,Grocery,1,36.89,Champions,36.89
501894,2025-09-23,10284,Baby Diapers,Baby Care,1,585.74,New,585.74
501894,2025-09-23,10284,Baby Wipes,Baby Care,1,199.11,New,199.11
501894,2025-09-23,10284,Baby Lotion,Baby Care,1,228.88,New,228.88
502140,2025-09-23,10319,Dog Food,Pet Care,4,754.76,Loyal,3019.04
502140,2025-09-23,10319,Pet Shampoo,Pet Care,1,243.6,Loyal,243.6
500055,2025-09-24,10006,Tea Pack,Grocery,1,122.14,Champions,122.14
500055,2025-09-24,10006,Sugar,Grocery,1,51.95,Champions,51.95
500055,2025-09-24,10006,Milk,Grocery,1,36.06,Champions,36.06
500533,2025-09-24,10078,Novel,Books,4,231.52,Loyal,926.08
500533,2025-09-24,10078,Exam Guide,Books,1,457.12,Loyal,457.12
500861,2025-09-24,10128,Tea Pack,Grocery,2,123.02,Champions,246.04
500861,2025-09-24,10128,Sugar,Grocery,1,51.4,Champions,51.4
500861,2025-09-24,10128,Milk,Grocery,2,34.52,Champions,69.04
501082,2025-09-24,10160,Phone Case,Tech,1,308.01,Loyal,308.01
501082,2025-09-24,10160,Screen Guard,Tech,1,199.72,Loyal,199.72
501082,2025-09-24,10160,USB Cable,Tech,1,164.36,Loyal,164.36
501275,2025-09-24,10189,Coffee Powder,Grocery,1,161.62,Loyal,161.62
501275,2025-09-24,10189,Sugar,Grocery,1,58.66,Loyal,58.66
501275,2025-09-24,10189,Milk,Grocery,2,35.74,Loyal,71.48
501653,2025-09-24,10243,Baby Diapers,Baby Care,1,541.44,Loyal,541.44
501653,2025-09-24,10243,Baby Wipes,Baby Care,1,175.1,Loyal,175.1
501653,2025-09-24,10243,Baby Lotion,Baby Care,1,247.02,Loyal,247.02
501653,2025-09-24,10243,Yoga Mat,Fitness,1,674.07,Loyal,674.07
502237,2025-09-24,10332,Tea Pack,Grocery,1,123.86,Champions,123.86
502237,2025-09-24,10332,Sugar,Grocery,1,52.98,Champions,52.98
502237,2025-09-24,10332,Milk,Grocery,1,34.06,Champions,34.06
502309,2025-09-24,10340,Tea Pack,Grocery,1,121.05,New,121.05
502309,2025-09-24,10340,Sugar,Grocery,1,57.85,New,57.85
502309,2025-09-24,10340,Milk,Grocery,2,36.03,New,72.06
502309,2025-09-24,10340,Dog Food,Pet Care,2,791.48,New,1582.96
500161,2025-09-25,10023,Yoga Mat,Fitness,1,661.87,Loyal,661.87
500161,2025-09-25,10023,Protein Bar,Fitness,1,92.65,Loyal,92.65
500161,2025-09-25,10023,Water Bottle,Lifestyle,2,256.92,Loyal,513.84
500299,2025-09-25,10042,Yoga Mat,Fitness,1,551.69,Champions,551.69
500299,2025-09-25,10042,Protein Bar,Fitness,1,90.8,Champions,90.8
500299,2025-09-25,10042,Water Bottle,Lifestyle,1,224.49,Champions,224.49
501966,2025-09-25,10294,Tea Pack,Grocery,1,125.92,Champions,125.92
501966,2025-09-25,10294,Sugar,Grocery,2,58.14,Champions,116.28
501966,2025-09-25,10294,Milk,Grocery,2,35.19,Champions,70.38
501966,2025-09-25,10294,Protein Bar,Fitness,2,90.77,Champions,181.54
502087,2025-09-25,10312,Notebook,Stationery,1,59.1,Champions,59.1
502087,2025-09-25,10312,Pen Pack,Stationery,1,44.07,Champions,44.07
502087,2025-09-25,10312,Highlighter,Stationery,1,70.43,Champions,70.43
502305,2025-09-25,10339,Phone Case,Tech,2,290.9,Champions,581.8
502305,2025-09-25,10339,Screen Guard,Tech,1,210.34,Champions,210.34
502305,2025-09-25,10339,USB Cable,Tech,2,176.92,Champions,353.84
500519,2025-09-26,10077,Bread,Grocery,2,46.71,Champions,93.42
500519,2025-09-26,10077,Butter,Grocery,1,98.21,Champions,98.21
500519,2025-09-26,10077,Jam,Grocery,1,117.8,Champions,117.8
500931,2025-09-26,10139,Dog Food,Pet Care,2,816.51,High Value Rare,1633.02
500931,2025-09-26,10139,Pet Shampoo,Pet Care,1,253.45,High Value Rare,253.45
500989,2025-09-26,10147,Dog Food,Pet Care,2,795.43,New,1590.86
500989,2025-09-26,10147,Pet Shampoo,Pet Care,1,239.61,New,239.61
500989,2025-09-26,10147,Bread,Grocery,1,43.65,New,43.65
501213,2025-09-26,10177,Tea Pack,Grocery,2,112.72,Loyal,225.44
501213,2025-09-26,10177,Sugar,Grocery,1,57.38,Loyal,57.38
501213,2025-09-26,10177,Milk,Grocery,1,37.79,Loyal,37.79
501830,2025-09-26,10274,Dog Food,Pet Care,1,810.44,New,810.44
501830,2025-09-26,10274,Pet Shampoo,Pet Care,2,273.19,New,546.38
501830,2025-09-26,10274,Highlighter,Stationery,1,69.97,New,69.97
502058,2025-09-26,10310,Dog Food,Pet Care,1,702.28,New,702.28
502058,2025-09-26,10310,Pet Shampoo,Pet Care,1,276.09,New,276.09
502058,2025-09-26,10310,Butter,Grocery,4,91.0,New,364.0
500300,2025-09-27,10042,Baby Diapers,Baby Care,3,525.75,Champions,1577.25
500300,2025-09-27,10042,Baby Wipes,Baby Care,1,182.04,Champions,182.04
500300,2025-09-27,10042,Baby Lotion,Baby Care,2,263.16,Champions,526.32
500741,2025-09-27,10108,Dog Food,Pet Care,1,754.94,Loyal,754.94
500741,2025-09-27,10108,Pet Shampoo,Pet Care,1,282.12,Loyal,282.12
500907,2025-09-27,10135,Tea Pack,Grocery,1,110.64,Loyal,110.64
500907,2025-09-27,10135,Sugar,Grocery,1,50.69,Loyal,50.69
500907,2025-09-27,10135,Milk,Grocery,1,37.79,Loyal,37.79
501772,2025-09-27,10262,Lunch Box,Lifestyle,4,332.18,Champions,1328.72
501772,2025-09-27,10262,Water Bottle,Lifestyle,1,250.71,Champions,250.71
500144,2025-09-28,10021,Tea Pack,Grocery,2,118.79,Champions,237.58
500144,2025-09-28,10021,Sugar,Grocery,1,55.63,Champions,55.63
500144,2025-09-28,10021,Milk,Grocery,1,34.68,Champions,34.68
500221,2025-09-28,10032,Notebook,Stationery,2,57.93,Champions,115.86
500221,2025-09-28,10032,Pen Pack,Stationery,1,42.68,Champions,42.68
500221,2025-09-28,10032,Highlighter,Stationery,1,67.82,Champions,67.82
501355,2025-09-28,10202,Baby Diapers,Baby Care,2,566.2,Champions,1132.4
501355,2025-09-28,10202,Baby Wipes,Baby Care,3,198.5,Champions,595.5
501355,2025-09-28,10202,Baby Lotion,Baby Care,2,247.96,Champions,495.92
501562,2025-09-28,10227,Dog Food,Pet Care,4,857.54,Loyal,3430.16
501562,2025-09-28,10227,Pet Shampoo,Pet Care,1,278.5,Loyal,278.5
501562,2025-09-28,10227,Protein Bar,Fitness,1,97.09,Loyal,97.09
501640,2025-09-28,10240,Bread,Grocery,1,41.86,High Value Rare,41.86
501640,2025-09-28,10240,Butter,Grocery,3,95.45,High Value Rare,286.35
501640,2025-09-28,10240,Jam,Grocery,1,116.19,High Value Rare,116.19
501671,2025-09-28,10244,Bread,Grocery,1,44.49,Champions,44.49
501671,2025-09-28,10244,Butter,Grocery,1,92.27,Champions,92.27
501671,2025-09-28,10244,Jam,Grocery,1,112.26,Champions,112.26
501671,2025-09-28,10244,Milk,Grocery,2,35.27,Champions,70.54
501776,2025-09-28,10263,Phone Case,Tech,4,307.52,New,1230.08
501776,2025-09-28,10263,Screen Guard,Tech,2,204.37,New,408.74
501776,2025-09-28,10263,USB Cable,Tech,2,187.69,New,375.38
501776,2025-09-28,10263,Water Bottle,Lifestyle,1,248.09,New,248.09
501821,2025-09-28,10269,Lunch Box,Lifestyle,1,369.61,Loyal,369.61
501821,2025-09-28,10269,Water Bottle,Lifestyle,3,249.93,Loyal,749.79
501831,2025-09-28,10274,Phone Case,Tech,1,296.79,New,296.79
501831,2025-09-28,10274,Screen Guard,Tech,1,216.21,New,216.21
501831,2025-09-28,10274,USB Cable,Tech,1,180.68,New,180.68
502016,2025-09-28,10300,Lunch Box,Lifestyle,2,357.64,Champions,715.28
502016,2025-09-28,10300,Water Bottle,Lifestyle,1,255.21,Champions,255.21
500043,2025-09-29,10005,Coffee Powder,Grocery,3,205.53,Champions,616.59
500043,2025-09-29,10005,Sugar,Grocery,1,56.39,Champions,56.39
500043,2025-09-29,10005,Milk,Grocery,1,35.48,Champions,35.48
500365,2025-09-29,10056,Dog Food,Pet Care,2,716.01,Champions,1432.02
500365,2025-09-29,10056,Pet Shampoo,Pet Care,1,264.38,Champions,264.38
500388,2025-09-29,10058,Notebook,Stationery,1,60.23,Champions,60.23
500388,2025-09-29,10058,Pen Pack,Stationery,1,40.95,Champions,40.95
500388,2025-09-29,10058,Highlighter,Stationery,1,67.24,Champions,67.24
501123,2025-09-29,10166,Yoga Mat,Fitness,1,611.65,Loyal,611.65
501123,2025-09-29,10166,Protein Bar,Fitness,1,97.57,Loyal,97.57
501123,2025-09-29,10166,Water Bottle,Lifestyle,3,272.26,Loyal,816.78
501168,2025-09-29,10171,Bread,Grocery,2,47.57,Champions,95.14
501168,2025-09-29,10171,Butter,Grocery,1,103.49,Champions,103.49
501168,2025-09-29,10171,Jam,Grocery,1,102.56,Champions,102.56
501889,2025-09-29,10283,Dog Food,Pet Care,2,754.62,Champions,1509.24
501889,2025-09-29,10283,Pet Shampoo,Pet Care,1,237.73,Champions,237.73
500488,2025-09-30,10072,Dog Food,Pet Care,1,728.38,Champions,728.38
500488,2025-09-30,10072,Pet Shampoo,Pet Care,1,239.43,Champions,239.43
501543,2025-09-30,10224,Yoga Mat,Fitness,1,613.65,Loyal,613.65
501543,2025-09-30,10224,Protein Bar,Fitness,1,84.02,Loyal,84.02
501543,2025-09-30,10224,Water Bottle,Lifestyle,1,260.63,Loyal,260.63
501543,2025-09-30,10224,Bread,Grocery,2,44.44,Loyal,88.88
501718,2025-09-30,10254,Dog Food,Pet Care,1,764.17,Champions,764.17
501718,2025-09-30,10254,Pet Shampoo,Pet Care,1,250.27,Champions,250.27
501718,2025-09-30,10254,Baby Lotion,Baby Care,1,235.04,Champions,235.04
501822,2025-09-30,10269,Baby Diapers,Baby Care,2,543.37,Loyal,1086.74
501822,2025-09-30,10269,Baby Wipes,Baby Care,1,175.73,Loyal,175.73
501822,2025-09-30,10269,Baby Lotion,Baby Care,1,246.78,Loyal,246.78
500592,2025-10-01,10084,Tea Pack,Grocery,3,135.33,Loyal,405.99
500592,2025-10-01,10084,Sugar,Grocery,1,49.37,Loyal,49.37
500592,2025-10-01,10084,Milk,Grocery,1,36.89,Loyal,36.89
500675,2025-10-01,10099,Novel,Books,1,241.08,Champions,241.08
500675,2025-10-01,10099,Exam Guide,Books,1,421.03,Champions,421.03
500706,2025-10-01,10102,Dog Food,Pet Care,2,725.55,Loyal,1451.1
500706,2025-10-01,10102,Pet Shampoo,Pet Care,2,257.38,Loyal,514.76
500706,2025-10-01,10102,Screen Guard,Tech,1,217.21,Loyal,217.21
501169,2025-10-01,10171,Coffee Powder,Grocery,2,188.07,Champions,376.14
501169,2025-10-01,10171,Sugar,Grocery,1,51.15,Champions,51.15
501169,2025-10-01,10171,Milk,Grocery,1,31.19,Champions,31.19
501169,2025-10-01,10171,Water Bottle,Lifestyle,1,279.35,Champions,279.35
502106,2025-10-01,10316,Dog Food,Pet Care,3,768.34,Loyal,2305.02
502106,2025-10-01,10316,Pet Shampoo,Pet Care,4,257.95,Loyal,1031.8
502106,2025-10-01,10316,Lunch Box,Lifestyle,1,350.67,Loyal,350.67
502130,2025-10-01,10318,Coffee Powder,Grocery,2,190.26,Champions,380.52
502130,2025-10-01,10318,Sugar,Grocery,1,56.63,Champions,56.63
502130,2025-10-01,10318,Milk,Grocery,4,35.77,Champions,143.08
502130,2025-10-01,10318,Yoga Mat,Fitness,1,709.58,Champions,709.58
500127,2025-10-02,10019,Coffee Powder,Grocery,1,199.58,Loyal,199.58
500127,2025-10-02,10019,Sugar,Grocery,4,53.87,Loyal,215.48
500127,2025-10-02,10019,Milk,Grocery,1,35.58,Loyal,35.58
500957,2025-10-02,10143,Yoga Mat,Fitness,1,646.8,Loyal,646.8
500957,2025-10-02,10143,Protein Bar,Fitness,2,82.27,Loyal,164.54
500957,2025-10-02,10143,Water Bottle,Lifestyle,1,273.02,Loyal,273.02
500957,2025-10-02,10143,Coffee Powder,Grocery,3,150.39,Loyal,451.17
500172,2025-10-03,10026,Novel,Books,1,254.51,Loyal,254.51
500172,2025-10-03,10026,Exam Guide,Books,1,440.77,Loyal,440.77
500172,2025-10-03,10026,Coffee Powder,Grocery,1,181.81,Loyal,181.81
500283,2025-10-03,10040,Notebook,Stationery,1,60.17,Champions,60.17
500283,2025-10-03,10040,Pen Pack,Stationery,2,41.64,Champions,83.28
500283,2025-10-03,10040,Highlighter,Stationery,1,72.15,Champions,72.15
500366,2025-10-03,10056,Tea Pack,Grocery,1,125.82,Champions,125.82
500366,2025-10-03,10056,Sugar,Grocery,1,61.17,Champions,61.17
500366,2025-10-03,10056,Milk,Grocery,1,33.95,Champions,33.95
500366,2025-10-03,10056,Dog Food,Pet Care,2,746.37,Champions,1492.74
500935,2025-10-03,10140,Baby Diapers,Baby Care,1,538.33,High Value Rare,538.33
500935,2025-10-03,10140,Baby Wipes,Baby Care,1,172.8,High Value Rare,172.8
500935,2025-10-03,10140,Baby Lotion,Baby Care,1,250.91,High Value Rare,250.91
501024,2025-10-03,10151,Notebook,Stationery,1,61.51,Loyal,61.51
501024,2025-10-03,10151,Pen Pack,Stationery,1,42.49,Loyal,42.49
501024,2025-10-03,10151,Highlighter,Stationery,2,76.0,Loyal,152.0
501373,2025-10-03,10205,Coffee Powder,Grocery,1,171.07,Champions,171.07
501373,2025-10-03,10205,Sugar,Grocery,1,52.89,Champions,52.89
501373,2025-10-03,10205,Milk,Grocery,1,37.04,Champions,37.04
501373,2025-10-03,10205,Notebook,Stationery,1,64.53,Champions,64.53
500520,2025-10-04,10077,Novel,Books,4,264.76,Champions,1059.04
500520,2025-10-04,10077,Exam Guide,Books,1,443.06,Champions,443.06
500520,2025-10-04,10077,Baby Wipes,Baby Care,4,167.7,Champions,670.8
500616,2025-10-04,10089,Coffee Powder,Grocery,1,174.92,New,174.92
500616,2025-10-04,10089,Sugar,Grocery,1,50.34,New,50.34
500616,2025-10-04,10089,Milk,Grocery,1,34.77,New,34.77
500616,2025-10-04,10089,Dumbbell Pair,Fitness,1,1059.59,New,1059.59
500862,2025-10-04,10128,Lunch Box,Lifestyle,1,354.87,Champions,354.87
500862,2025-10-04,10128,Water Bottle,Lifestyle,1,237.8,Champions,237.8
501346,2025-10-04,10201,Bread,Grocery,1,48.37,Champions,48.37
501346,2025-10-04,10201,Butter,Grocery,1,95.86,Champions,95.86
501346,2025-10-04,10201,Jam,Grocery,1,108.2,Champions,108.2
502238,2025-10-04,10332,Dog Food,Pet Care,1,792.71,Champions,792.71
502238,2025-10-04,10332,Pet Shampoo,Pet Care,3,245.02,Champions,735.06
500222,2025-10-05,10032,Phone Case,Tech,2,295.39,Champions,590.78
500222,2025-10-05,10032,Screen Guard,Tech,1,206.65,Champions,206.65
500222,2025-10-05,10032,USB Cable,Tech,1,180.86,Champions,180.86
501405,2025-10-05,10208,Dog Food,Pet Care,2,823.1,Champions,1646.2
501405,2025-10-05,10208,Pet Shampoo,Pet Care,1,284.18,Champions,284.18
501890,2025-10-05,10283,Phone Case,Tech,1,279.13,Champions,279.13
501890,2025-10-05,10283,Screen Guard,Tech,2,193.33,Champions,386.66
501890,2025-10-05,10283,USB Cable,Tech,2,161.94,Champions,323.88
501890,2025-10-05,10283,Baby Diapers,Baby Care,1,552.28,Champions,552.28
501944,2025-10-05,10291,Notebook,Stationery,1,58.58,Champions,58.58
501944,2025-10-05,10291,Pen Pack,Stationery,2,42.91,Champions,85.82
501944,2025-10-05,10291,Highlighter,Stationery,2,74.24,Champions,148.48
502255,2025-10-05,10333,Coffee Powder,Grocery,2,166.01,Champions,332.02
502255,2025-10-05,10333,Sugar,Grocery,1,55.41,Champions,55.41
502255,2025-10-05,10333,Milk,Grocery,1,35.02,Champions,35.02
500408,2025-10-06,10060,Tea Pack,Grocery,1,128.86,Loyal,128.86
500408,2025-10-06,10060,Sugar,Grocery,2,53.78,Loyal,107.56
500408,2025-10-06,10060,Milk,Grocery,1,34.85,Loyal,34.85
500521,2025-10-06,10077,Bread,Grocery,1,46.28,Champions,46.28
500521,2025-10-06,10077,Butter,Grocery,1,83.77,Champions,83.77
500521,2025-10-06,10077,Jam,Grocery,1,115.69,Champions,115.69
500521,2025-10-06,10077,Phone Case,Tech,1,292.1,Champions,292.1
500777,2025-10-06,10111,Coffee Powder,Grocery,2,150.67,Champions,301.34
500777,2025-10-06,10111,Sugar,Grocery,1,57.33,Champions,57.33
500777,2025-10-06,10111,Milk,Grocery,1,33.28,Champions,33.28
500777,2025-10-06,10111,Dog Food,Pet Care,2,861.37,Champions,1722.74
501116,2025-10-06,10164,Phone Case,Tech,1,297.03,Champions,297.03
501116,2025-10-06,10164,Screen Guard,Tech,1,194.74,Champions,194.74
501116,2025-10-06,10164,USB Cable,Tech,1,183.33,Champions,183.33
502380,2025-10-06,10158,Dog Food,Pet Care,50,778.14,Synthetic anomaly,38907.0
500629,2025-10-07,10090,Notebook,Stationery,1,62.97,Champions,62.97
500629,2025-10-07,10090,Pen Pack,Stationery,3,38.41,Champions,115.23
500629,2025-10-07,10090,Highlighter,Stationery,1,81.61,Champions,81.61
500661,2025-10-07,10098,Lunch Box,Lifestyle,1,342.73,Champions,342.73
500661,2025-10-07,10098,Water Bottle,Lifestyle,1,238.71,Champions,238.71
500661,2025-10-07,10098,Pet Shampoo,Pet Care,1,267.11,Champions,267.11
502088,2025-10-07,10312,Yoga Mat,Fitness,1,708.47,Champions,708.47
502088,2025-10-07,10312,Protein Bar,Fitness,2,90.27,Champions,180.54
502088,2025-10-07,10312,Water Bottle,Lifestyle,1,272.36,Champions,272.36
500093,2025-10-08,10013,Coffee Powder,Grocery,1,179.13,Loyal,179.13
500093,2025-10-08,10013,Sugar,Grocery,1,52.25,Loyal,52.25
500093,2025-10-08,10013,Milk,Grocery,2,34.75,Loyal,69.5
500093,2025-10-08,10013,Jam,Grocery,1,105.81,Loyal,105.81
500433,2025-10-08,10064,Lunch Box,Lifestyle,1,346.86,Loyal,346.86
500433,2025-10-08,10064,Water Bottle,Lifestyle,1,247.84,Loyal,247.84
500688,2025-10-08,10100,Tea Pack,Grocery,1,121.28,Champions,121.28
500688,2025-10-08,10100,Sugar,Grocery,1,52.85,Champions,52.85
500688,2025-10-08,10100,Milk,Grocery,1,32.57,Champions,32.57
501064,2025-10-08,10158,Dog Food,Pet Care,1,779.76,Loyal,779.76
501064,2025-10-08,10158,Pet Shampoo,Pet Care,4,249.58,Loyal,998.32
501823,2025-10-08,10269,Lunch Box,Lifestyle,1,347.64,Loyal,347.64
501823,2025-10-08,10269,Water Bottle,Lifestyle,1,217.12,Loyal,217.12
502199,2025-10-08,10328,Phone Case,Tech,1,301.47,Loyal,301.47
502199,2025-10-08,10328,Screen Guard,Tech,1,194.06,Loyal,194.06
502199,2025-10-08,10328,USB Cable,Tech,2,183.54,Loyal,367.08
502276,2025-10-08,10335,Dog Food,Pet Care,1,855.14,Champions,855.14
502276,2025-10-08,10335,Pet Shampoo,Pet Care,1,266.29,Champions,266.29
500033,2025-10-09,10004,Dog Food,Pet Care,2,730.91,Champions,1461.82
500033,2025-10-09,10004,Pet Shampoo,Pet Care,1,269.71,Champions,269.71
500145,2025-10-09,10021,Baby Diapers,Baby Care,1,525.26,Champions,525.26
500145,2025-10-09,10021,Baby Wipes,Baby Care,1,181.06,Champions,181.06
500145,2025-10-09,10021,Baby Lotion,Baby Care,1,237.83,Champions,237.83
500145,2025-10-09,10021,Dumbbell Pair,Fitness,4,1163.49,Champions,4653.96
501025,2025-10-09,10151,Dog Food,Pet Care,3,855.96,Loyal,2567.88
501025,2025-10-09,10151,Pet Shampoo,Pet Care,2,272.4,Loyal,544.8
501276,2025-10-09,10189,Yoga Mat,Fitness,1,661.48,Loyal,661.48
501276,2025-10-09,10189,Protein Bar,Fitness,2,95.53,Loyal,191.06
501276,2025-10-09,10189,Water Bottle,Lifestyle,1,260.31,Loyal,260.31
501654,2025-10-09,10243,Novel,Books,1,246.6,Loyal,246.6
501654,2025-10-09,10243,Exam Guide,Books,2,431.48,Loyal,862.96
501724,2025-10-09,10256,Phone Case,Tech,1,334.99,High Value Rare,334.99
501724,2025-10-09,10256,Screen Guard,Tech,2,203.32,High Value Rare,406.64
501724,2025-10-09,10256,USB Cable,Tech,1,168.22,High Value Rare,168.22
502117,2025-10-09,10317,Tea Pack,Grocery,1,133.43,Champions,133.43
502117,2025-10-09,10317,Sugar,Grocery,4,56.84,Champions,227.36
502117,2025-10-09,10317,Milk,Grocery,1,34.4,Champions,34.4
500426,2025-10-10,10063,Coffee Powder,Grocery,1,174.61,Loyal,174.61
500426,2025-10-10,10063,Sugar,Grocery,1,59.69,Loyal,59.69
500426,2025-10-10,10063,Milk,Grocery,1,39.09,Loyal,39.09
500461,2025-10-10,10068,Dog Food,Pet Care,1,746.62,Champions,746.62
500461,2025-10-10,10068,Pet Shampoo,Pet Care,1,270.44,Champions,270.44
501641,2025-10-10,10240,Phone Case,Tech,2,308.66,High Value Rare,617.32
501641,2025-10-10,10240,Screen Guard,Tech,2,203.14,High Value Rare,406.28
501641,2025-10-10,10240,USB Cable,Tech,2,198.06,High Value Rare,396.12
501954,2025-10-10,10293,Lunch Box,Lifestyle,1,348.37,Loyal,348.37
501954,2025-10-10,10293,Water Bottle,Lifestyle,4,229.23,Loyal,916.92
501954,2025-10-10,10293,Protein Bar,Fitness,1,88.54,Loyal,88.54
500005,2025-10-11,10000,Bread,Grocery,1,40.24,Loyal,40.24
500005,2025-10-11,10000,Butter,Grocery,1,103.55,Loyal,103.55
500005,2025-10-11,10000,Jam,Grocery,1,105.03,Loyal,105.03
500005,2025-10-11,10000,Jam,Grocery,2,121.05,Loyal,242.1
500056,2025-10-11,10006,Coffee Powder,Grocery,4,189.37,Champions,757.48
500056,2025-10-11,10006,Sugar,Grocery,1,53.75,Champions,53.75
500056,2025-10-11,10006,Milk,Grocery,1,38.06,Champions,38.06
500374,2025-10-11,10057,Lunch Box,Lifestyle,1,362.8,Loyal,362.8
500374,2025-10-11,10057,Water Bottle,Lifestyle,1,238.87,Loyal,238.87
501356,2025-10-11,10202,Baby Diapers,Baby Care,1,557.61,Champions,557.61
501356,2025-10-11,10202,Baby Wipes,Baby Care,1,167.73,Champions,167.73
501356,2025-10-11,10202,Baby Lotion,Baby Care,1,247.68,Champions,247.68
501356,2025-10-11,10202,USB Cable,Tech,1,187.9,Champions,187.9
501452,2025-10-11,10213,Phone Case,Tech,1,329.89,Loyal,329.89
501452,2025-10-11,10213,Screen Guard,Tech,2,186.59,Loyal,373.18
501452,2025-10-11,10213,USB Cable,Tech,1,167.08,Loyal,167.08
501544,2025-10-11,10224,Tea Pack,Grocery,2,121.13,Loyal,242.26
501544,2025-10-11,10224,Sugar,Grocery,1,48.1,Loyal,48.1
501544,2025-10-11,10224,Milk,Grocery,1,34.19,Loyal,34.19
501983,2025-10-11,10297,Yoga Mat,Fitness,1,711.53,Loyal,711.53
501983,2025-10-11,10297,Protein Bar,Fitness,1,85.5,Loyal,85.5
501983,2025-10-11,10297,Water Bottle,Lifestyle,1,241.49,Loyal,241.49
502209,2025-10-11,10329,Coffee Powder,Grocery,1,191.18,Loyal,191.18
502209,2025-10-11,10329,Sugar,Grocery,1,55.57,Loyal,55.57
502209,2025-10-11,10329,Milk,Grocery,1,33.91,Loyal,33.91
500117,2025-10-12,10016,Lunch Box,Lifestyle,3,356.43,Loyal,1069.29
500117,2025-10-12,10016,Water Bottle,Lifestyle,1,261.76,Loyal,261.76
500117,2025-10-12,10016,Baby Diapers,Baby Care,1,587.58,Loyal,587.58
500724,2025-10-12,10106,Novel,Books,1,234.09,Loyal,234.09
500724,2025-10-12,10106,Exam Guide,Books,2,457.16,Loyal,914.32
500778,2025-10-12,10111,Notebook,Stationery,1,55.02,Champions,55.02
500778,2025-10-12,10111,Pen Pack,Stationery,1,39.23,Champions,39.23
500778,2025-10-12,10111,Highlighter,Stationery,4,81.12,Champions,324.48
501307,2025-10-12,10194,Novel,Books,1,256.93,Loyal,256.93
501307,2025-10-12,10194,Exam Guide,Books,1,426.63,Loyal,426.63
500301,2025-10-13,10042,Dog Food,Pet Care,1,782.21,Champions,782.21
500301,2025-10-13,10042,Pet Shampoo,Pet Care,2,270.84,Champions,541.68
500434,2025-10-13,10064,Lunch Box,Lifestyle,1,354.79,Loyal,354.79
500434,2025-10-13,10064,Water Bottle,Lifestyle,1,233.59,Loyal,233.59
500522,2025-10-13,10077,Yoga Mat,Fitness,1,648.4,Champions,648.4
500522,2025-10-13,10077,Protein Bar,Fitness,3,91.38,Champions,274.14
500522,2025-10-13,10077,Water Bottle,Lifestyle,1,261.31,Champions,261.31
500838,2025-10-13,10124,Lunch Box,Lifestyle,2,348.44,Loyal,696.88
500838,2025-10-13,10124,Water Bottle,Lifestyle,1,264.43,Loyal,264.43
500967,2025-10-13,10144,Yoga Mat,Fitness,1,591.71,Loyal,591.71
500967,2025-10-13,10144,Protein Bar,Fitness,1,94.62,Loyal,94.62
500967,2025-10-13,10144,Water Bottle,Lifestyle,1,214.09,Loyal,214.09
501032,2025-10-13,10152,Phone Case,Tech,1,292.74,Champions,292.74
501032,2025-10-13,10152,Screen Guard,Tech,1,206.7,Champions,206.7
501032,2025-10-13,10152,USB Cable,Tech,1,169.44,Champions,169.44
501745,2025-10-13,10259,Dog Food,Pet Care,1,827.44,Champions,827.44
501745,2025-10-13,10259,Pet Shampoo,Pet Care,2,277.54,Champions,555.08
501710,2025-10-14,10253,Bread,Grocery,1,44.97,Loyal,44.97
501710,2025-10-14,10253,Butter,Grocery,1,91.16,Loyal,91.16
501710,2025-10-14,10253,Jam,Grocery,1,108.82,Loyal,108.82
501914,2025-10-14,10288,Notebook,Stationery,2,57.99,Loyal,115.98
501914,2025-10-14,10288,Pen Pack,Stationery,2,36.46,Loyal,72.92
501914,2025-10-14,10288,Highlighter,Stationery,1,72.14,Loyal,72.14
502171,2025-10-14,10323,Baby Diapers,Baby Care,1,594.86,Loyal,594.86
502171,2025-10-14,10323,Baby Wipes,Baby Care,1,172.5,Loyal,172.5
502171,2025-10-14,10323,Baby Lotion,Baby Care,1,223.57,Loyal,223.57
502210,2025-10-14,10329,Dog Food,Pet Care,2,836.67,Loyal,1673.34
502210,2025-10-14,10329,Pet Shampoo,Pet Care,1,286.83,Loyal,286.83
501416,2025-10-15,10209,Yoga Mat,Fitness,1,637.78,Champions,637.78
501416,2025-10-15,10209,Protein Bar,Fitness,1,100.62,Champions,100.62
501416,2025-10-15,10209,Water Bottle,Lifestyle,1,248.49,Champions,248.49
501563,2025-10-15,10227,Lunch Box,Lifestyle,1,351.05,Loyal,351.05
501563,2025-10-15,10227,Water Bottle,Lifestyle,1,227.43,Loyal,227.43
501915,2025-10-15,10288,Tea Pack,Grocery,1,111.29,Loyal,111.29
501915,2025-10-15,10288,Sugar,Grocery,1,51.96,Loyal,51.96
501915,2025-10-15,10288,Milk,Grocery,1,34.44,Loyal,34.44
500258,2025-10-16,10037,Bread,Grocery,1,41.18,Champions,41.18
500258,2025-10-16,10037,Butter,Grocery,1,91.34,Champions,91.34
500258,2025-10-16,10037,Jam,Grocery,1,115.68,Champions,115.68
500462,2025-10-16,10068,Tea Pack,Grocery,1,115.71,Champions,115.71
500462,2025-10-16,10068,Sugar,Grocery,1,55.08,Champions,55.08
500462,2025-10-16,10068,Milk,Grocery,1,34.97,Champions,34.97
500462,2025-10-16,10068,Exam Guide,Books,2,403.69,Champions,807.38
500489,2025-10-16,10072,Novel,Books,1,243.18,Champions,243.18
500489,2025-10-16,10072,Exam Guide,Books,1,409.83,Champions,409.83
501145,2025-10-16,10168,Yoga Mat,Fitness,1,651.07,Champions,651.07
501145,2025-10-16,10168,Protein Bar,Fitness,1,94.64,Champions,94.64
501145,2025-10-16,10168,Water Bottle,Lifestyle,1,255.51,Champions,255.51
502118,2025-10-16,10317,Dog Food,Pet Care,3,769.68,Champions,2309.04
502118,2025-10-16,10317,Pet Shampoo,Pet Care,1,243.19,Champions,243.19
500312,2025-10-17,10044,Baby Diapers,Baby Care,2,597.3,Loyal,1194.6
500312,2025-10-17,10044,Baby Wipes,Baby Care,3,180.74,Loyal,542.22
500312,2025-10-17,10044,Baby Lotion,Baby Care,1,234.65,Loyal,234.65
500312,2025-10-17,10044,USB Cable,Tech,1,168.24,Loyal,168.24
500389,2025-10-17,10058,Phone Case,Tech,3,306.74,Champions,920.22
500389,2025-10-17,10058,Screen Guard,Tech,1,196.45,Champions,196.45
500389,2025-10-17,10058,USB Cable,Tech,2,188.43,Champions,376.86
501315,2025-10-17,10195,Coffee Powder,Grocery,3,195.09,Loyal,585.27
501315,2025-10-17,10195,Sugar,Grocery,2,59.39,Loyal,118.78
501315,2025-10-17,10195,Milk,Grocery,1,35.37,Loyal,35.37
501564,2025-10-17,10227,Phone Case,Tech,1,273.13,Loyal,273.13
501564,2025-10-17,10227,Screen Guard,Tech,1,188.44,Loyal,188.44
501564,2025-10-17,10227,USB Cable,Tech,2,193.8,Loyal,387.6
502330,2025-10-17,10344,Baby Diapers,Baby Care,3,561.99,Loyal,1685.97
502330,2025-10-17,10344,Baby Wipes,Baby Care,1,162.69,Loyal,162.69
502330,2025-10-17,10344,Baby Lotion,Baby Care,1,238.94,Loyal,238.94
502330,2025-10-17,10344,Lunch Box,Lifestyle,4,341.61,Loyal,1366.44
500427,2025-10-18,10063,Baby Diapers,Baby Care,1,566.05,Loyal,566.05
500427,2025-10-18,10063,Baby Wipes,Baby Care,1,169.36,Loyal,169.36
500427,2025-10-18,10063,Baby Lotion,Baby Care,2,250.47,Loyal,500.94
500593,2025-10-18,10084,Lunch Box,Lifestyle,1,369.72,Loyal,369.72
500593,2025-10-18,10084,Water Bottle,Lifestyle,1,241.41,Loyal,241.41
500755,2025-10-18,10109,Novel,Books,1,244.67,Champions,244.67
500755,2025-10-18,10109,Exam Guide,Books,2,423.3,Champions,846.6
500981,2025-10-18,10145,Coffee Powder,Grocery,1,167.31,Champions,167.31
500981,2025-10-18,10145,Sugar,Grocery,1,51.48,Champions,51.48
500981,2025-10-18,10145,Milk,Grocery,2,36.02,Champions,72.04
501955,2025-10-18,10293,Bread,Grocery,1,47.62,Loyal,47.62
501955,2025-10-18,10293,Butter,Grocery,1,97.16,Loyal,97.16
501955,2025-10-18,10293,Jam,Grocery,1,104.8,Loyal,104.8
501955,2025-10-18,10293,Bread,Grocery,1,47.77,Loyal,47.77
500302,2025-10-19,10042,Novel,Books,1,254.43,Champions,254.43
500302,2025-10-19,10042,Exam Guide,Books,1,402.88,Champions,402.88
500302,2025-10-19,10042,Pet Shampoo,Pet Care,1,267.63,Champions,267.63
500676,2025-10-19,10099,Baby Diapers,Baby Care,1,646.7,Champions,646.7
500676,2025-10-19,10099,Baby Wipes,Baby Care,4,199.93,Champions,799.72
500676,2025-10-19,10099,Baby Lotion,Baby Care,1,225.89,Champions,225.89
500676,2025-10-19,10099,Butter,Grocery,1,90.43,Champions,90.43
500990,2025-10-19,10147,Novel,Books,1,235.07,New,235.07
500990,2025-10-19,10147,Exam Guide,Books,1,384.08,New,384.08
500990,2025-10-19,10147,Highlighter,Stationery,1,69.88,New,69.88
501702,2025-10-19,10251,Tea Pack,Grocery,1,115.58,Loyal,115.58
501702,2025-10-19,10251,Sugar,Grocery,1,56.34,Loyal,56.34
501702,2025-10-19,10251,Milk,Grocery,1,33.99,Loyal,33.99
501702,2025-10-19,10251,Dumbbell Pair,Fitness,1,1047.94,Loyal,1047.94
500146,2025-10-20,10021,Novel,Books,2,247.3,Champions,494.6
500146,2025-10-20,10021,Exam Guide,Books,1,436.49,Champions,436.49
500477,2025-10-20,10071,Baby Diapers,Baby Care,3,603.34,Loyal,1810.02
500477,2025-10-20,10071,Baby Wipes,Baby Care,2,166.0,Loyal,332.0
500477,2025-10-20,10071,Baby Lotion,Baby Care,1,261.49,Loyal,261.49
500756,2025-10-20,10109,Dog Food,Pet Care,1,880.61,Champions,880.61
500756,2025-10-20,10109,Pet Shampoo,Pet Care,3,262.18,Champions,786.54
501243,2025-10-20,10181,Lunch Box,Lifestyle,1,358.2,Champions,358.2
501243,2025-10-20,10181,Water Bottle,Lifestyle,1,240.3,Champions,240.3
502005,2025-10-20,10299,Notebook,Stationery,1,60.16,Champions,60.16
502005,2025-10-20,10299,Pen Pack,Stationery,2,40.73,Champions,81.46
502005,2025-10-20,10299,Highlighter,Stationery,1,77.65,Champions,77.65
502005,2025-10-20,10299,Highlighter,Stationery,2,85.21,Champions,170.42
502269,2025-10-20,10334,Dog Food,Pet Care,2,799.53,Champions,1599.06
502269,2025-10-20,10334,Pet Shampoo,Pet Care,1,249.58,Champions,249.58
500958,2025-10-21,10143,Phone Case,Tech,4,337.59,Loyal,1350.36
500958,2025-10-21,10143,Screen Guard,Tech,1,195.57,Loyal,195.57
500958,2025-10-21,10143,USB Cable,Tech,4,177.95,Loyal,711.8
500162,2025-10-22,10023,Phone Case,Tech,1,279.8,Loyal,279.8
500162,2025-10-22,10023,Screen Guard,Tech,4,209.91,Loyal,839.64
500162,2025-10-22,10023,USB Cable,Tech,1,176.89,Loyal,176.89
500162,2025-10-22,10023,Exam Guide,Books,1,457.57,Loyal,457.57
501287,2025-10-22,10190,Lunch Box,Lifestyle,2,320.87,Champions,641.74
501287,2025-10-22,10190,Water Bottle,Lifestyle,1,224.93,Champions,224.93
502370,2025-10-22,10348,Yoga Mat,Fitness,2,659.28,Loyal,1318.56
502370,2025-10-22,10348,Protein Bar,Fitness,2,84.66,Loyal,169.32
502370,2025-10-22,10348,Water Bottle,Lifestyle,2,258.01,Loyal,516.02
500216,2025-10-23,10031,Lunch Box,Lifestyle,2,340.13,Champions,680.26
500216,2025-10-23,10031,Water Bottle,Lifestyle,1,252.38,Champions,252.38
500216,2025-10-23,10031,Novel,Books,1,267.34,Champions,267.34
501554,2025-10-23,10226,Yoga Mat,Fitness,1,638.3,High Value Rare,638.3
501554,2025-10-23,10226,Protein Bar,Fitness,1,95.36,High Value Rare,95.36
501554,2025-10-23,10226,Water Bottle,Lifestyle,1,249.21,High Value Rare,249.21
501554,2025-10-23,10226,Water Bottle,Lifestyle,2,235.67,High Value Rare,471.34
501655,2025-10-23,10243,Tea Pack,Grocery,2,117.53,Loyal,235.06
501655,2025-10-23,10243,Sugar,Grocery,1,52.67,Loyal,52.67
501655,2025-10-23,10243,Milk,Grocery,1,31.71,Loyal,31.71
501655,2025-10-23,10243,Tea Pack,Grocery,1,114.92,Loyal,114.92
500044,2025-10-24,10005,Coffee Powder,Grocery,1,170.19,Champions,170.19
500044,2025-10-24,10005,Sugar,Grocery,1,47.85,Champions,47.85
500044,2025-10-24,10005,Milk,Grocery,1,37.05,Champions,37.05
500044,2025-10-24,10005,Butter,Grocery,1,96.2,Champions,96.2
500173,2025-10-24,10026,Coffee Powder,Grocery,1,154.65,Loyal,154.65
500173,2025-10-24,10026,Sugar,Grocery,3,60.74,Loyal,182.22
500173,2025-10-24,10026,Milk,Grocery,2,33.51,Loyal,67.02
500630,2025-10-24,10090,Novel,Books,1,257.16,Champions,257.16
500630,2025-10-24,10090,Exam Guide,Books,1,389.77,Champions,389.77
501637,2025-10-24,10239,Tea Pack,Grocery,1,125.19,Champions,125.19
501637,2025-10-24,10239,Sugar,Grocery,2,55.83,Champions,111.66
501637,2025-10-24,10239,Milk,Grocery,1,32.84,Champions,32.84
502119,2025-10-24,10317,Lunch Box,Lifestyle,1,329.93,Champions,329.93
502119,2025-10-24,10317,Water Bottle,Lifestyle,1,237.89,Champions,237.89
500547,2025-10-25,10079,Bread,Grocery,1,47.66,Champions,47.66
500547,2025-10-25,10079,Butter,Grocery,3,100.2,Champions,300.6
500547,2025-10-25,10079,Jam,Grocery,1,104.52,Champions,104.52
502131,2025-10-25,10318,Coffee Powder,Grocery,1,175.8,Champions,175.8
502131,2025-10-25,10318,Sugar,Grocery,2,56.48,Champions,112.96
502131,2025-10-25,10318,Milk,Grocery,1,38.35,Champions,38.35
502131,2025-10-25,10318,Phone Case,Tech,2,308.42,Champions,616.84
502172,2025-10-25,10323,Notebook,Stationery,2,53.21,Loyal,106.42
502172,2025-10-25,10323,Pen Pack,Stationery,1,36.63,Loyal,36.63
502172,2025-10-25,10323,Highlighter,Stationery,1,79.03,Loyal,79.03
502172,2025-10-25,10323,Coffee Powder,Grocery,1,166.13,Loyal,166.13
500463,2025-10-26,10068,Novel,Books,1,240.74,Champions,240.74
500463,2025-10-26,10068,Exam Guide,Books,1,391.13,Champions,391.13
500839,2025-10-26,10124,Coffee Powder,Grocery,1,163.95,Loyal,163.95
500839,2025-10-26,10124,Sugar,Grocery,1,50.26,Loyal,50.26
500839,2025-10-26,10124,Milk,Grocery,1,34.43,Loyal,34.43
500839,2025-10-26,10124,Milk,Grocery,1,36.21,Loyal,36.21
501225,2025-10-26,10179,Coffee Powder,Grocery,1,168.99,Champions,168.99
501225,2025-10-26,10179,Sugar,Grocery,1,59.65,Champions,59.65
501225,2025-10-26,10179,Milk,Grocery,1,38.04,Champions,38.04
501374,2025-10-26,10205,Novel,Books,1,220.19,Champions,220.19
501374,2025-10-26,10205,Exam Guide,Books,1,460.92,Champions,460.92
501945,2025-10-26,10291,Bread,Grocery,2,43.39,Champions,86.78
501945,2025-10-26,10291,Butter,Grocery,2,87.81,Champions,175.62
501945,2025-10-26,10291,Jam,Grocery,1,107.86,Champions,107.86
502217,2025-10-26,10330,Bread,Grocery,1,43.84,Loyal,43.84
502217,2025-10-26,10330,Butter,Grocery,1,94.5,Loyal,94.5
502217,2025-10-26,10330,Jam,Grocery,1,100.3,Loyal,100.3
502360,2025-10-26,10347,Novel,Books,1,236.68,Champions,236.68
502360,2025-10-26,10347,Exam Guide,Books,2,394.08,Champions,788.16
500689,2025-10-27,10100,Notebook,Stationery,3,60.08,Champions,180.24
500689,2025-10-27,10100,Pen Pack,Stationery,2,39.68,Champions,79.36
500689,2025-10-27,10100,Highlighter,Stationery,1,72.4,Champions,72.4
501691,2025-10-27,10250,Notebook,Stationery,1,60.23,Loyal,60.23
501691,2025-10-27,10250,Pen Pack,Stationery,2,41.34,Loyal,82.68
501691,2025-10-27,10250,Highlighter,Stationery,1,66.66,Loyal,66.66
501691,2025-10-27,10250,Sugar,Grocery,1,54.29,Loyal,54.29
502239,2025-10-27,10332,Dog Food,Pet Care,1,815.69,Champions,815.69
502239,2025-10-27,10332,Pet Shampoo,Pet Care,1,257.61,Champions,257.61
502239,2025-10-27,10332,Screen Guard,Tech,2,212.03,Champions,424.06
502256,2025-10-27,10333,Coffee Powder,Grocery,1,179.74,Champions,179.74
502256,2025-10-27,10333,Sugar,Grocery,1,57.76,Champions,57.76
502256,2025-10-27,10333,Milk,Grocery,1,35.77,Champions,35.77
501131,2025-10-28,10167,Yoga Mat,Fitness,1,656.57,Loyal,656.57
501131,2025-10-28,10167,Protein Bar,Fitness,1,85.08,Loyal,85.08
501131,2025-10-28,10167,Water Bottle,Lifestyle,2,249.3,Loyal,498.6
501680,2025-10-28,10248,Coffee Powder,Grocery,2,198.6,High Value Rare,397.2
501680,2025-10-28,10248,Sugar,Grocery,1,50.52,High Value Rare,50.52
501680,2025-10-28,10248,Milk,Grocery,1,36.66,High Value Rare,36.66
502053,2025-10-28,10309,Phone Case,Tech,1,293.16,Loyal,293.16
502053,2025-10-28,10309,Screen Guard,Tech,1,199.73,Loyal,199.73
502053,2025-10-28,10309,USB Cable,Tech,2,177.85,Loyal,355.7
500806,2025-10-29,10117,Bread,Grocery,2,45.36,Loyal,90.72
500806,2025-10-29,10117,Butter,Grocery,2,91.09,Loyal,182.18
500806,2025-10-29,10117,Jam,Grocery,1,118.8,Loyal,118.8
500806,2025-10-29,10117,Protein Bar,Fitness,1,87.08,Loyal,87.08
501288,2025-10-29,10190,Phone Case,Tech,1,280.78,Champions,280.78
501288,2025-10-29,10190,Screen Guard,Tech,1,221.4,Champions,221.4
501288,2025-10-29,10190,USB Cable,Tech,1,189.5,Champions,189.5
501288,2025-10-29,10190,Milk,Grocery,2,36.94,Champions,73.88
500337,2025-10-30,10049,Notebook,Stationery,1,57.64,Loyal,57.64
500337,2025-10-30,10049,Pen Pack,Stationery,1,39.85,Loyal,39.85
500337,2025-10-30,10049,Highlighter,Stationery,1,75.97,Loyal,75.97
500932,2025-10-30,10139,Bread,Grocery,1,42.78,High Value Rare,42.78
500932,2025-10-30,10139,Butter,Grocery,1,87.93,High Value Rare,87.93
500932,2025-10-30,10139,Jam,Grocery,2,98.29,High Value Rare,196.58
501214,2025-10-30,10177,Lunch Box,Lifestyle,1,365.51,Loyal,365.51
501214,2025-10-30,10177,Water Bottle,Lifestyle,1,242.97,Loyal,242.97
501692,2025-10-30,10250,Novel,Books,2,242.13,Loyal,484.26
501692,2025-10-30,10250,Exam Guide,Books,1,428.54,Loyal,428.54
501692,2025-10-30,10250,Pet Shampoo,Pet Care,1,273.65,Loyal,273.65
502054,2025-10-31,10309,Yoga Mat,Fitness,2,660.22,Loyal,1320.44
502054,2025-10-31,10309,Protein Bar,Fitness,1,95.17,Loyal,95.17
502054,2025-10-31,10309,Water Bottle,Lifestyle,1,246.85,Loyal,246.85
502072,2025-10-31,10311,Notebook,Stationery,1,60.47,Champions,60.47
502072,2025-10-31,10311,Pen Pack,Stationery,1,40.05,Champions,40.05
502072,2025-10-31,10311,Highlighter,Stationery,1,76.95,Champions,76.95
502072,2025-10-31,10311,Novel,Books,3,257.49,Champions,772.47
500464,2025-11-01,10068,Dog Food,Pet Care,2,822.11,Champions,1644.22
500464,2025-11-01,10068,Pet Shampoo,Pet Care,1,268.26,Champions,268.26
500779,2025-11-01,10111,Yoga Mat,Fitness,1,684.29,Champions,684.29
500779,2025-11-01,10111,Protein Bar,Fitness,1,86.55,Champions,86.55
500779,2025-11-01,10111,Water Bottle,Lifestyle,1,247.68,Champions,247.68
501375,2025-11-01,10205,Dog Food,Pet Care,1,847.07,Champions,847.07
501375,2025-11-01,10205,Pet Shampoo,Pet Care,1,261.23,Champions,261.23
500174,2025-11-02,10026,Baby Diapers,Baby Care,2,519.04,Loyal,1038.08
500174,2025-11-02,10026,Baby Wipes,Baby Care,1,177.76,Loyal,177.76
500174,2025-11-02,10026,Baby Lotion,Baby Care,1,254.12,Loyal,254.12
500174,2025-11-02,10026,Pen Pack,Stationery,1,40.96,Loyal,40.96
500223,2025-11-02,10032,Baby Diapers,Baby Care,2,507.41,Champions,1014.82
500223,2025-11-02,10032,Baby Wipes,Baby Care,1,163.71,Champions,163.71
500223,2025-11-02,10032,Baby Lotion,Baby Care,1,237.11,Champions,237.11
500523,2025-11-02,10077,Coffee Powder,Grocery,1,194.03,Champions,194.03
500523,2025-11-02,10077,Sugar,Grocery,1,59.31,Champions,59.31
500523,2025-11-02,10077,Milk,Grocery,1,31.91,Champions,31.91
500105,2025-11-03,10015,Notebook,Stationery,2,55.85,Loyal,111.7
500105,2025-11-03,10015,Pen Pack,Stationery,1,40.43,Loyal,40.43
500105,2025-11-03,10015,Highlighter,Stationery,2,75.55,Loyal,151.1
500105,2025-11-03,10015,Dog Food,Pet Care,2,823.26,Loyal,1646.52
500367,2025-11-03,10056,Notebook,Stationery,2,62.82,Champions,125.64
500367,2025-11-03,10056,Pen Pack,Stationery,1,41.7,Champions,41.7
500367,2025-11-03,10056,Highlighter,Stationery,2,78.49,Champions,156.98
500367,2025-11-03,10056,Yoga Mat,Fitness,1,723.68,Champions,723.68
501638,2025-11-03,10239,Notebook,Stationery,1,58.01,Champions,58.01
501638,2025-11-03,10239,Pen Pack,Stationery,1,39.96,Champions,39.96
501638,2025-11-03,10239,Highlighter,Stationery,2,72.01,Champions,144.02
501638,2025-11-03,10239,Butter,Grocery,1,94.78,Champions,94.78
500240,2025-11-04,10036,Novel,Books,2,253.89,Loyal,507.78
500240,2025-11-04,10036,Exam Guide,Books,1,439.56,Loyal,439.56
500822,2025-11-04,10122,Notebook,Stationery,2,60.74,Loyal,121.48
500822,2025-11-04,10122,Pen Pack,Stationery,1,39.9,Loyal,39.9
500822,2025-11-04,10122,Highlighter,Stationery,1,74.56,Loyal,74.56
500982,2025-11-04,10145,Notebook,Stationery,1,59.69,Champions,59.69
500982,2025-11-04,10145,Pen Pack,Stationery,1,40.45,Champions,40.45
500982,2025-11-04,10145,Highlighter,Stationery,1,75.08,Champions,75.08
501033,2025-11-04,10152,Dog Food,Pet Care,1,747.37,Champions,747.37
501033,2025-11-04,10152,Pet Shampoo,Pet Care,3,261.74,Champions,785.22
501033,2025-11-04,10152,Phone Case,Tech,1,310.33,Champions,310.33
501040,2025-11-04,10153,Bread,Grocery,1,45.4,New,45.4
501040,2025-11-04,10153,Butter,Grocery,1,100.62,New,100.62
501040,2025-11-04,10153,Jam,Grocery,1,108.12,New,108.12
501195,2025-11-04,10175,Tea Pack,Grocery,2,121.44,Champions,242.88
501195,2025-11-04,10175,Sugar,Grocery,1,52.78,Champions,52.78
501195,2025-11-04,10175,Milk,Grocery,1,43.17,Champions,43.17
501891,2025-11-04,10283,Coffee Powder,Grocery,1,174.31,Champions,174.31
501891,2025-11-04,10283,Sugar,Grocery,1,51.0,Champions,51.0
501891,2025-11-04,10283,Milk,Grocery,1,32.06,Champions,32.06
502218,2025-11-04,10330,Dog Food,Pet Care,1,748.49,Loyal,748.49
502218,2025-11-04,10330,Pet Shampoo,Pet Care,1,234.32,Loyal,234.32
500231,2025-11-05,10034,Dog Food,Pet Care,3,794.9,High Value Rare,2384.7
500231,2025-11-05,10034,Pet Shampoo,Pet Care,1,264.5,High Value Rare,264.5
500303,2025-11-05,10042,Novel,Books,4,232.3,Champions,929.2
500303,2025-11-05,10042,Exam Guide,Books,1,420.83,Champions,420.83
500303,2025-11-05,10042,Dog Food,Pet Care,1,843.04,Champions,843.04
500840,2025-11-05,10124,Yoga Mat,Fitness,3,569.59,Loyal,1708.77
500840,2025-11-05,10124,Protein Bar,Fitness,1,99.89,Loyal,99.89
500840,2025-11-05,10124,Water Bottle,Lifestyle,1,245.05,Loyal,245.05
502055,2025-11-05,10309,Novel,Books,2,255.83,Loyal,511.66
502055,2025-11-05,10309,Exam Guide,Books,2,456.43,Loyal,912.86
502107,2025-11-05,10316,Novel,Books,2,256.08,Loyal,512.16
502107,2025-11-05,10316,Exam Guide,Books,1,436.58,Loyal,436.58
500677,2025-11-06,10099,Baby Diapers,Baby Care,2,579.84,Champions,1159.68
500677,2025-11-06,10099,Baby Wipes,Baby Care,1,196.95,Champions,196.95
500677,2025-11-06,10099,Baby Lotion,Baby Care,2,244.79,Champions,489.58
501215,2025-11-06,10177,Notebook,Stationery,2,56.83,Loyal,113.66
501215,2025-11-06,10177,Pen Pack,Stationery,1,37.34,Loyal,37.34
501215,2025-11-06,10177,Highlighter,Stationery,1,72.54,Loyal,72.54
502056,2025-11-06,10309,Baby Diapers,Baby Care,2,510.44,Loyal,1020.88
502056,2025-11-06,10309,Baby Wipes,Baby Care,1,179.27,Loyal,179.27
502056,2025-11-06,10309,Baby Lotion,Baby Care,1,216.02,Loyal,216.02
502056,2025-11-06,10309,Sugar,Grocery,1,57.36,Loyal,57.36
502120,2025-11-06,10317,Coffee Powder,Grocery,1,189.69,Champions,189.69
502120,2025-11-06,10317,Sugar,Grocery,1,54.64,Champions,54.64
502120,2025-11-06,10317,Milk,Grocery,1,32.22,Champions,32.22
502120,2025-11-06,10317,Water Bottle,Lifestyle,1,259.82,Champions,259.82
500224,2025-11-07,10032,Novel,Books,1,294.73,Champions,294.73
500224,2025-11-07,10032,Exam Guide,Books,3,377.55,Champions,1132.65
500600,2025-11-07,10085,Coffee Powder,Grocery,1,182.67,Loyal,182.67
500600,2025-11-07,10085,Sugar,Grocery,2,60.84,Loyal,121.68
500600,2025-11-07,10085,Milk,Grocery,1,31.13,Loyal,31.13
501746,2025-11-07,10259,Phone Case,Tech,1,302.0,Champions,302.0
501746,2025-11-07,10259,Screen Guard,Tech,2,193.32,Champions,386.64
501746,2025-11-07,10259,USB Cable,Tech,1,173.72,Champions,173.72
500400,2025-11-08,10059,Dog Food,Pet Care,2,801.12,Loyal,1602.24
500400,2025-11-08,10059,Pet Shampoo,Pet Care,2,241.57,Loyal,483.14
500400,2025-11-08,10059,Novel,Books,1,248.49,Loyal,248.49
500524,2025-11-08,10077,Notebook,Stationery,1,60.04,Champions,60.04
500524,2025-11-08,10077,Pen Pack,Stationery,1,36.97,Champions,36.97
500524,2025-11-08,10077,Highlighter,Stationery,1,71.41,Champions,71.41
500524,2025-11-08,10077,Sugar,Grocery,1,59.44,Champions,59.44
501244,2025-11-08,10181,Yoga Mat,Fitness,2,638.37,Champions,1276.74
501244,2025-11-08,10181,Protein Bar,Fitness,1,93.12,Champions,93.12
501244,2025-11-08,10181,Water Bottle,Lifestyle,1,232.98,Champions,232.98
501289,2025-11-08,10190,Tea Pack,Grocery,2,114.23,Champions,228.46
501289,2025-11-08,10190,Sugar,Grocery,1,57.75,Champions,57.75
501289,2025-11-08,10190,Milk,Grocery,2,35.2,Champions,70.4
500259,2025-11-09,10037,Phone Case,Tech,1,313.54,Champions,313.54
500259,2025-11-09,10037,Screen Guard,Tech,1,217.23,Champions,217.23
500259,2025-11-09,10037,USB Cable,Tech,1,200.55,Champions,200.55
500259,2025-11-09,10037,Coffee Powder,Grocery,1,210.5,Champions,210.5
501967,2025-11-09,10294,Lunch Box,Lifestyle,1,355.87,Champions,355.87
501967,2025-11-09,10294,Water Bottle,Lifestyle,2,251.29,Champions,502.58
501967,2025-11-09,10294,Bluetooth Earbuds,Tech,2,1403.76,Champions,2807.52
501968,2025-11-10,10294,Tea Pack,Grocery,1,130.0,Champions,130.0
501968,2025-11-10,10294,Sugar,Grocery,1,51.9,Champions,51.9
501968,2025-11-10,10294,Milk,Grocery,2,34.57,Champions,69.14
500823,2025-11-11,10122,Baby Diapers,Baby Care,2,507.61,Loyal,1015.22
500823,2025-11-11,10122,Baby Wipes,Baby Care,1,181.06,Loyal,181.06
500823,2025-11-11,10122,Baby Lotion,Baby Care,1,252.85,Loyal,252.85
502089,2025-11-11,10312,Dog Food,Pet Care,2,811.41,Champions,1622.82
502089,2025-11-11,10312,Pet Shampoo,Pet Care,2,257.97,Champions,515.94
500045,2025-11-12,10005,Yoga Mat,Fitness,1,669.99,Champions,669.99
500045,2025-11-12,10005,Protein Bar,Fitness,1,94.03,Champions,94.03
500045,2025-11-12,10005,Water Bottle,Lifestyle,1,244.6,Champions,244.6
500232,2025-11-12,10034,Yoga Mat,Fitness,1,611.12,High Value Rare,611.12
500232,2025-11-12,10034,Protein Bar,Fitness,2,84.96,High Value Rare,169.92
500232,2025-11-12,10034,Water Bottle,Lifestyle,1,247.18,High Value Rare,247.18
500232,2025-11-12,10034,Protein Bar,Fitness,1,88.1,High Value Rare,88.1
500678,2025-11-12,10099,Novel,Books,1,251.53,Champions,251.53
500678,2025-11-12,10099,Exam Guide,Books,1,391.18,Champions,391.18
500678,2025-11-12,10099,Protein Bar,Fitness,2,87.74,Champions,175.48
501005,2025-11-12,10148,Baby Diapers,Baby Care,1,552.69,Champions,552.69
501005,2025-11-12,10148,Baby Wipes,Baby Care,2,169.17,Champions,338.34
501005,2025-11-12,10148,Baby Lotion,Baby Care,2,252.11,Champions,504.22
501005,2025-11-12,10148,Baby Wipes,Baby Care,1,169.65,Champions,169.65
501146,2025-11-12,10168,Yoga Mat,Fitness,1,632.56,Champions,632.56
501146,2025-11-12,10168,Protein Bar,Fitness,1,99.35,Champions,99.35
501146,2025-11-12,10168,Water Bottle,Lifestyle,1,235.66,Champions,235.66
501933,2025-11-12,10290,Bread,Grocery,1,41.0,Champions,41.0
501933,2025-11-12,10290,Butter,Grocery,2,92.85,Champions,185.7
501933,2025-11-12,10290,Jam,Grocery,1,108.98,Champions,108.98
502132,2025-11-12,10318,Novel,Books,2,244.18,Champions,488.36
502132,2025-11-12,10318,Exam Guide,Books,2,399.48,Champions,798.96
502132,2025-11-12,10318,Novel,Books,1,246.51,Champions,246.51
500233,2025-11-13,10034,Yoga Mat,Fitness,1,661.38,High Value Rare,661.38
500233,2025-11-13,10034,Protein Bar,Fitness,1,97.44,High Value Rare,97.44
500233,2025-11-13,10034,Water Bottle,Lifestyle,1,235.98,High Value Rare,235.98
500983,2025-11-13,10145,Bread,Grocery,1,45.42,Champions,45.42
500983,2025-11-13,10145,Butter,Grocery,1,106.2,Champions,106.2
500983,2025-11-13,10145,Jam,Grocery,1,98.77,Champions,98.77
500983,2025-11-13,10145,Tea Pack,Grocery,1,120.67,Champions,120.67
501147,2025-11-13,10168,Dog Food,Pet Care,2,809.08,Champions,1618.16
501147,2025-11-13,10168,Pet Shampoo,Pet Care,2,250.19,Champions,500.38
501357,2025-11-13,10202,Notebook,Stationery,1,60.35,Champions,60.35
501357,2025-11-13,10202,Pen Pack,Stationery,1,35.74,Champions,35.74
501357,2025-11-13,10202,Highlighter,Stationery,2,78.71,Champions,157.42
501357,2025-11-13,10202,Jam,Grocery,1,112.59,Champions,112.59
501875,2025-11-13,10282,Bread,Grocery,2,39.83,Loyal,79.66
501875,2025-11-13,10282,Butter,Grocery,3,92.91,Loyal,278.73
501875,2025-11-13,10282,Jam,Grocery,1,112.55,Loyal,112.55
501904,2025-11-14,10285,Coffee Powder,Grocery,1,174.6,Champions,174.6
501904,2025-11-14,10285,Sugar,Grocery,1,51.08,Champions,51.08
501904,2025-11-14,10285,Milk,Grocery,1,37.4,Champions,37.4
501904,2025-11-14,10285,Baby Diapers,Baby Care,2,539.7,Champions,1079.4
500401,2025-11-15,10059,Novel,Books,1,235.81,Loyal,235.81
500401,2025-11-15,10059,Exam Guide,Books,1,411.74,Loyal,411.74
500780,2025-11-15,10111,Coffee Powder,Grocery,1,198.1,Champions,198.1
500780,2025-11-15,10111,Sugar,Grocery,1,52.17,Champions,52.17
500780,2025-11-15,10111,Milk,Grocery,2,36.87,Champions,73.74
500780,2025-11-15,10111,Water Bottle,Lifestyle,2,233.06,Champions,466.12
501034,2025-11-15,10152,Notebook,Stationery,1,60.76,Champions,60.76
501034,2025-11-15,10152,Pen Pack,Stationery,1,37.83,Champions,37.83
501034,2025-11-15,10152,Highlighter,Stationery,1,70.76,Champions,70.76
501265,2025-11-15,10188,Coffee Powder,Grocery,1,175.89,New,175.89
501265,2025-11-15,10188,Sugar,Grocery,3,53.57,New,160.71
501265,2025-11-15,10188,Milk,Grocery,1,37.07,New,37.07
501376,2025-11-15,10205,Coffee Powder,Grocery,2,171.28,Champions,342.56
501376,2025-11-15,10205,Sugar,Grocery,1,56.44,Champions,56.44
501376,2025-11-15,10205,Milk,Grocery,1,37.95,Champions,37.95
501226,2025-11-16,10179,Phone Case,Tech,4,311.75,Champions,1247.0
501226,2025-11-16,10179,Screen Guard,Tech,3,195.8,Champions,587.4
501226,2025-11-16,10179,USB Cable,Tech,3,171.11,Champions,513.33
501226,2025-11-16,10179,Pet Shampoo,Pet Care,1,273.19,Champions,273.19
500225,2025-11-17,10032,Phone Case,Tech,1,328.02,Champions,328.02
500225,2025-11-17,10032,Screen Guard,Tech,2,198.99,Champions,397.98
500225,2025-11-17,10032,USB Cable,Tech,1,186.18,Champions,186.18
500225,2025-11-17,10032,Sugar,Grocery,1,58.16,Champions,58.16
500284,2025-11-17,10040,Lunch Box,Lifestyle,1,344.48,Champions,344.48
500284,2025-11-17,10040,Water Bottle,Lifestyle,1,217.09,Champions,217.09
500284,2025-11-17,10040,Notebook,Stationery,1,57.87,Champions,57.87
500809,2025-11-17,10119,Dog Food,Pet Care,1,785.47,New,785.47
500809,2025-11-17,10119,Pet Shampoo,Pet Care,1,256.8,New,256.8
501132,2025-11-17,10167,Lunch Box,Lifestyle,3,336.84,Loyal,1010.52
501132,2025-11-17,10167,Water Bottle,Lifestyle,4,254.38,Loyal,1017.52
501132,2025-11-17,10167,USB Cable,Tech,1,177.37,Loyal,177.37
501934,2025-11-17,10290,Dog Food,Pet Care,1,789.0,Champions,789.0
501934,2025-11-17,10290,Pet Shampoo,Pet Care,1,280.19,Champions,280.19
501934,2025-11-17,10290,Screen Guard,Tech,1,221.14,Champions,221.14
502306,2025-11-17,10339,Lunch Box,Lifestyle,1,363.04,Champions,363.04
502306,2025-11-17,10339,Water Bottle,Lifestyle,1,252.41,Champions,252.41
500189,2025-11-18,10029,Phone Case,Tech,1,332.71,Champions,332.71
500189,2025-11-18,10029,Screen Guard,Tech,3,207.6,Champions,622.8
500189,2025-11-18,10029,USB Cable,Tech,1,176.82,Champions,176.82
500285,2025-11-18,10040,Coffee Powder,Grocery,1,199.13,Champions,199.13
500285,2025-11-18,10040,Sugar,Grocery,1,57.57,Champions,57.57
500285,2025-11-18,10040,Milk,Grocery,1,36.38,Champions,36.38
500285,2025-11-18,10040,Dumbbell Pair,Fitness,3,1261.36,Champions,3784.08
501406,2025-11-18,10208,Coffee Powder,Grocery,1,175.36,Champions,175.36
501406,2025-11-18,10208,Sugar,Grocery,1,59.13,Champions,59.13
501406,2025-11-18,10208,Milk,Grocery,3,33.86,Champions,101.58
502361,2025-11-18,10347,Bread,Grocery,1,44.11,Champions,44.11
502361,2025-11-18,10347,Butter,Grocery,1,92.01,Champions,92.01
502361,2025-11-18,10347,Jam,Grocery,1,100.06,Champions,100.06
502361,2025-11-18,10347,Screen Guard,Tech,2,219.44,Champions,438.88
500106,2025-11-19,10015,Novel,Books,1,241.9,Loyal,241.9
500106,2025-11-19,10015,Exam Guide,Books,1,386.09,Loyal,386.09
500428,2025-11-19,10063,Bread,Grocery,2,47.44,Loyal,94.88
500428,2025-11-19,10063,Butter,Grocery,1,96.02,Loyal,96.02
500428,2025-11-19,10063,Jam,Grocery,1,106.68,Loyal,106.68
500428,2025-11-19,10063,Tea Pack,Grocery,1,124.69,Loyal,124.69
500679,2025-11-19,10099,Coffee Powder,Grocery,2,174.96,Champions,349.92
500679,2025-11-19,10099,Sugar,Grocery,1,53.65,Champions,53.65
500679,2025-11-19,10099,Milk,Grocery,2,33.53,Champions,67.06
502017,2025-11-19,10300,Coffee Powder,Grocery,1,185.59,Champions,185.59
502017,2025-11-19,10300,Sugar,Grocery,2,56.86,Champions,113.72
502017,2025-11-19,10300,Milk,Grocery,1,35.36,Champions,35.36
502017,2025-11-19,10300,Lunch Box,Lifestyle,1,351.44,Champions,351.44
500594,2025-11-20,10084,Dog Food,Pet Care,1,740.5,Loyal,740.5
500594,2025-11-20,10084,Pet Shampoo,Pet Care,1,244.66,Loyal,244.66
500594,2025-11-20,10084,Milk,Grocery,1,37.34,Loyal,37.34
500984,2025-11-21,10145,Yoga Mat,Fitness,1,574.5,Champions,574.5
500984,2025-11-21,10145,Protein Bar,Fitness,1,91.21,Champions,91.21
500984,2025-11-21,10145,Water Bottle,Lifestyle,1,257.08,Champions,257.08
501358,2025-11-21,10202,Baby Diapers,Baby Care,1,557.64,Champions,557.64
501358,2025-11-21,10202,Baby Wipes,Baby Care,4,184.33,Champions,737.32
501358,2025-11-21,10202,Baby Lotion,Baby Care,1,225.95,Champions,225.95
501773,2025-11-21,10262,Dog Food,Pet Care,2,742.71,Champions,1485.42
501773,2025-11-21,10262,Pet Shampoo,Pet Care,1,277.82,Champions,277.82
501970,2025-11-22,10295,Dog Food,Pet Care,1,801.31,New,801.31
501970,2025-11-22,10295,Pet Shampoo,Pet Care,1,263.87,New,263.87
502362,2025-11-22,10347,Baby Diapers,Baby Care,2,528.67,Champions,1057.34
502362,2025-11-22,10347,Baby Wipes,Baby Care,1,168.32,Champions,168.32
502362,2025-11-22,10347,Baby Lotion,Baby Care,1,255.65,Champions,255.65
502362,2025-11-22,10347,Yoga Mat,Fitness,1,618.97,Champions,618.97
500046,2025-11-23,10005,Yoga Mat,Fitness,1,601.59,Champions,601.59
500046,2025-11-23,10005,Protein Bar,Fitness,4,93.27,Champions,373.08
500046,2025-11-23,10005,Water Bottle,Lifestyle,2,230.6,Champions,461.2
500548,2025-11-23,10079,Lunch Box,Lifestyle,1,378.47,Champions,378.47
500548,2025-11-23,10079,Water Bottle,Lifestyle,1,272.31,Champions,272.31
500548,2025-11-23,10079,Milk,Grocery,1,36.83,Champions,36.83
500834,2025-11-23,10123,Phone Case,Tech,2,298.32,Champions,596.64
500834,2025-11-23,10123,Screen Guard,Tech,1,196.73,Champions,196.73
500834,2025-11-23,10123,USB Cable,Tech,1,172.84,Champions,172.84
501385,2025-11-23,10206,Tea Pack,Grocery,3,120.02,Champions,360.06
501385,2025-11-23,10206,Sugar,Grocery,1,54.68,Champions,54.68
501385,2025-11-23,10206,Milk,Grocery,1,34.85,Champions,34.85
502363,2025-11-23,10347,Tea Pack,Grocery,4,123.31,Champions,493.24
502363,2025-11-23,10347,Sugar,Grocery,1,57.97,Champions,57.97
502363,2025-11-23,10347,Milk,Grocery,1,31.64,Champions,31.64
502363,2025-11-23,10347,Baby Lotion,Baby Care,1,221.08,Champions,221.08
501946,2025-11-24,10291,Tea Pack,Grocery,1,115.14,Champions,115.14
501946,2025-11-24,10291,Sugar,Grocery,1,50.6,Champions,50.6
501946,2025-11-24,10291,Milk,Grocery,1,34.01,Champions,34.01
500368,2025-11-25,10056,Novel,Books,1,250.17,Champions,250.17
500368,2025-11-25,10056,Exam Guide,Books,1,473.81,Champions,473.81
500368,2025-11-25,10056,Sugar,Grocery,1,53.89,Champions,53.89
500490,2025-11-25,10072,Tea Pack,Grocery,1,113.18,Champions,113.18
500490,2025-11-25,10072,Sugar,Grocery,2,51.36,Champions,102.72
500490,2025-11-25,10072,Milk,Grocery,1,36.86,Champions,36.86
500241,2025-11-26,10036,Phone Case,Tech,2,277.31,Loyal,554.62
500241,2025-11-26,10036,Screen Guard,Tech,1,213.12,Loyal,213.12
500241,2025-11-26,10036,USB Cable,Tech,1,177.74,Loyal,177.74
500549,2025-11-26,10079,Lunch Box,Lifestyle,1,316.13,Champions,316.13
500549,2025-11-26,10079,Water Bottle,Lifestyle,1,243.33,Champions,243.33
501386,2025-11-26,10206,Lunch Box,Lifestyle,1,331.76,Champions,331.76
501386,2025-11-26,10206,Water Bottle,Lifestyle,2,266.3,Champions,532.6
501386,2025-11-26,10206,Milk,Grocery,1,36.42,Champions,36.42
501523,2025-11-26,10222,Lunch Box,Lifestyle,2,351.32,Champions,702.64
501523,2025-11-26,10222,Water Bottle,Lifestyle,1,262.04,Champions,262.04
501523,2025-11-26,10222,Tea Pack,Grocery,1,131.15,Champions,131.15
501035,2025-11-27,10152,Dog Food,Pet Care,1,799.1,Champions,799.1
501035,2025-11-27,10152,Pet Shampoo,Pet Care,3,267.97,Champions,803.91
501035,2025-11-27,10152,Pet Shampoo,Pet Care,1,272.01,Champions,272.01
501524,2025-11-27,10222,Yoga Mat,Fitness,1,651.02,Champions,651.02
501524,2025-11-27,10222,Protein Bar,Fitness,1,81.97,Champions,81.97
501524,2025-11-27,10222,Water Bottle,Lifestyle,1,251.87,Champions,251.87
501290,2025-11-28,10190,Lunch Box,Lifestyle,1,372.27,Champions,372.27
501290,2025-11-28,10190,Water Bottle,Lifestyle,1,263.37,Champions,263.37
502121,2025-11-28,10317,Phone Case,Tech,1,315.77,Champions,315.77
502121,2025-11-28,10317,Screen Guard,Tech,1,177.43,Champions,177.43
502121,2025-11-28,10317,USB Cable,Tech,1,192.19,Champions,192.19
502121,2025-11-28,10317,Baby Wipes,Baby Care,1,167.51,Champions,167.51
500465,2025-11-29,10068,Baby Diapers,Baby Care,1,549.25,Champions,549.25
500465,2025-11-29,10068,Baby Wipes,Baby Care,2,171.57,Champions,343.14
500465,2025-11-29,10068,Baby Lotion,Baby Care,1,250.28,Champions,250.28
500525,2025-11-29,10077,Dog Food,Pet Care,1,858.24,Champions,858.24
500525,2025-11-29,10077,Pet Shampoo,Pet Care,1,267.33,Champions,267.33
501580,2025-11-29,10232,Dog Food,Pet Care,1,791.89,New,791.89
501580,2025-11-29,10232,Pet Shampoo,Pet Care,3,260.12,New,780.36
501580,2025-11-29,10232,Pen Pack,Stationery,1,40.18,New,40.18
500324,2025-11-30,10047,Coffee Powder,Grocery,1,174.09,New,174.09
500324,2025-11-30,10047,Sugar,Grocery,1,50.87,New,50.87
500324,2025-11-30,10047,Milk,Grocery,1,35.56,New,35.56
500084,2025-12-01,10010,Phone Case,Tech,1,301.57,Champions,301.57
500084,2025-12-01,10010,Screen Guard,Tech,1,186.71,Champions,186.71
500084,2025-12-01,10010,USB Cable,Tech,1,165.39,Champions,165.39
500120,2025-12-01,10017,Lunch Box,Lifestyle,1,353.75,New,353.75
500120,2025-12-01,10017,Water Bottle,Lifestyle,1,241.21,New,241.21
501036,2025-12-01,10152,Novel,Books,1,273.23,Champions,273.23
501036,2025-12-01,10152,Exam Guide,Books,1,412.84,Champions,412.84
501417,2025-12-01,10209,Tea Pack,Grocery,1,114.76,Champions,114.76
501417,2025-12-01,10209,Sugar,Grocery,1,44.89,Champions,44.89
501417,2025-12-01,10209,Milk,Grocery,1,33.49,Champions,33.49
501525,2025-12-01,10222,Yoga Mat,Fitness,1,618.72,Champions,618.72
501525,2025-12-01,10222,Protein Bar,Fitness,3,97.01,Champions,291.03
501525,2025-12-01,10222,Water Bottle,Lifestyle,1,231.08,Champions,231.08
501935,2025-12-01,10290,Baby Diapers,Baby Care,2,570.71,Champions,1141.42
501935,2025-12-01,10290,Baby Wipes,Baby Care,2,193.06,Champions,386.12
501935,2025-12-01,10290,Baby Lotion,Baby Care,2,239.76,Champions,479.52
500242,2025-12-02,10036,Baby Diapers,Baby Care,1,571.36,Loyal,571.36
500242,2025-12-02,10036,Baby Wipes,Baby Care,1,169.05,Loyal,169.05
500242,2025-12-02,10036,Baby Lotion,Baby Care,2,233.07,Loyal,466.14
500617,2025-12-02,10089,Bread,Grocery,1,46.67,New,46.67
500617,2025-12-02,10089,Butter,Grocery,1,101.97,New,101.97
500617,2025-12-02,10089,Jam,Grocery,1,108.92,New,108.92
500617,2025-12-02,10089,Highlighter,Stationery,3,75.81,New,227.43
500690,2025-12-02,10100,Bread,Grocery,2,45.31,Champions,90.62
500690,2025-12-02,10100,Butter,Grocery,1,94.86,Champions,94.86
500690,2025-12-02,10100,Jam,Grocery,2,121.55,Champions,243.1
500647,2025-12-03,10095,Bread,Grocery,3,42.25,New,126.75
500647,2025-12-03,10095,Butter,Grocery,1,90.6,New,90.6
500647,2025-12-03,10095,Jam,Grocery,4,104.97,New,419.88
501377,2025-12-03,10205,Novel,Books,1,262.1,Champions,262.1
501377,2025-12-03,10205,Exam Guide,Books,1,400.03,Champions,400.03
501377,2025-12-03,10205,Yoga Mat,Fitness,1,729.49,Champions,729.49
502181,2025-12-03,10326,Notebook,Stationery,1,59.32,New,59.32
502181,2025-12-03,10326,Pen Pack,Stationery,2,38.13,New,76.26
502181,2025-12-03,10326,Highlighter,Stationery,2,66.69,New,133.38
500286,2025-12-04,10040,Phone Case,Tech,2,299.09,Champions,598.18
500286,2025-12-04,10040,Screen Guard,Tech,2,212.72,Champions,425.44
500286,2025-12-04,10040,USB Cable,Tech,1,173.27,Champions,173.27
500583,2025-12-05,10083,Tea Pack,Grocery,2,121.58,Champions,243.16
500583,2025-12-05,10083,Sugar,Grocery,1,56.07,Champions,56.07
500583,2025-12-05,10083,Milk,Grocery,1,32.49,Champions,32.49
500583,2025-12-05,10083,USB Cable,Tech,1,169.25,Champions,169.25
500707,2025-12-05,10103,Novel,Books,1,273.3,New,273.3
500707,2025-12-05,10103,Exam Guide,Books,2,430.7,New,861.4
500835,2025-12-05,10123,Baby Diapers,Baby Care,1,513.96,Champions,513.96
500835,2025-12-05,10123,Baby Wipes,Baby Care,1,166.19,Champions,166.19
500835,2025-12-05,10123,Baby Lotion,Baby Care,1,248.85,Champions,248.85
500835,2025-12-05,10123,Screen Guard,Tech,4,198.8,Champions,795.2
501291,2025-12-05,10190,Dog Food,Pet Care,1,818.13,Champions,818.13
501291,2025-12-05,10190,Pet Shampoo,Pet Care,2,254.09,Champions,508.18
500057,2025-12-06,10006,Baby Diapers,Baby Care,2,532.98,Champions,1065.96
500057,2025-12-06,10006,Baby Wipes,Baby Care,1,183.05,Champions,183.05
500057,2025-12-06,10006,Baby Lotion,Baby Care,2,250.75,Champions,501.5
500429,2025-12-06,10063,Baby Diapers,Baby Care,1,543.93,Loyal,543.93
500429,2025-12-06,10063,Baby Wipes,Baby Care,1,188.0,Loyal,188.0
500429,2025-12-06,10063,Baby Lotion,Baby Care,1,225.84,Loyal,225.84
501387,2025-12-06,10206,Tea Pack,Grocery,1,115.71,Champions,115.71
501387,2025-12-06,10206,Sugar,Grocery,1,53.69,Champions,53.69
501387,2025-12-06,10206,Milk,Grocery,1,32.94,Champions,32.94
501619,2025-12-06,10237,Notebook,Stationery,1,57.65,Champions,57.65
501619,2025-12-06,10237,Pen Pack,Stationery,1,38.71,Champions,38.71
501619,2025-12-06,10237,Highlighter,Stationery,1,77.78,Champions,77.78
501619,2025-12-06,10237,Pen Pack,Stationery,2,43.74,Champions,87.48
501747,2025-12-06,10259,Dog Food,Pet Care,1,819.79,Champions,819.79
501747,2025-12-06,10259,Pet Shampoo,Pet Care,1,279.79,Champions,279.79
500226,2025-12-07,10032,Baby Diapers,Baby Care,1,548.33,Champions,548.33
500226,2025-12-07,10032,Baby Wipes,Baby Care,3,184.99,Champions,554.97
500226,2025-12-07,10032,Baby Lotion,Baby Care,1,239.79,Champions,239.79
500226,2025-12-07,10032,Water Bottle,Lifestyle,2,248.61,Champions,497.22
500662,2025-12-08,10098,Notebook,Stationery,1,62.21,Champions,62.21
500662,2025-12-08,10098,Pen Pack,Stationery,1,40.86,Champions,40.86
500662,2025-12-08,10098,Highlighter,Stationery,1,73.58,Champions,73.58
500662,2025-12-08,10098,Notebook,Stationery,1,54.79,Champions,54.79
500058,2025-12-09,10006,Novel,Books,1,244.31,Champions,244.31
500058,2025-12-09,10006,Exam Guide,Books,1,391.31,Champions,391.31
501388,2025-12-09,10206,Dog Food,Pet Care,1,766.16,Champions,766.16
501388,2025-12-09,10206,Pet Shampoo,Pet Care,1,264.87,Champions,264.87
500059,2025-12-10,10006,Tea Pack,Grocery,1,113.15,Champions,113.15
500059,2025-12-10,10006,Sugar,Grocery,1,54.0,Champions,54.0
500059,2025-12-10,10006,Milk,Grocery,2,34.21,Champions,68.42
500390,2025-12-10,10058,Tea Pack,Grocery,1,111.59,Champions,111.59
500390,2025-12-10,10058,Sugar,Grocery,1,57.91,Champions,57.91
500390,2025-12-10,10058,Milk,Grocery,1,38.63,Champions,38.63
501037,2025-12-10,10152,Novel,Books,2,251.19,Champions,502.38
501037,2025-12-10,10152,Exam Guide,Books,1,426.71,Champions,426.71
500663,2025-12-11,10098,Baby Diapers,Baby Care,1,516.03,Champions,516.03
500663,2025-12-11,10098,Baby Wipes,Baby Care,1,159.97,Champions,159.97
500663,2025-12-11,10098,Baby Lotion,Baby Care,2,244.29,Champions,488.58
501196,2025-12-11,10175,Yoga Mat,Fitness,1,597.85,Champions,597.85
501196,2025-12-11,10175,Protein Bar,Fitness,1,95.18,Champions,95.18
501196,2025-12-11,10175,Water Bottle,Lifestyle,1,214.43,Champions,214.43
500446,2025-12-12,10066,Notebook,Stationery,1,59.19,Champions,59.19
500446,2025-12-12,10066,Pen Pack,Stationery,3,38.49,Champions,115.47
500446,2025-12-12,10066,Highlighter,Stationery,1,75.98,Champions,75.98
500446,2025-12-12,10066,Yoga Mat,Fitness,4,652.58,Champions,2610.32
502381,2025-12-12,10069,Dumbbell Pair,Fitness,20,1121.21,Synthetic anomaly,22424.2
501197,2025-12-13,10175,Lunch Box,Lifestyle,1,348.84,Champions,348.84
501197,2025-12-13,10175,Water Bottle,Lifestyle,1,229.11,Champions,229.11
500550,2025-12-14,10079,Tea Pack,Grocery,1,119.19,Champions,119.19
500550,2025-12-14,10079,Sugar,Grocery,1,47.43,Champions,47.43
500550,2025-12-14,10079,Milk,Grocery,3,36.64,Champions,109.92
501198,2025-12-14,10175,Tea Pack,Grocery,2,123.11,Champions,246.22
501198,2025-12-14,10175,Sugar,Grocery,1,53.18,Champions,53.18
501198,2025-12-14,10175,Milk,Grocery,1,30.49,Champions,30.49
502277,2025-12-14,10335,Lunch Box,Lifestyle,2,330.14,Champions,660.28
502277,2025-12-14,10335,Water Bottle,Lifestyle,2,227.75,Champions,455.5
500691,2025-12-16,10100,Bread,Grocery,1,48.05,Champions,48.05
500691,2025-12-16,10100,Butter,Grocery,3,98.06,Champions,294.18
500691,2025-12-16,10100,Jam,Grocery,1,113.35,Champions,113.35
500691,2025-12-16,10100,Bread,Grocery,3,45.8,Champions,137.4
500466,2025-12-17,10068,Baby Diapers,Baby Care,1,569.49,Champions,569.49
500466,2025-12-17,10068,Baby Wipes,Baby Care,1,194.16,Champions,194.16
500466,2025-12-17,10068,Baby Lotion,Baby Care,2,251.09,Champions,502.18
502023,2025-12-19,10302,Tea Pack,Grocery,1,128.99,New,128.99
502023,2025-12-19,10302,Sugar,Grocery,3,53.31,New,159.93
502023,2025-12-19,10302,Milk,Grocery,1,36.57,New,36.57
502073,2025-12-21,10311,Novel,Books,1,246.72,Champions,246.72
502073,2025-12-21,10311,Exam Guide,Books,1,361.16,Champions,361.16
502073,2025-12-21,10311,Notebook,Stationery,2,65.99,Champions,131.98
500447,2025-12-22,10066,Lunch Box,Lifestyle,1,340.97,Champions,340.97
500447,2025-12-22,10066,Water Bottle,Lifestyle,2,242.7,Champions,485.4
501577,2025-12-28,10231,Phone Case,Tech,1,286.84,New,286.84
501577,2025-12-28,10231,Screen Guard,Tech,1,194.92,New,194.92
501577,2025-12-28,10231,USB Cable,Tech,1,194.33,New,194.33
