InvoiceNo,Description
500047,Notebook
500047,Pen Pack
500047,Highlighter
500327,Lunch Box
500327,Water Bottle
500327,Screen Guard
500526,Coffee Powder
500526,Sugar
500526,Milk
500526,Baby Diapers
501725,Yoga Mat
501725,Protein Bar
501725,Water Bottle
501725,USB Cable
502312,Lunch Box
502312,Water Bottle
500243,Bread
500243,Butter
500243,Jam
501298,Baby Diapers
501298,Baby Wipes
501298,Baby Lotion
500128,Novel
500128,Exam Guide
500128,Lunch Box
500692,Novel
500692,Exam Guide
500847,Novel
500847,Exam Guide
501054,Lunch Box
501054,Water Bottle
501969,Novel
501969,Exam Guide
501969,Pet Shampoo
502074,Lunch Box
502074,Water Bottle
502074,Screen Guard
500147,Novel
500147,Exam Guide
500147,Sugar
500271,Phone Case
500271,Screen Guard
500271,USB Cable
500271,Novel
501104,Lunch Box
501104,Water Bottle
501185,Baby Diapers
501185,Baby Wipes
501185,Baby Lotion
501199,Novel
501199,Exam Guide
502229,Novel
502229,Exam Guide
502324,Baby Diapers
502324,Baby Wipes
502324,Baby Lotion
502347,Novel
502347,Exam Guide
502347,Butter
500165,Phone Case
500165,Screen Guard
500165,USB Cable
500165,Dumbbell Pair
500842,Dog Food
500842,Pet Shampoo
501565,Yoga Mat
501565,Protein Bar
501565,Water Bottle
501705,Dog Food
501705,Pet Shampoo
501705,Yoga Mat
501847,Novel
501847,Exam Guide
501947,Phone Case
501947,Screen Guard
501947,USB Cable
501947,Baby Wipes
502331,Lunch Box
502331,Water Bottle
500492,Lunch Box
500492,Water Bottle
501148,Novel
501148,Exam Guide
502024,Notebook
502024,Pen Pack
502024,Highlighter
502024,Baby Lotion
502230,Tea Pack
502230,Sugar
502230,Milk
500341,Baby Diapers
500341,Baby Wipes
500341,Baby Lotion
500601,Phone Case
500601,Screen Guard
500601,USB Cable
500848,Lunch Box
500848,Water Bottle
501255,Notebook
501255,Pen Pack
501255,Highlighter
501295,Lunch Box
501295,Water Bottle
501578,Lunch Box
501578,Water Bottle
502175,Baby Diapers
502175,Baby Wipes
502175,Baby Lotion
502175,Dog Food
500653,Novel
500653,Exam Guide
501065,Coffee Powder
501065,Sugar
501065,Milk
501083,Dog Food
501083,Pet Shampoo
501133,Tea Pack
501133,Sugar
501133,Milk
501200,Tea Pack
501200,Sugar
501200,Milk
501603,Baby Diapers
501603,Baby Wipes
501603,Baby Lotion
501681,Lunch Box
501681,Water Bottle
501681,Milk
501733,Yoga Mat
501733,Protein Bar
501733,Water Bottle
501763,Notebook
501763,Pen Pack
501763,Highlighter
501829,Dog Food
501829,Pet Shampoo
501829,Jam
502021,Novel
502021,Exam Guide
502021,Baby Diapers
502075,Yoga Mat
502075,Protein Bar
502075,Water Bottle
500148,Tea Pack
500148,Sugar
500148,Milk
500217,Notebook
500217,Pen Pack
500217,Highlighter
500430,Yoga Mat
500430,Protein Bar
500430,Water Bottle
500430,Screen Guard
500693,Lunch Box
500693,Water Bottle
501066,Bread
501066,Butter
501066,Jam
501066,Dog Food
501073,Lunch Box
501073,Water Bottle
501073,Dog Food
501866,Baby Diapers
501866,Baby Wipes
501866,Baby Lotion
501971,Lunch Box
501971,Water Bottle
502337,Phone Case
502337,Screen Guard
502337,USB Cable
500272,Baby Diapers
500272,Baby Wipes
500272,Baby Lotion
500305,Phone Case
500305,Screen Guard
500305,USB Cable
500305,Jam
500328,Yoga Mat
500328,Protein Bar
500328,Water Bottle
500733,Notebook
500733,Pen Pack
500733,Highlighter
500948,Novel
500948,Exam Guide
500948,USB Cable
501247,Baby Diapers
501247,Baby Wipes
501247,Baby Lotion
501453,Dog Food
501453,Pet Shampoo
501780,Novel
501780,Exam Guide
501794,Phone Case
501794,Screen Guard
501794,USB Cable
501794,Exam Guide
501855,Dog Food
501855,Pet Shampoo
501855,Sugar
501924,Lunch Box
501924,Water Bottle
501948,Baby Diapers
501948,Baby Wipes
501948,Baby Lotion
501948,Butter
502338,Tea Pack
502338,Sugar
502338,Milk
500085,Lunch Box
500085,Water Bottle
500450,Yoga Mat
500450,Protein Bar
500450,Water Bottle
500450,Bluetooth Earbuds
500500,Notebook
500500,Pen Pack
500500,Highlighter
500500,Jam
501134,Novel
501134,Exam Guide
501134,Pet Shampoo
501389,Novel
501389,Exam Guide
501421,Notebook
501421,Pen Pack
501421,Highlighter
501604,Baby Diapers
501604,Baby Wipes
501604,Baby Lotion
501604,Screen Guard
500129,Coffee Powder
500129,Sugar
500129,Milk
500156,Yoga Mat
500156,Protein Bar
500156,Water Bottle
500602,Dog Food
500602,Pet Shampoo
500807,Notebook
500807,Pen Pack
500807,Highlighter
500968,Novel
500968,Exam Guide
500968,Lunch Box
501422,Novel
501422,Exam Guide
502122,Baby Diapers
502122,Baby Wipes
502122,Baby Lotion
500062,Lunch Box
500062,Water Bottle
500062,Coffee Powder
500094,Novel
500094,Exam Guide
500164,Bread
500164,Butter
500164,Jam
500190,Yoga Mat
500190,Protein Bar
500190,Water Bottle
500694,Coffee Powder
500694,Sugar
500694,Milk
500796,Tea Pack
500796,Sugar
500796,Milk
500796,Baby Diapers
501682,Coffee Powder
501682,Sugar
501682,Milk
501826,Tea Pack
501826,Sugar
501826,Milk
502278,Yoga Mat
502278,Protein Bar
502278,Water Bottle
500409,Bread
500409,Butter
500409,Jam
500409,Bluetooth Earbuds
500618,Coffee Powder
500618,Sugar
500618,Milk
501296,Baby Diapers
501296,Baby Wipes
501296,Baby Lotion
501347,Yoga Mat
501347,Protein Bar
501347,Water Bottle
501347,Notebook
501972,Phone Case
501972,Screen Guard
501972,USB Cable
502153,Tea Pack
502153,Sugar
502153,Milk
502153,Phone Case
502281,Yoga Mat
502281,Protein Bar
502281,Water Bottle
502281,Tea Pack
500572,Notebook
500572,Pen Pack
500572,Highlighter
500969,Coffee Powder
500969,Sugar
500969,Milk
500969,USB Cable
501052,Tea Pack
501052,Sugar
501052,Milk
501234,Baby Diapers
501234,Baby Wipes
501234,Baby Lotion
501234,Pen Pack
501478,Tea Pack
501478,Sugar
501478,Milk
501534,Tea Pack
501534,Sugar
501534,Milk
501656,Baby Diapers
501656,Baby Wipes
501656,Baby Lotion
500478,Dog Food
500478,Pet Shampoo
500478,Notebook
500595,Phone Case
500595,Screen Guard
500595,USB Cable
501360,Phone Case
501360,Screen Guard
501360,USB Cable
501764,Novel
501764,Exam Guide
501764,Phone Case
502154,Novel
502154,Exam Guide
502154,Phone Case
502240,Coffee Powder
502240,Sugar
502240,Milk
502240,Bread
502348,Bread
502348,Butter
502348,Jam
502348,Exam Guide
500166,Dog Food
500166,Pet Shampoo
500166,Exam Guide
500448,Baby Diapers
500448,Baby Wipes
500448,Baby Lotion
501160,Tea Pack
501160,Sugar
501160,Milk
501160,Coffee Powder
501250,Coffee Powder
501250,Sugar
501250,Milk
501423,Coffee Powder
501423,Sugar
501423,Milk
501423,Bread
501555,Phone Case
501555,Screen Guard
501555,USB Cable
501867,Baby Diapers
501867,Baby Wipes
501867,Baby Lotion
502231,Lunch Box
502231,Water Bottle
502349,Lunch Box
502349,Water Bottle
502349,Dumbbell Pair
500136,Tea Pack
500136,Sugar
500136,Milk
500420,Notebook
500420,Pen Pack
500420,Highlighter
500640,Tea Pack
500640,Sugar
500640,Milk
500765,Coffee Powder
500765,Sugar
500765,Milk
500783,Novel
500783,Exam Guide
500843,Phone Case
500843,Screen Guard
500843,USB Cable
500845,Bread
500845,Butter
500845,Jam
500845,Dog Food
501067,Lunch Box
501067,Water Bottle
501593,Yoga Mat
501593,Protein Bar
501593,Water Bottle
501683,Lunch Box
501683,Water Bottle
501683,Pen Pack
501984,Dog Food
501984,Pet Shampoo
502155,Notebook
502155,Pen Pack
502155,Highlighter
502155,Novel
502257,Novel
502257,Exam Guide
502257,Pet Shampoo
502282,Baby Diapers
502282,Baby Wipes
502282,Baby Lotion
500178,Novel
500178,Exam Guide
500178,Bluetooth Earbuds
500273,Lunch Box
500273,Water Bottle
500348,Lunch Box
500348,Water Bottle
500437,Baby Diapers
500437,Baby Wipes
500437,Baby Lotion
500654,Novel
500654,Exam Guide
500654,Water Bottle
500870,Bread
500870,Butter
500870,Jam
500970,Yoga Mat
500970,Protein Bar
500970,Water Bottle
501026,Dog Food
501026,Pet Shampoo
501026,Tea Pack
501316,Novel
501316,Exam Guide
501390,Phone Case
501390,Screen Guard
501390,USB Cable
501594,Notebook
501594,Pen Pack
501594,Highlighter
501594,Dumbbell Pair
501693,Coffee Powder
501693,Sugar
501693,Milk
502057,Yoga Mat
502057,Protein Bar
502057,Water Bottle
500410,Dog Food
500410,Pet Shampoo
500551,Phone Case
500551,Screen Guard
500551,USB Cable
500871,Novel
500871,Exam Guide
500871,Water Bottle
501048,Bread
501048,Butter
501048,Jam
501497,Notebook
501497,Pen Pack
501497,Highlighter
501657,Notebook
501657,Pen Pack
501657,Highlighter
501856,Bread
501856,Butter
501856,Jam
501856,Pen Pack
502018,Coffee Powder
502018,Sugar
502018,Milk
502279,Baby Diapers
502279,Baby Wipes
502279,Baby Lotion
500011,Tea Pack
500011,Sugar
500011,Milk
500467,Notebook
500467,Pen Pack
500467,Highlighter
500794,Novel
500794,Exam Guide
501324,Lunch Box
501324,Water Bottle
501324,Baby Lotion
501424,Yoga Mat
501424,Protein Bar
501424,Water Bottle
501424,Exam Guide
501719,Novel
501719,Exam Guide
501758,Phone Case
501758,Screen Guard
501758,USB Cable
502019,Yoga Mat
502019,Protein Bar
502019,Water Bottle
502045,Lunch Box
502045,Water Bottle
502045,Dumbbell Pair
500015,Dog Food
500015,Pet Shampoo
500060,Tea Pack
500060,Sugar
500060,Milk
500644,Dog Food
500644,Pet Shampoo
500695,Phone Case
500695,Screen Guard
500695,USB Cable
500695,Tea Pack
501706,Yoga Mat
501706,Protein Bar
501706,Water Bottle
501711,Tea Pack
501711,Sugar
501711,Milk
501711,Bluetooth Earbuds
501832,Lunch Box
501832,Water Bottle
501858,Baby Diapers
501858,Baby Wipes
501858,Baby Lotion
501916,Phone Case
501916,Screen Guard
501916,USB Cable
501956,Lunch Box
501956,Water Bottle
501994,Coffee Powder
501994,Sugar
501994,Milk
502280,Notebook
502280,Pen Pack
502280,Highlighter
502313,Coffee Powder
502313,Sugar
502313,Milk
502313,Highlighter
500167,Phone Case
500167,Screen Guard
500167,USB Cable
500167,Baby Lotion
500182,Phone Case
500182,Screen Guard
500182,USB Cable
500354,Dog Food
500354,Pet Shampoo
500471,Tea Pack
500471,Sugar
500471,Milk
500573,Phone Case
500573,Screen Guard
500573,USB Cable
500631,Tea Pack
500631,Sugar
500631,Milk
500846,Dog Food
500846,Pet Shampoo
500063,Coffee Powder
500063,Sugar
500063,Milk
500375,Notebook
500375,Pen Pack
500375,Highlighter
500810,Dog Food
500810,Pet Shampoo
501084,Lunch Box
501084,Water Bottle
501277,Notebook
501277,Pen Pack
501277,Highlighter
501277,Yoga Mat
501348,Yoga Mat
501348,Protein Bar
501348,Water Bottle
501442,Dog Food
501442,Pet Shampoo
501582,Bread
501582,Butter
501582,Jam
501582,Bluetooth Earbuds
501834,Bread
501834,Butter
501834,Jam
501834,Lunch Box
500130,Dog Food
500130,Pet Shampoo
500130,Dumbbell Pair
500376,Phone Case
500376,Screen Guard
500376,USB Cable
500376,Bread
500493,Baby Diapers
500493,Baby Wipes
500493,Baby Lotion
500493,Lunch Box
500511,Phone Case
500511,Screen Guard
500511,USB Cable
500734,Dog Food
500734,Pet Shampoo
501043,Bread
501043,Butter
501043,Jam
501043,Dumbbell Pair
501118,Phone Case
501118,Screen Guard
501118,USB Cable
501216,Coffee Powder
501216,Sugar
501216,Milk
501333,Baby Diapers
501333,Baby Wipes
501333,Baby Lotion
501367,Bread
501367,Butter
501367,Jam
502384,Dumbbell Pair
500006,Phone Case
500006,Screen Guard
500006,USB Cable
500201,Phone Case
500201,Screen Guard
500201,USB Cable
500422,Phone Case
500422,Screen Guard
500422,USB Cable
500468,Baby Diapers
500468,Baby Wipes
500468,Baby Lotion
500501,Lunch Box
500501,Water Bottle
500619,Coffee Powder
500619,Sugar
500619,Milk
501053,Novel
501053,Exam Guide
501053,Jam
501292,Dog Food
501292,Pet Shampoo
501765,Bread
501765,Butter
501765,Jam
501837,Phone Case
501837,Screen Guard
501837,USB Cable
502258,Phone Case
502258,Screen Guard
502258,USB Cable
502332,Notebook
502332,Pen Pack
502332,Highlighter
500244,Yoga Mat
500244,Protein Bar
500244,Water Bottle
501217,Baby Diapers
501217,Baby Wipes
501217,Baby Lotion
501227,Lunch Box
501227,Water Bottle
501251,Notebook
501251,Pen Pack
501251,Highlighter
502371,Coffee Powder
502371,Sugar
502371,Milk
500345,Baby Diapers
500345,Baby Wipes
500345,Baby Lotion
500451,Bread
500451,Butter
500451,Jam
500534,Phone Case
500534,Screen Guard
500534,USB Cable
500620,Novel
500620,Exam Guide
500814,Dog Food
500814,Pet Shampoo
500814,Milk
500877,Phone Case
500877,Screen Guard
500877,USB Cable
501105,Dog Food
501105,Pet Shampoo
501135,Notebook
501135,Pen Pack
501135,Highlighter
501766,Bread
501766,Butter
501766,Jam
501825,Dog Food
501825,Pet Shampoo
501925,Tea Pack
501925,Sugar
501925,Milk
502192,Phone Case
502192,Screen Guard
502192,USB Cable
502372,Novel
502372,Exam Guide
500202,Phone Case
500202,Screen Guard
500202,USB Cable
500391,Lunch Box
500391,Water Bottle
500813,Novel
500813,Exam Guide
501006,Coffee Powder
501006,Sugar
501006,Milk
501055,Dog Food
501055,Pet Shampoo
501055,Yoga Mat
501074,Yoga Mat
501074,Protein Bar
501074,Water Bottle
501472,Lunch Box
501472,Water Bottle
501472,Baby Diapers
501498,Yoga Mat
501498,Protein Bar
501498,Water Bottle
500317,Notebook
500317,Pen Pack
500317,Highlighter
500317,Tea Pack
500936,Baby Diapers
500936,Baby Wipes
500936,Baby Lotion
501068,Bread
501068,Butter
501068,Jam
501644,Coffee Powder
501644,Sugar
501644,Milk
501644,Protein Bar
501777,Baby Diapers
501777,Baby Wipes
501777,Baby Lotion
502094,Novel
502094,Exam Guide
502143,Novel
502143,Exam Guide
500137,Novel
500137,Exam Guide
500137,Highlighter
500346,Coffee Powder
500346,Sugar
500346,Milk
500346,Exam Guide
500795,Lunch Box
500795,Water Bottle
501218,Dog Food
501218,Pet Shampoo
501334,Baby Diapers
501334,Baby Wipes
501334,Baby Lotion
501658,Lunch Box
501658,Water Bottle
501895,Tea Pack
501895,Sugar
501895,Milk
501949,Tea Pack
501949,Sugar
501949,Milk
502163,Phone Case
502163,Screen Guard
502163,USB Cable
502163,Protein Bar
502211,Bread
502211,Butter
502211,Jam
502211,Baby Wipes
502283,Novel
502283,Exam Guide
502283,Highlighter
500077,Phone Case
500077,Screen Guard
500077,USB Cable
500077,Water Bottle
500411,Notebook
500411,Pen Pack
500411,Highlighter
500411,Dumbbell Pair
501019,Novel
501019,Exam Guide
501019,Highlighter
501124,Lunch Box
501124,Water Bottle
501297,Bread
501297,Butter
501297,Jam
501391,Notebook
501391,Pen Pack
501391,Highlighter
501391,Milk
501397,Bread
501397,Butter
501397,Jam
501556,Baby Diapers
501556,Baby Wipes
501556,Baby Lotion
501814,Coffee Powder
501814,Sugar
501814,Milk
501814,Butter
501848,Coffee Powder
501848,Sugar
501848,Milk
501848,Baby Wipes
502284,Bread
502284,Butter
502284,Jam
502284,Notebook
500061,Novel
500061,Exam Guide
500191,Tea Pack
500191,Sugar
500191,Milk
500815,Baby Diapers
500815,Baby Wipes
500815,Baby Lotion
501125,Lunch Box
501125,Water Bottle
501378,Coffee Powder
501378,Sugar
501378,Milk
501605,Phone Case
501605,Screen Guard
501605,USB Cable
501703,Lunch Box
501703,Water Bottle
501703,Pet Shampoo
502156,Yoga Mat
502156,Protein Bar
502156,Water Bottle
500329,Notebook
500329,Pen Pack
500329,Highlighter
500329,Bluetooth Earbuds
500808,Dog Food
500808,Pet Shampoo
501526,Notebook
501526,Pen Pack
501526,Highlighter
501566,Novel
501566,Exam Guide
501985,Novel
501985,Exam Guide
502040,Baby Diapers
502040,Baby Wipes
502040,Baby Lotion
502040,Screen Guard
502133,Yoga Mat
502133,Protein Bar
502133,Water Bottle
500095,Yoga Mat
500095,Protein Bar
500095,Water Bottle
500095,Dumbbell Pair
500149,Dog Food
500149,Pet Shampoo
500349,Notebook
500349,Pen Pack
500349,Highlighter
500349,Dog Food
500664,Notebook
500664,Pen Pack
500664,Highlighter
501149,Coffee Powder
501149,Sugar
501149,Milk
501149,Notebook
502006,Lunch Box
502006,Water Bottle
502006,Dog Food
500268,Baby Diapers
500268,Baby Wipes
500268,Baby Lotion
500402,Dog Food
500402,Pet Shampoo
501398,Baby Diapers
501398,Baby Wipes
501398,Baby Lotion
501748,Lunch Box
501748,Water Bottle
500157,Tea Pack
500157,Sugar
500157,Milk
501248,Dog Food
501248,Pet Shampoo
501392,Coffee Powder
501392,Sugar
501392,Milk
501392,Baby Lotion
501461,Tea Pack
501461,Sugar
501461,Milk
502325,Dog Food
502325,Pet Shampoo
500494,Phone Case
500494,Screen Guard
500494,USB Cable
500621,Lunch Box
500621,Water Bottle
500824,Coffee Powder
500824,Sugar
500824,Milk
501186,Notebook
501186,Pen Pack
501186,Highlighter
501704,Coffee Powder
501704,Sugar
501704,Milk
501849,Phone Case
501849,Screen Guard
501849,USB Cable
501908,Coffee Powder
501908,Sugar
501908,Milk
501986,Notebook
501986,Pen Pack
501986,Highlighter
500073,Phone Case
500073,Screen Guard
500073,USB Cable
500183,Coffee Powder
500183,Sugar
500183,Milk
500260,Lunch Box
500260,Water Bottle
500260,Bread
500435,Notebook
500435,Pen Pack
500435,Highlighter
500708,Novel
500708,Exam Guide
500903,Coffee Powder
500903,Sugar
500903,Milk
500991,Baby Diapers
500991,Baby Wipes
500991,Baby Lotion
500991,Bluetooth Earbuds
501278,Coffee Powder
501278,Sugar
501278,Milk
501432,Phone Case
501432,Screen Guard
501432,USB Cable
501432,Exam Guide
501606,Lunch Box
501606,Water Bottle
501645,Yoga Mat
501645,Protein Bar
501645,Water Bottle
501786,Dog Food
501786,Pet Shampoo
500107,Notebook
500107,Pen Pack
500107,Highlighter
500235,Bread
500235,Butter
500235,Jam
500350,Baby Diapers
500350,Baby Wipes
500350,Baby Lotion
500711,Dog Food
500711,Pet Shampoo
500711,Coffee Powder
500725,Novel
500725,Exam Guide
500742,Dog Food
500742,Pet Shampoo
500891,Baby Diapers
500891,Baby Wipes
500891,Baby Lotion
501106,Bread
501106,Butter
501106,Jam
501106,Yoga Mat
501557,Bread
501557,Butter
501557,Jam
501557,Exam Guide
501835,Notebook
501835,Pen Pack
501835,Highlighter
501835,Baby Wipes
500377,Baby Diapers
500377,Baby Wipes
500377,Baby Lotion
500665,Phone Case
500665,Screen Guard
500665,USB Cable
501252,Dog Food
501252,Pet Shampoo
501308,Notebook
501308,Pen Pack
501308,Highlighter
501407,Baby Diapers
501407,Baby Wipes
501407,Baby Lotion
501815,Novel
501815,Exam Guide
501815,Tea Pack
502041,Coffee Powder
502041,Sugar
502041,Milk
502047,Phone Case
502047,Screen Guard
502047,USB Cable
502103,Tea Pack
502103,Sugar
502103,Milk
502103,Pen Pack
502339,Baby Diapers
502339,Baby Wipes
502339,Baby Lotion
502339,Dog Food
500421,Bread
500421,Butter
500421,Jam
500449,Baby Diapers
500449,Baby Wipes
500449,Baby Lotion
500574,Coffee Powder
500574,Sugar
500574,Milk
500757,Phone Case
500757,Screen Guard
500757,USB Cable
500878,Baby Diapers
500878,Baby Wipes
500878,Baby Lotion
500992,Tea Pack
500992,Sugar
500992,Milk
501235,Novel
501235,Exam Guide
501454,Dog Food
501454,Pet Shampoo
501454,Bread
501876,Novel
501876,Exam Guide
501876,Tea Pack
501987,Yoga Mat
501987,Protein Bar
501987,Water Bottle
502048,Notebook
502048,Pen Pack
502048,Highlighter
502259,Phone Case
502259,Screen Guard
502259,USB Cable
502259,Baby Lotion
502310,Phone Case
502310,Screen Guard
502310,USB Cable
502310,Baby Lotion
500012,Dog Food
500012,Pet Shampoo
500012,Jam
500535,Phone Case
500535,Screen Guard
500535,USB Cable
500865,Coffee Powder
500865,Sugar
500865,Milk
500865,Dumbbell Pair
501545,Lunch Box
501545,Water Bottle
502076,Novel
502076,Exam Guide
502076,Lunch Box
502314,Yoga Mat
502314,Protein Bar
502314,Water Bottle
500203,Tea Pack
500203,Sugar
500203,Milk
500203,Notebook
501155,Baby Diapers
501155,Baby Wipes
501155,Baby Lotion
501155,Pet Shampoo
501236,Coffee Powder
501236,Sugar
501236,Milk
501236,Novel
501473,Dog Food
501473,Pet Shampoo
501620,Novel
501620,Exam Guide
502046,Yoga Mat
502046,Protein Bar
502046,Water Bottle
502382,Bluetooth Earbuds
500204,Notebook
500204,Pen Pack
500204,Highlighter
500338,Notebook
500338,Pen Pack
500338,Highlighter
500553,Dog Food
500553,Pet Shampoo
500553,Pen Pack
500655,Lunch Box
500655,Water Bottle
500655,Yoga Mat
501659,Yoga Mat
501659,Protein Bar
501659,Water Bottle
501950,Coffee Powder
501950,Sugar
501950,Milk
502200,Phone Case
502200,Screen Guard
502200,USB Cable
500179,Phone Case
500179,Screen Guard
500179,USB Cable
500179,Dog Food
500245,Notebook
500245,Pen Pack
500245,Highlighter
500392,Tea Pack
500392,Sugar
500392,Milk
500743,Yoga Mat
500743,Protein Bar
500743,Water Bottle
500743,Exam Guide
501007,Dog Food
501007,Pet Shampoo
501206,Novel
501206,Exam Guide
501335,Lunch Box
501335,Water Bottle
501621,Tea Pack
501621,Sugar
501621,Milk
501795,Tea Pack
501795,Sugar
501795,Milk
502090,Yoga Mat
502090,Protein Bar
502090,Water Bottle
502090,Butter
502123,Lunch Box
502123,Water Bottle
502164,Phone Case
502164,Screen Guard
502164,USB Cable
502201,Dog Food
502201,Pet Shampoo
502201,Exam Guide
502219,Baby Diapers
502219,Baby Wipes
502219,Baby Lotion
500025,Dog Food
500025,Pet Shampoo
500025,Lunch Box
501091,Coffee Powder
501091,Sugar
501091,Milk
501266,Baby Diapers
501266,Baby Wipes
501266,Baby Lotion
501321,Coffee Powder
501321,Sugar
501321,Milk
501321,Protein Bar
501660,Tea Pack
501660,Sugar
501660,Milk
501660,Phone Case
501836,Lunch Box
501836,Water Bottle
501988,Lunch Box
501988,Water Bottle
501988,Bread
500246,Lunch Box
500246,Water Bottle
500491,Coffee Powder
500491,Sugar
500491,Milk
500785,Tea Pack
500785,Sugar
500785,Milk
500825,Novel
500825,Exam Guide
500849,Tea Pack
500849,Sugar
500849,Milk
500849,Baby Diapers
501075,Baby Diapers
501075,Baby Wipes
501075,Baby Lotion
501075,Notebook
501279,Coffee Powder
501279,Sugar
501279,Milk
501279,Lunch Box
502220,Notebook
502220,Pen Pack
502220,Highlighter
500393,Baby Diapers
500393,Baby Wipes
500393,Baby Lotion
500431,Yoga Mat
500431,Protein Bar
500431,Water Bottle
500933,Notebook
500933,Pen Pack
500933,Highlighter
500933,Yoga Mat
501581,Coffee Powder
501581,Sugar
501581,Milk
501581,Yoga Mat
500158,Phone Case
500158,Screen Guard
500158,USB Cable
500351,Baby Diapers
500351,Baby Wipes
500351,Baby Lotion
500561,Lunch Box
500561,Water Bottle
500696,Phone Case
500696,Screen Guard
500696,USB Cable
500959,Bread
500959,Butter
500959,Jam
501187,Dog Food
501187,Pet Shampoo
501433,Baby Diapers
501433,Baby Wipes
501433,Baby Lotion
501433,Phone Case
501917,Lunch Box
501917,Water Bottle
501974,Novel
501974,Exam Guide
500048,Novel
500048,Exam Guide
500168,Phone Case
500168,Screen Guard
500168,USB Cable
500605,Tea Pack
500605,Sugar
500605,Milk
500971,Phone Case
500971,Screen Guard
500971,USB Cable
501805,Yoga Mat
501805,Protein Bar
501805,Water Bottle
501861,Coffee Powder
501861,Sugar
501861,Milk
502182,Bread
502182,Butter
502182,Jam
502182,Novel
500274,Lunch Box
500274,Water Bottle
500313,Tea Pack
500313,Sugar
500313,Milk
500438,Bread
500438,Butter
500438,Jam
500656,Tea Pack
500656,Sugar
500656,Milk
500656,Dog Food
500946,Coffee Powder
500946,Sugar
500946,Milk
501076,Lunch Box
501076,Water Bottle
501443,Dog Food
501443,Pet Shampoo
501455,Lunch Box
501455,Water Bottle
501474,Lunch Box
501474,Water Bottle
501474,Bluetooth Earbuds
501558,Baby Diapers
501558,Baby Wipes
501558,Baby Lotion
501558,Phone Case
501567,Bread
501567,Butter
501567,Jam
501749,Dog Food
501749,Pet Shampoo
501857,Novel
501857,Exam Guide
501857,Notebook
502340,Coffee Powder
502340,Sugar
502340,Milk
502340,Phone Case
502350,Bread
502350,Butter
502350,Jam
502350,Baby Lotion
500218,Novel
500218,Exam Guide
500479,Notebook
500479,Pen Pack
500479,Highlighter
500479,USB Cable
500502,Bread
500502,Butter
500502,Jam
500666,Lunch Box
500666,Water Bottle
500879,Phone Case
500879,Screen Guard
500879,USB Cable
500892,Baby Diapers
500892,Baby Wipes
500892,Baby Lotion
501069,Baby Diapers
501069,Baby Wipes
501069,Baby Lotion
501107,Coffee Powder
501107,Sugar
501107,Milk
501150,Dog Food
501150,Pet Shampoo
501150,Baby Diapers
501859,Notebook
501859,Pen Pack
501859,Highlighter
501989,Baby Diapers
501989,Baby Wipes
501989,Baby Lotion
500087,Yoga Mat
500087,Protein Bar
500087,Water Bottle
500087,Milk
500108,Phone Case
500108,Screen Guard
500108,USB Cable
500123,Tea Pack
500123,Sugar
500123,Milk
500342,Lunch Box
500342,Water Bottle
500937,Phone Case
500937,Screen Guard
500937,USB Cable
500937,Bread
501016,Notebook
501016,Pen Pack
501016,Highlighter
501228,Lunch Box
501228,Water Bottle
501361,Lunch Box
501361,Water Bottle
501712,Notebook
501712,Pen Pack
501712,Highlighter
502007,Yoga Mat
502007,Protein Bar
502007,Water Bottle
502059,Notebook
502059,Pen Pack
502059,Highlighter
502059,Jam
502092,Phone Case
502092,Screen Guard
502092,USB Cable
501237,Yoga Mat
501237,Protein Bar
501237,Water Bottle
501349,Dog Food
501349,Pet Shampoo
501349,Sugar
501661,Dog Food
501661,Pet Shampoo
502060,Lunch Box
502060,Water Bottle
502060,Pet Shampoo
502241,Tea Pack
502241,Sugar
502241,Milk
500700,Bread
500700,Butter
500700,Jam
501173,Novel
501173,Exam Guide
501173,USB Cable
501267,Tea Pack
501267,Sugar
501267,Milk
501267,Baby Wipes
501309,Coffee Powder
501309,Sugar
501309,Milk
501627,Notebook
501627,Pen Pack
501627,Highlighter
501627,Baby Wipes
502157,Lunch Box
502157,Water Bottle
502157,Coffee Powder
500064,Baby Diapers
500064,Baby Wipes
500064,Baby Lotion
500064,Notebook
500261,Notebook
500261,Pen Pack
500261,Highlighter
500304,Notebook
500304,Pen Pack
500304,Highlighter
501092,Baby Diapers
501092,Baby Wipes
501092,Baby Lotion
501434,Novel
501434,Exam Guide
501781,Novel
501781,Exam Guide
502061,Phone Case
502061,Screen Guard
502061,USB Cable
500150,Tea Pack
500150,Sugar
500150,Milk
501174,Yoga Mat
501174,Protein Bar
501174,Water Bottle
501399,Tea Pack
501399,Sugar
501399,Milk
501399,Yoga Mat
501612,Lunch Box
501612,Water Bottle
501647,Bread
501647,Butter
501647,Jam
501860,Yoga Mat
501860,Protein Bar
501860,Water Bottle
502037,Phone Case
502037,Screen Guard
502037,USB Cable
502183,Tea Pack
502183,Sugar
502183,Milk
502183,Novel
502221,Novel
502221,Exam Guide
502221,Dog Food
500109,Lunch Box
500109,Water Bottle
500138,Lunch Box
500138,Water Bottle
500184,Dog Food
500184,Pet Shampoo
500403,Phone Case
500403,Screen Guard
500403,USB Cable
500949,Tea Pack
500949,Sugar
500949,Milk
500949,Screen Guard
501259,Bread
501259,Butter
501259,Jam
501259,Baby Wipes
501607,Dog Food
501607,Pet Shampoo
501892,Dog Food
501892,Pet Shampoo
501973,Tea Pack
501973,Sugar
501973,Milk
501973,Jam
502242,Phone Case
502242,Screen Guard
502242,USB Cable
502242,Jam
500275,Dog Food
500275,Pet Shampoo
500306,Dog Food
500306,Pet Shampoo
500306,USB Cable
500480,Dog Food
500480,Pet Shampoo
500680,Phone Case
500680,Screen Guard
500680,USB Cable
501156,Novel
501156,Exam Guide
501379,Bread
501379,Butter
501379,Jam
501535,Yoga Mat
501535,Protein Bar
501535,Water Bottle
501535,Baby Wipes
501613,Dog Food
501613,Pet Shampoo
501675,Phone Case
501675,Screen Guard
501675,USB Cable
501862,Lunch Box
501862,Water Bottle
501862,Pet Shampoo
502025,Novel
502025,Exam Guide
502025,Tea Pack
502351,Baby Diapers
502351,Baby Wipes
502351,Baby Lotion
500034,Coffee Powder
500034,Sugar
500034,Milk
500034,Bluetooth Earbuds
500356,Lunch Box
500356,Water Bottle
500469,Dog Food
500469,Pet Shampoo
500481,Phone Case
500481,Screen Guard
500481,USB Cable
500512,Bread
500512,Butter
500512,Jam
500512,Tea Pack
501317,Baby Diapers
501317,Baby Wipes
501317,Baby Lotion
501317,Sugar
501778,Tea Pack
501778,Sugar
501778,Milk
501778,Baby Diapers
501828,Novel
501828,Exam Guide
502232,Lunch Box
502232,Water Bottle
502232,Pet Shampoo
500234,Lunch Box
500234,Water Bottle
500950,Notebook
500950,Pen Pack
500950,Highlighter
500950,Jam
501108,Novel
501108,Exam Guide
501359,Baby Diapers
501359,Baby Wipes
501359,Baby Lotion
501510,Coffee Powder
501510,Sugar
501510,Milk
501510,Butter
501583,Phone Case
501583,Screen Guard
501583,USB Cable
501684,Novel
501684,Exam Guide
501730,Dog Food
501730,Pet Shampoo
501730,Pen Pack
501750,Coffee Powder
501750,Sugar
501750,Milk
501750,Baby Lotion
500159,Tea Pack
500159,Sugar
500159,Milk
500219,Novel
500219,Exam Guide
500369,Dog Food
500369,Pet Shampoo
500369,Milk
500904,Phone Case
500904,Screen Guard
500904,USB Cable
500911,Baby Diapers
500911,Baby Wipes
500911,Baby Lotion
501622,Dog Food
501622,Pet Shampoo
501838,Dog Food
501838,Pet Shampoo
500247,Yoga Mat
500247,Protein Bar
500247,Water Bottle
500562,Coffee Powder
500562,Sugar
500562,Milk
500562,Baby Wipes
500681,Dog Food
500681,Pet Shampoo
500850,Dog Food
500850,Pet Shampoo
500850,Baby Diapers
501479,Coffee Powder
501479,Sugar
501479,Milk
501568,Tea Pack
501568,Sugar
501568,Milk
501568,Dog Food
501726,Lunch Box
501726,Water Bottle
501726,Baby Wipes
502095,Yoga Mat
502095,Protein Bar
502095,Water Bottle
502095,Exam Guide
502333,Notebook
502333,Pen Pack
502333,Highlighter
500185,Coffee Powder
500185,Sugar
500185,Milk
500307,Tea Pack
500307,Sugar
500307,Milk
500307,Pet Shampoo
501070,Lunch Box
501070,Water Bottle
501362,Phone Case
501362,Screen Guard
501362,USB Cable
501774,Yoga Mat
501774,Protein Bar
501774,Water Bottle
502077,Yoga Mat
502077,Protein Bar
502077,Water Bottle
500088,Yoga Mat
500088,Protein Bar
500088,Water Bottle
500495,Phone Case
500495,Screen Guard
500495,USB Cable
500797,Lunch Box
500797,Water Bottle
500797,Bluetooth Earbuds
501489,Lunch Box
501489,Water Bottle
501584,Phone Case
501584,Screen Guard
501584,USB Cable
501877,Bread
501877,Butter
501877,Jam
500001,Coffee Powder
500001,Sugar
500001,Milk
500001,Pen Pack
500026,Phone Case
500026,Screen Guard
500026,USB Cable
500622,Bread
500622,Butter
500622,Jam
500912,Bread
500912,Butter
500912,Jam
500912,Baby Diapers
501008,Phone Case
501008,Screen Guard
501008,USB Cable
501008,Yoga Mat
501662,Tea Pack
501662,Sugar
501662,Milk
502315,Coffee Powder
502315,Sugar
502315,Milk
500110,Bread
500110,Butter
500110,Jam
500163,Coffee Powder
500163,Sugar
500163,Milk
500330,Yoga Mat
500330,Protein Bar
500330,Water Bottle
500330,Baby Diapers
501027,Lunch Box
501027,Water Bottle
501303,Lunch Box
501303,Water Bottle
501303,Coffee Powder
501546,Coffee Powder
501546,Sugar
501546,Milk
501707,Baby Diapers
501707,Baby Wipes
501707,Baby Lotion
501863,Lunch Box
501863,Water Bottle
501863,Sugar
501995,Yoga Mat
501995,Protein Bar
501995,Water Bottle
502108,Baby Diapers
502108,Baby Wipes
502108,Baby Lotion
502108,Protein Bar
500065,Lunch Box
500065,Water Bottle
500318,Baby Diapers
500318,Baby Wipes
500318,Baby Lotion
500357,Bread
500357,Butter
500357,Jam
500503,Phone Case
500503,Screen Guard
500503,USB Cable
500527,Lunch Box
500527,Water Bottle
500712,Dog Food
500712,Pet Shampoo
501126,Phone Case
501126,Screen Guard
501126,USB Cable
501456,Tea Pack
501456,Sugar
501456,Milk
500781,Coffee Powder
500781,Sugar
500781,Milk
501041,Yoga Mat
501041,Protein Bar
501041,Water Bottle
501041,Baby Wipes
501325,Tea Pack
501325,Sugar
501325,Milk
501325,Dog Food
502341,Bread
502341,Butter
502341,Jam
502341,Pet Shampoo
502383,Dog Food
500584,Phone Case
500584,Screen Guard
500584,USB Cable
500985,Novel
500985,Exam Guide
501085,Yoga Mat
501085,Protein Bar
501085,Water Bottle
501219,Bread
501219,Butter
501219,Jam
501499,Tea Pack
501499,Sugar
501499,Milk
502184,Yoga Mat
502184,Protein Bar
502184,Water Bottle
502184,Phone Case
502212,Tea Pack
502212,Sugar
502212,Milk
500347,Baby Diapers
500347,Baby Wipes
500347,Baby Lotion
500470,Notebook
500470,Pen Pack
500470,Highlighter
501028,Tea Pack
501028,Sugar
501028,Milk
501028,USB Cable
501268,Baby Diapers
501268,Baby Wipes
501268,Baby Lotion
501350,Lunch Box
501350,Water Bottle
501595,Baby Diapers
501595,Baby Wipes
501595,Baby Lotion
501734,Coffee Powder
501734,Sugar
501734,Milk
502176,Notebook
502176,Pen Pack
502176,Highlighter
500131,Novel
500131,Exam Guide
500536,Notebook
500536,Pen Pack
500536,Highlighter
500554,Lunch Box
500554,Water Bottle
500554,Protein Bar
500709,Yoga Mat
500709,Protein Bar
500709,Water Bottle
500993,Yoga Mat
500993,Protein Bar
500993,Water Bottle
501049,Baby Diapers
501049,Baby Wipes
501049,Baby Lotion
501253,Novel
501253,Exam Guide
501336,Notebook
501336,Pen Pack
501336,Highlighter
501380,Tea Pack
501380,Sugar
501380,Milk
501380,Pen Pack
502326,Lunch Box
502326,Water Bottle
502326,Baby Lotion
500314,Novel
500314,Exam Guide
500314,Bread
500513,Tea Pack
500513,Sugar
500513,Milk
500537,Coffee Powder
500537,Sugar
500537,Milk
500537,Water Bottle
500718,Notebook
500718,Pen Pack
500718,Highlighter
500735,Novel
500735,Exam Guide
500735,Sugar
501787,Dog Food
501787,Pet Shampoo
501996,Dog Food
501996,Pet Shampoo
502233,Coffee Powder
502233,Sugar
502233,Milk
500016,Bread
500016,Butter
500016,Jam
500423,Baby Diapers
500423,Baby Wipes
500423,Baby Lotion
500496,Coffee Powder
500496,Sugar
500496,Milk
501157,Lunch Box
501157,Water Bottle
501614,Phone Case
501614,Screen Guard
501614,USB Cable
501663,Yoga Mat
501663,Protein Bar
501663,Water Bottle
501663,Notebook
501694,Phone Case
501694,Screen Guard
501694,USB Cable
501824,Coffee Powder
501824,Sugar
501824,Milk
501926,Notebook
501926,Pen Pack
501926,Highlighter
502342,Novel
502342,Exam Guide
502342,USB Cable
500013,Dog Food
500013,Pet Shampoo
500013,Yoga Mat
500552,Dog Food
500552,Pet Shampoo
500585,Dog Food
500585,Pet Shampoo
501327,Tea Pack
501327,Sugar
501327,Milk
501664,Tea Pack
501664,Sugar
501664,Milk
501664,Coffee Powder
501695,Baby Diapers
501695,Baby Wipes
501695,Baby Lotion
501695,Tea Pack
501868,Notebook
501868,Pen Pack
501868,Highlighter
501957,Tea Pack
501957,Sugar
501957,Milk
502173,Tea Pack
502173,Sugar
502173,Milk
502173,USB Cable
502202,Baby Diapers
502202,Baby Wipes
502202,Baby Lotion
502352,Dog Food
502352,Pet Shampoo
500641,Baby Diapers
500641,Baby Wipes
500641,Baby Lotion
500851,Baby Diapers
500851,Baby Wipes
500851,Baby Lotion
501093,Coffee Powder
501093,Sugar
501093,Milk
501093,Bread
501136,Phone Case
501136,Screen Guard
501136,USB Cable
501299,Novel
501299,Exam Guide
501299,Yoga Mat
501490,Phone Case
501490,Screen Guard
501490,USB Cable
501490,Sugar
501672,Yoga Mat
501672,Protein Bar
501672,Water Bottle
502078,Tea Pack
502078,Sugar
502078,Milk
502222,Notebook
502222,Pen Pack
502222,Highlighter
502222,Butter
502387,Bluetooth Earbuds
500049,Bread
500049,Butter
500049,Jam
500192,Baby Diapers
500192,Baby Wipes
500192,Baby Lotion
500786,Bread
500786,Butter
500786,Jam
501188,Lunch Box
501188,Water Bottle
501310,Bread
501310,Butter
501310,Jam
501310,Tea Pack
501381,Dog Food
501381,Pet Shampoo
501596,Lunch Box
501596,Water Bottle
501788,Lunch Box
501788,Water Bottle
502158,Novel
502158,Exam Guide
502353,Bread
502353,Butter
502353,Jam
502353,Baby Wipes
500111,Bread
500111,Butter
500111,Jam
500111,Phone Case
500504,Lunch Box
500504,Water Bottle
500504,Novel
500697,Lunch Box
500697,Water Bottle
500713,Dog Food
500713,Pet Shampoo
500713,Baby Lotion
501326,Tea Pack
501326,Sugar
501326,Milk
501551,Notebook
501551,Pen Pack
501551,Highlighter
501708,Notebook
501708,Pen Pack
501708,Highlighter
502028,Bread
502028,Butter
502028,Jam
500193,Bread
500193,Butter
500193,Jam
500798,Bread
500798,Butter
500798,Jam
502008,Coffee Powder
502008,Sugar
502008,Milk
502294,Lunch Box
502294,Water Bottle
500452,Notebook
500452,Pen Pack
500452,Highlighter
500482,Notebook
500482,Pen Pack
500482,Highlighter
500563,Bread
500563,Butter
500563,Jam
500563,Screen Guard
501418,Tea Pack
501418,Sugar
501418,Milk
501418,Dumbbell Pair
501435,Lunch Box
501435,Water Bottle
501547,Lunch Box
501547,Water Bottle
501648,Dog Food
501648,Pet Shampoo
501678,Baby Diapers
501678,Baby Wipes
501678,Baby Lotion
501936,Baby Diapers
501936,Baby Wipes
501936,Baby Lotion
502109,Coffee Powder
502109,Sugar
502109,Milk
502144,Novel
502144,Exam Guide
502144,Baby Diapers
500290,Dog Food
500290,Pet Shampoo
500632,Baby Diapers
500632,Baby Wipes
500632,Baby Lotion
500667,Notebook
500667,Pen Pack
500667,Highlighter
500726,Bread
500726,Butter
500726,Jam
501127,Tea Pack
501127,Sugar
501127,Milk
501249,Notebook
501249,Pen Pack
501249,Highlighter
501249,Coffee Powder
501280,Baby Diapers
501280,Baby Wipes
501280,Baby Lotion
501280,Novel
501673,Coffee Powder
501673,Sugar
501673,Milk
501896,Dog Food
501896,Pet Shampoo
501918,Baby Diapers
501918,Baby Wipes
501918,Baby Lotion
501918,Screen Guard
502009,Notebook
502009,Pen Pack
502009,Highlighter
502243,Coffee Powder
502243,Sugar
502243,Milk
502243,Baby Wipes
500651,Tea Pack
500651,Sugar
500651,Milk
500651,Exam Guide
500880,Baby Diapers
500880,Baby Wipes
500880,Baby Lotion
500951,Lunch Box
500951,Water Bottle
501094,Yoga Mat
501094,Protein Bar
501094,Water Bottle
501536,Tea Pack
501536,Sugar
501536,Milk
501559,Coffee Powder
501559,Sugar
501559,Milk
501676,Bread
501676,Butter
501676,Jam
501676,Baby Lotion
500727,Phone Case
500727,Screen Guard
500727,USB Cable
500727,Novel
500826,Phone Case
500826,Screen Guard
500826,USB Cable
500826,Lunch Box
500841,Dog Food
500841,Pet Shampoo
501137,Baby Diapers
501137,Baby Wipes
501137,Baby Lotion
501368,Yoga Mat
501368,Protein Bar
501368,Water Bottle
501806,Dog Food
501806,Pet Shampoo
501997,Coffee Powder
501997,Sugar
501997,Milk
501997,Baby Wipes
502323,Novel
502323,Exam Guide
502323,Sugar
500642,Yoga Mat
500642,Protein Bar
500642,Water Bottle
500642,Dog Food
500744,Bread
500744,Butter
500744,Jam
500744,Baby Wipes
500758,Bread
500758,Butter
500758,Jam
501363,Novel
501363,Exam Guide
501796,Baby Diapers
501796,Baby Wipes
501796,Baby Lotion
501796,Tea Pack
502244,Yoga Mat
502244,Protein Bar
502244,Water Bottle
500378,Notebook
500378,Pen Pack
500378,Highlighter
500378,Baby Wipes
501207,Notebook
501207,Pen Pack
501207,Highlighter
501263,Tea Pack
501263,Sugar
501263,Milk
501436,Tea Pack
501436,Sugar
501436,Milk
501436,Baby Lotion
501500,Yoga Mat
501500,Protein Bar
501500,Water Bottle
501500,Milk
500586,Bread
500586,Butter
500586,Jam
500787,Novel
500787,Exam Guide
500787,Butter
500811,Dog Food
500811,Pet Shampoo
501109,Phone Case
501109,Screen Guard
501109,USB Cable
501437,Phone Case
501437,Screen Guard
501437,USB Cable
501437,Exam Guide
501480,Dog Food
501480,Pet Shampoo
500035,Dog Food
500035,Pet Shampoo
500035,Phone Case
500099,Novel
500099,Exam Guide
500424,Coffee Powder
500424,Sugar
500424,Milk
500505,Novel
500505,Exam Guide
500505,Jam
502062,Phone Case
502062,Screen Guard
502062,USB Cable
502062,Notebook
502203,Yoga Mat
502203,Protein Bar
502203,Water Bottle
500472,Phone Case
500472,Screen Guard
500472,USB Cable
500623,Lunch Box
500623,Water Bottle
501179,Notebook
501179,Pen Pack
501179,Highlighter
501408,Coffee Powder
501408,Sugar
501408,Milk
501511,Baby Diapers
501511,Baby Wipes
501511,Baby Lotion
501685,Dog Food
501685,Pet Shampoo
501958,Bread
501958,Butter
501958,Jam
502029,Bread
502029,Butter
502029,Jam
502145,Notebook
502145,Pen Pack
502145,Highlighter
502193,Baby Diapers
502193,Baby Wipes
502193,Baby Lotion
502213,Coffee Powder
502213,Sugar
502213,Milk
502213,Notebook
502234,Novel
502234,Exam Guide
500100,Coffee Powder
500100,Sugar
500100,Milk
501180,Yoga Mat
501180,Protein Bar
501180,Water Bottle
501180,Jam
501608,Bread
501608,Butter
501608,Jam
501797,Baby Diapers
501797,Baby Wipes
501797,Baby Lotion
501797,USB Cable
502063,Baby Diapers
502063,Baby Wipes
502063,Baby Lotion
502063,Jam
502194,Tea Pack
502194,Sugar
502194,Milk
502327,Yoga Mat
502327,Protein Bar
502327,Water Bottle
500066,Coffee Powder
500066,Sugar
500066,Milk
500074,Yoga Mat
500074,Protein Bar
500074,Water Bottle
500538,Baby Diapers
500538,Baby Wipes
500538,Baby Lotion
500766,Notebook
500766,Pen Pack
500766,Highlighter
500788,Tea Pack
500788,Sugar
500788,Milk
500788,Dog Food
500844,Yoga Mat
500844,Protein Bar
500844,Water Bottle
501364,Phone Case
501364,Screen Guard
501364,USB Cable
501364,Protein Bar
501909,Bread
501909,Butter
501909,Jam
501919,Novel
501919,Exam Guide
501919,Lunch Box
501937,Lunch Box
501937,Water Bottle
501937,Baby Wipes
502214,Dog Food
502214,Pet Shampoo
502223,Novel
502223,Exam Guide
502223,Pet Shampoo
500358,Baby Diapers
500358,Baby Wipes
500358,Baby Lotion
500497,Dog Food
500497,Pet Shampoo
501050,Baby Diapers
501050,Baby Wipes
501050,Baby Lotion
501050,Dog Food
501462,Yoga Mat
501462,Protein Bar
501462,Water Bottle
501751,Phone Case
501751,Screen Guard
501751,USB Cable
501751,Lunch Box
501920,Novel
501920,Exam Guide
501920,Notebook
501975,Novel
501975,Exam Guide
500036,Yoga Mat
500036,Protein Bar
500036,Water Bottle
500291,Dog Food
500291,Pet Shampoo
500291,Baby Diapers
500352,Notebook
500352,Pen Pack
500352,Highlighter
500614,Baby Diapers
500614,Baby Wipes
500614,Baby Lotion
500759,Notebook
500759,Pen Pack
500759,Highlighter
501009,Lunch Box
501009,Water Bottle
501044,Dog Food
501044,Pet Shampoo
501044,Baby Wipes
501938,Yoga Mat
501938,Protein Bar
501938,Water Bottle
502343,Novel
502343,Exam Guide
500379,Lunch Box
500379,Water Bottle
500952,Novel
500952,Exam Guide
501481,Baby Diapers
501481,Baby Wipes
501481,Baby Lotion
501481,Dog Food
501639,Dog Food
501639,Pet Shampoo
501752,Baby Diapers
501752,Baby Wipes
501752,Baby Lotion
501850,Yoga Mat
501850,Protein Bar
501850,Water Bottle
502030,Coffee Powder
502030,Sugar
502030,Milk
502295,Coffee Powder
502295,Sugar
502295,Milk
502364,Dog Food
502364,Pet Shampoo
500194,Yoga Mat
500194,Protein Bar
500194,Water Bottle
500412,Bread
500412,Butter
500412,Jam
500539,Tea Pack
500539,Sugar
500539,Milk
500784,Tea Pack
500784,Sugar
500784,Milk
500816,Tea Pack
500816,Sugar
500816,Milk
500816,Highlighter
500852,Novel
500852,Exam Guide
500872,Notebook
500872,Pen Pack
500872,Highlighter
500881,Phone Case
500881,Screen Guard
500881,USB Cable
500934,Novel
500934,Exam Guide
501337,Dog Food
501337,Pet Shampoo
501337,Bluetooth Earbuds
501990,Phone Case
501990,Screen Guard
501990,USB Cable
500169,Baby Diapers
500169,Baby Wipes
500169,Baby Lotion
500248,Bread
500248,Butter
500248,Jam
500248,Protein Bar
500370,Yoga Mat
500370,Protein Bar
500370,Water Bottle
500380,Tea Pack
500380,Sugar
500380,Milk
500380,Coffee Powder
500498,Dog Food
500498,Pet Shampoo
500498,Pen Pack
500564,Phone Case
500564,Screen Guard
500564,USB Cable
500682,Yoga Mat
500682,Protein Bar
500682,Water Bottle
500682,Screen Guard
500767,Dog Food
500767,Pet Shampoo
501095,Tea Pack
501095,Sugar
501095,Milk
501151,Bread
501151,Butter
501151,Jam
501322,Phone Case
501322,Screen Guard
501322,USB Cable
501322,Sugar
501438,Bread
501438,Butter
501438,Jam
501869,Bread
501869,Butter
501869,Jam
502049,Lunch Box
502049,Water Bottle
502110,Lunch Box
502110,Water Bottle
502110,Bluetooth Earbuds
502260,Phone Case
502260,Screen Guard
502260,USB Cable
500002,Phone Case
500002,Screen Guard
500002,USB Cable
500002,Pet Shampoo
500565,Notebook
500565,Pen Pack
500565,Highlighter
500565,Lunch Box
500827,Bread
500827,Butter
500827,Jam
500827,Phone Case
501782,Phone Case
501782,Screen Guard
501782,USB Cable
501782,Dog Food
502261,Tea Pack
502261,Sugar
502261,Milk
500325,Coffee Powder
500325,Sugar
500325,Milk
500540,Notebook
500540,Pen Pack
500540,Highlighter
500540,Sugar
500799,Bread
500799,Butter
500799,Jam
500799,Baby Wipes
501071,Tea Pack
501071,Sugar
501071,Milk
501425,Novel
501425,Exam Guide
501463,Notebook
501463,Pen Pack
501463,Highlighter
501623,Phone Case
501623,Screen Guard
501623,USB Cable
502020,Yoga Mat
502020,Protein Bar
502020,Water Bottle
502204,Bread
502204,Butter
502204,Jam
502262,Novel
502262,Exam Guide
500139,Phone Case
500139,Screen Guard
500139,USB Cable
500186,Baby Diapers
500186,Baby Wipes
500186,Baby Lotion
500308,Notebook
500308,Pen Pack
500308,Highlighter
500308,Bluetooth Earbuds
501293,Phone Case
501293,Screen Guard
501293,USB Cable
501293,Sugar
501798,Bread
501798,Butter
501798,Jam
502050,Notebook
502050,Pen Pack
502050,Highlighter
502050,Sugar
502185,Tea Pack
502185,Sugar
502185,Milk
502185,Pen Pack
500205,Coffee Powder
500205,Sugar
500205,Milk
501311,Bread
501311,Butter
501311,Jam
501482,Coffee Powder
501482,Sugar
501482,Milk
502031,Yoga Mat
502031,Protein Bar
502031,Water Bottle
500648,Tea Pack
500648,Sugar
500648,Milk
500800,Lunch Box
500800,Water Bottle
500800,Jam
500812,Tea Pack
500812,Sugar
500812,Milk
500882,Notebook
500882,Pen Pack
500882,Highlighter
500882,Lunch Box
501017,Lunch Box
501017,Water Bottle
502195,Bread
502195,Butter
502195,Jam
500037,Notebook
500037,Pen Pack
500037,Highlighter
500037,Bread
500170,Baby Diapers
500170,Baby Wipes
500170,Baby Lotion
500249,Tea Pack
500249,Sugar
500249,Milk
500905,Bread
500905,Butter
500905,Jam
501056,Coffee Powder
501056,Sugar
501056,Milk
501444,Bread
501444,Butter
501444,Jam
501574,Phone Case
501574,Screen Guard
501574,USB Cable
501574,Dumbbell Pair
501686,Baby Diapers
501686,Baby Wipes
501686,Baby Lotion
501686,USB Cable
501720,Lunch Box
501720,Water Bottle
501767,Yoga Mat
501767,Protein Bar
501767,Water Bottle
500003,Coffee Powder
500003,Sugar
500003,Milk
500541,Coffee Powder
500541,Sugar
500541,Milk
500575,Baby Diapers
500575,Baby Wipes
500575,Baby Lotion
500645,Novel
500645,Exam Guide
500645,Baby Lotion
500745,Yoga Mat
500745,Protein Bar
500745,Water Bottle
501208,Notebook
501208,Pen Pack
501208,Highlighter
501491,Bread
501491,Butter
501491,Jam
501491,Water Bottle
501501,Dog Food
501501,Pet Shampoo
501501,Jam
501799,Notebook
501799,Pen Pack
501799,Highlighter
501799,Baby Lotion
501839,Coffee Powder
501839,Sugar
501839,Milk
501897,Yoga Mat
501897,Protein Bar
501897,Water Bottle
502096,Tea Pack
502096,Sugar
502096,Milk
500007,Bread
500007,Butter
500007,Jam
500017,Novel
500017,Exam Guide
500017,Yoga Mat
500140,Baby Diapers
500140,Baby Wipes
500140,Baby Lotion
500331,Bread
500331,Butter
500331,Jam
501057,Yoga Mat
501057,Protein Bar
501057,Water Bottle
502344,Novel
502344,Exam Guide
500004,Novel
500004,Exam Guide
500004,Protein Bar
500206,Lunch Box
500206,Water Bottle
500206,Dog Food
500413,Yoga Mat
500413,Protein Bar
500413,Water Bottle
500710,Bread
500710,Butter
500710,Jam
501260,Notebook
501260,Pen Pack
501260,Highlighter
501260,Butter
501512,Notebook
501512,Pen Pack
501512,Highlighter
502263,Coffee Powder
502263,Sugar
502263,Milk
501238,Baby Diapers
501238,Baby Wipes
501238,Baby Lotion
501827,Novel
501827,Exam Guide
501827,USB Cable
502079,Coffee Powder
502079,Sugar
502079,Milk
502334,Phone Case
502334,Screen Guard
502334,USB Cable
500180,Yoga Mat
500180,Protein Bar
500180,Water Bottle
500180,Exam Guide
500207,Yoga Mat
500207,Protein Bar
500207,Water Bottle
500381,Novel
500381,Exam Guide
500439,Notebook
500439,Pen Pack
500439,Highlighter
500506,Phone Case
500506,Screen Guard
500506,USB Cable
500506,Bread
500853,Novel
500853,Exam Guide
500863,Yoga Mat
500863,Protein Bar
500863,Water Bottle
500863,Baby Lotion
500883,Novel
500883,Exam Guide
500913,Coffee Powder
500913,Sugar
500913,Milk
500938,Notebook
500938,Pen Pack
500938,Highlighter
500938,Pet Shampoo
501058,Phone Case
501058,Screen Guard
501058,USB Cable
501323,Yoga Mat
501323,Protein Bar
501323,Water Bottle
501323,Baby Diapers
501426,Novel
501426,Exam Guide
501445,Dog Food
501445,Pet Shampoo
501513,Baby Diapers
501513,Baby Wipes
501513,Baby Lotion
501833,Novel
501833,Exam Guide
501898,Phone Case
501898,Screen Guard
501898,USB Cable
502134,Coffee Powder
502134,Sugar
502134,Milk
502134,Baby Diapers
500768,Coffee Powder
500768,Sugar
500768,Milk
501072,Dog Food
501072,Pet Shampoo
501072,Jam
501338,Tea Pack
501338,Sugar
501338,Milk
501400,Notebook
501400,Pen Pack
501400,Highlighter
500315,Notebook
500315,Pen Pack
500315,Highlighter
500315,Coffee Powder
500884,Baby Diapers
500884,Baby Wipes
500884,Baby Lotion
500884,Bluetooth Earbuds
500972,Bread
500972,Butter
500972,Jam
501117,Notebook
501117,Pen Pack
501117,Highlighter
501365,Bread
501365,Butter
501365,Jam
501365,Lunch Box
501427,Yoga Mat
501427,Protein Bar
501427,Water Bottle
501439,Phone Case
501439,Screen Guard
501439,USB Cable
501457,Novel
501457,Exam Guide
501628,Lunch Box
501628,Water Bottle
501768,Notebook
501768,Pen Pack
501768,Highlighter
501976,Tea Pack
501976,Sugar
501976,Milk
500195,Lunch Box
500195,Water Bottle
500269,Yoga Mat
500269,Protein Bar
500269,Water Bottle
500453,Baby Diapers
500453,Baby Wipes
500453,Baby Lotion
500746,Tea Pack
500746,Sugar
500746,Milk
501201,Notebook
501201,Pen Pack
501201,Highlighter
501201,Butter
501318,Novel
501318,Exam Guide
501899,Yoga Mat
501899,Protein Bar
501899,Water Bottle
501899,Lunch Box
501939,Coffee Powder
501939,Sugar
501939,Milk
502196,Novel
502196,Exam Guide
502316,Bread
502316,Butter
502316,Jam
502365,Baby Diapers
502365,Baby Wipes
502365,Baby Lotion
502365,Screen Guard
500528,Dog Food
500528,Pet Shampoo
500885,Novel
500885,Exam Guide
500953,Bread
500953,Butter
500953,Jam
501010,Coffee Powder
501010,Sugar
501010,Milk
501010,Novel
501245,Coffee Powder
501245,Sugar
501245,Milk
501269,Phone Case
501269,Screen Guard
501269,USB Cable
501351,Novel
501351,Exam Guide
501514,Notebook
501514,Pen Pack
501514,Highlighter
501629,Lunch Box
501629,Water Bottle
501629,Jam
501921,Lunch Box
501921,Water Bottle
501940,Yoga Mat
501940,Protein Bar
501940,Water Bottle
502186,Yoga Mat
502186,Protein Bar
502186,Water Bottle
502245,Novel
502245,Exam Guide
500566,Baby Diapers
500566,Baby Wipes
500566,Baby Lotion
500986,Bread
500986,Butter
500986,Jam
500986,Highlighter
501229,Tea Pack
501229,Sugar
501229,Milk
502064,Phone Case
502064,Screen Guard
502064,USB Cable
502270,Novel
502270,Exam Guide
500050,Coffee Powder
500050,Sugar
500050,Milk
500250,Tea Pack
500250,Sugar
500250,Milk
500250,Yoga Mat
500404,Phone Case
500404,Screen Guard
500404,USB Cable
500747,Tea Pack
500747,Sugar
500747,Milk
500866,Dog Food
500866,Pet Shampoo
500922,Phone Case
500922,Screen Guard
500922,USB Cable
500922,Baby Wipes
501077,Yoga Mat
501077,Protein Bar
501077,Water Bottle
501101,Novel
501101,Exam Guide
501281,Tea Pack
501281,Sugar
501281,Milk
501502,Yoga Mat
501502,Protein Bar
501502,Water Bottle
501527,Phone Case
501527,Screen Guard
501527,USB Cable
501807,Bread
501807,Butter
501807,Jam
501807,Pen Pack
501922,Novel
501922,Exam Guide
501922,Butter
502104,Notebook
502104,Pen Pack
502104,Highlighter
502159,Yoga Mat
502159,Protein Bar
502159,Water Bottle
502296,Notebook
502296,Pen Pack
502296,Highlighter
502296,Dog Food
500230,Phone Case
500230,Screen Guard
500230,USB Cable
500230,Protein Bar
500276,Dog Food
500276,Pet Shampoo
500276,Baby Wipes
500514,Novel
500514,Exam Guide
500514,Sugar
500657,Lunch Box
500657,Water Bottle
500728,Bread
500728,Butter
500728,Jam
501119,Tea Pack
501119,Sugar
501119,Milk
501119,Yoga Mat
501181,Phone Case
501181,Screen Guard
501181,USB Cable
501181,Dog Food
501189,Coffee Powder
501189,Sugar
501189,Milk
501189,Dumbbell Pair
501202,Dog Food
501202,Pet Shampoo
501428,Dog Food
501428,Pet Shampoo
500196,Notebook
500196,Pen Pack
500196,Highlighter
501401,Novel
501401,Exam Guide
501401,Dumbbell Pair
501696,Coffee Powder
501696,Sugar
501696,Milk
502038,Phone Case
502038,Screen Guard
502038,USB Cable
502146,Lunch Box
502146,Water Bottle
502373,Lunch Box
502373,Water Bottle
500008,Novel
500008,Exam Guide
500371,Bread
500371,Butter
500371,Jam
500414,Tea Pack
500414,Sugar
500414,Milk
500414,Exam Guide
500914,Dog Food
500914,Pet Shampoo
500914,Baby Wipes
501078,Novel
501078,Exam Guide
501440,Yoga Mat
501440,Protein Bar
501440,Water Bottle
501585,Baby Diapers
501585,Baby Wipes
501585,Baby Lotion
501991,Coffee Powder
501991,Sugar
501991,Milk
501991,USB Cable
502285,Phone Case
502285,Screen Guard
502285,USB Cable
500432,Tea Pack
500432,Sugar
500432,Milk
500587,Notebook
500587,Pen Pack
500587,Highlighter
500683,Dog Food
500683,Pet Shampoo
500683,Sugar
500769,Baby Diapers
500769,Baby Wipes
500769,Baby Lotion
501304,Dog Food
501304,Pet Shampoo
501528,Coffee Powder
501528,Sugar
501528,Milk
501630,Novel
501630,Exam Guide
501630,Baby Lotion
501800,Novel
501800,Exam Guide
502335,Tea Pack
502335,Sugar
502335,Milk
500270,Phone Case
500270,Screen Guard
500270,USB Cable
500270,Dog Food
500415,Baby Diapers
500415,Baby Wipes
500415,Baby Lotion
500415,Dog Food
501120,Dog Food
501120,Pet Shampoo
501721,Phone Case
501721,Screen Guard
501721,USB Cable
501735,Lunch Box
501735,Water Bottle
501753,Dog Food
501753,Pet Shampoo
502147,Novel
502147,Exam Guide
502147,Lunch Box
502177,Phone Case
502177,Screen Guard
502177,USB Cable
502177,Coffee Powder
500515,Notebook
500515,Pen Pack
500515,Highlighter
501429,Notebook
501429,Pen Pack
501429,Highlighter
501429,Bluetooth Earbuds
501759,Phone Case
501759,Screen Guard
501759,USB Cable
502165,Lunch Box
502165,Water Bottle
502354,Yoga Mat
502354,Protein Bar
502354,Water Bottle
500277,Dog Food
500277,Pet Shampoo
500277,Protein Bar
500939,Lunch Box
500939,Water Bottle
501018,Yoga Mat
501018,Protein Bar
501018,Water Bottle
501042,Phone Case
501042,Screen Guard
501042,USB Cable
501042,Bread
501110,Tea Pack
501110,Sugar
501110,Milk
501597,Coffee Powder
501597,Sugar
501597,Milk
501597,Baby Lotion
501731,Bread
501731,Butter
501731,Jam
502080,Notebook
502080,Pen Pack
502080,Highlighter
502080,Coffee Powder
502097,Bread
502097,Butter
502097,Jam
502097,Phone Case
502124,Baby Diapers
502124,Baby Wipes
502124,Baby Lotion
502366,Baby Diapers
502366,Baby Wipes
502366,Baby Lotion
500382,Phone Case
500382,Screen Guard
500382,USB Cable
500714,Coffee Powder
500714,Sugar
500714,Milk
501446,Lunch Box
501446,Water Bottle
501446,Jam
501503,Novel
501503,Exam Guide
501503,Highlighter
501900,Tea Pack
501900,Sugar
501900,Milk
502271,Notebook
502271,Pen Pack
502271,Highlighter
500542,Dog Food
500542,Pet Shampoo
500789,Phone Case
500789,Screen Guard
500789,USB Cable
500940,Novel
500940,Exam Guide
500994,Bread
500994,Butter
500994,Jam
501038,Bread
501038,Butter
501038,Jam
501369,Baby Diapers
501369,Baby Wipes
501369,Baby Lotion
501369,Screen Guard
501441,Tea Pack
501441,Sugar
501441,Milk
501441,Bluetooth Earbuds
501789,Yoga Mat
501789,Protein Bar
501789,Water Bottle
501878,Yoga Mat
501878,Protein Bar
501878,Water Bottle
502148,Notebook
502148,Pen Pack
502148,Highlighter
502246,Lunch Box
502246,Water Bottle
500507,Lunch Box
500507,Water Bottle
500507,Bread
500923,Yoga Mat
500923,Protein Bar
500923,Water Bottle
501282,Tea Pack
501282,Sugar
501282,Milk
501282,Bluetooth Earbuds
501529,Bread
501529,Butter
501529,Jam
501665,Lunch Box
501665,Water Bottle
501977,Tea Pack
501977,Sugar
501977,Milk
502247,Phone Case
502247,Screen Guard
502247,USB Cable
502286,Bread
502286,Butter
502286,Jam
502374,Phone Case
502374,Screen Guard
502374,USB Cable
500499,Phone Case
500499,Screen Guard
500499,USB Cable
500729,Dog Food
500729,Pet Shampoo
500729,Exam Guide
500886,Yoga Mat
500886,Protein Bar
500886,Water Bottle
501294,Phone Case
501294,Screen Guard
501294,USB Cable
501305,Tea Pack
501305,Sugar
501305,Milk
501352,Bread
501352,Butter
501352,Jam
501352,Exam Guide
501464,Tea Pack
501464,Sugar
501464,Milk
501483,Coffee Powder
501483,Sugar
501483,Milk
501642,Tea Pack
501642,Sugar
501642,Milk
501808,Phone Case
501808,Screen Guard
501808,USB Cable
501998,Lunch Box
501998,Water Bottle
501998,USB Cable
500646,Yoga Mat
500646,Protein Bar
500646,Water Bottle
500987,Phone Case
500987,Screen Guard
500987,USB Cable
501270,Coffee Powder
501270,Sugar
501270,Milk
501430,Novel
501430,Exam Guide
501430,Pen Pack
501697,Bread
501697,Butter
501697,Jam
502166,Baby Diapers
502166,Baby Wipes
502166,Baby Lotion
502166,Pet Shampoo
502375,Lunch Box
502375,Water Bottle
502375,Highlighter
500078,Bread
500078,Butter
500078,Jam
500278,Notebook
500278,Pen Pack
500278,Highlighter
500278,Lunch Box
500394,Yoga Mat
500394,Protein Bar
500394,Water Bottle
500394,Exam Guide
501170,Coffee Powder
501170,Sugar
501170,Milk
501209,Notebook
501209,Pen Pack
501209,Highlighter
501586,Novel
501586,Exam Guide
501698,Dog Food
501698,Pet Shampoo
502224,Notebook
502224,Pen Pack
502224,Highlighter
502224,Baby Diapers
500027,Coffee Powder
500027,Sugar
500027,Milk
501086,Dog Food
501086,Pet Shampoo
501086,Pen Pack
501552,Notebook
501552,Pen Pack
501552,Highlighter
501816,Yoga Mat
501816,Protein Bar
501816,Water Bottle
501816,Pen Pack
502367,Baby Diapers
502367,Baby Wipes
502367,Baby Lotion
500440,Novel
500440,Exam Guide
500440,Dumbbell Pair
500915,Novel
500915,Exam Guide
500960,Coffee Powder
500960,Sugar
500960,Milk
501175,Phone Case
501175,Screen Guard
501175,USB Cable
501339,Baby Diapers
501339,Baby Wipes
501339,Baby Lotion
501484,Bread
501484,Butter
501484,Jam
501598,Dog Food
501598,Pet Shampoo
501722,Dog Food
501722,Pet Shampoo
501727,Tea Pack
501727,Sugar
501727,Milk
501927,Bread
501927,Butter
501927,Jam
501927,Phone Case
500658,Tea Pack
500658,Sugar
500658,Milk
501011,Lunch Box
501011,Water Bottle
501402,Coffee Powder
501402,Sugar
501402,Milk
501504,Baby Diapers
501504,Baby Wipes
501504,Baby Lotion
501504,Tea Pack
501575,Novel
501575,Exam Guide
501649,Dog Food
501649,Pet Shampoo
502032,Yoga Mat
502032,Protein Bar
502032,Water Bottle
502167,Novel
502167,Exam Guide
500124,Baby Diapers
500124,Baby Wipes
500124,Baby Lotion
500596,Yoga Mat
500596,Protein Bar
500596,Water Bottle
500606,Coffee Powder
500606,Sugar
500606,Milk
500606,Novel
500760,Novel
500760,Exam Guide
500828,Lunch Box
500828,Water Bottle
501012,Novel
501012,Exam Guide
501012,Jam
501087,Notebook
501087,Pen Pack
501087,Highlighter
501230,Phone Case
501230,Screen Guard
501230,USB Cable
501515,Baby Diapers
501515,Baby Wipes
501515,Baby Lotion
501515,USB Cable
501576,Coffee Powder
501576,Sugar
501576,Milk
502065,Dog Food
502065,Pet Shampoo
502065,Milk
502081,Bread
502081,Butter
502081,Jam
502178,Notebook
502178,Pen Pack
502178,Highlighter
502178,Protein Bar
500454,Phone Case
500454,Screen Guard
500454,USB Cable
500624,Dog Food
500624,Pet Shampoo
500867,Yoga Mat
500867,Protein Bar
500867,Water Bottle
500941,Novel
500941,Exam Guide
501013,Dog Food
501013,Pet Shampoo
501013,Coffee Powder
501158,Yoga Mat
501158,Protein Bar
501158,Water Bottle
501666,Coffee Powder
501666,Sugar
501666,Milk
502135,Tea Pack
502135,Sugar
502135,Milk
502135,Yoga Mat
500018,Coffee Powder
500018,Sugar
500018,Milk
500395,Novel
500395,Exam Guide
500395,Coffee Powder
501020,Yoga Mat
501020,Protein Bar
501020,Water Bottle
501465,Novel
501465,Exam Guide
501475,Coffee Powder
501475,Sugar
501475,Milk
501754,Bread
501754,Butter
501754,Jam
501779,Novel
501779,Exam Guide
501779,Dog Food
500543,Novel
500543,Exam Guide
500543,USB Cable
500961,Bread
500961,Butter
500961,Jam
501045,Lunch Box
501045,Water Bottle
501096,Dog Food
501096,Pet Shampoo
501728,Notebook
501728,Pen Pack
501728,Highlighter
501879,Coffee Powder
501879,Sugar
501879,Milk
501879,Pet Shampoo
501959,Tea Pack
501959,Sugar
501959,Milk
501959,Pen Pack
501992,Yoga Mat
501992,Protein Bar
501992,Water Bottle
501992,Coffee Powder
502098,Tea Pack
502098,Sugar
502098,Milk
502291,Tea Pack
502291,Sugar
502291,Milk
502291,Bluetooth Earbuds
500132,Lunch Box
500132,Water Bottle
500383,Coffee Powder
500383,Sugar
500383,Milk
500942,Phone Case
500942,Screen Guard
500942,USB Cable
501039,Coffee Powder
501039,Sugar
501039,Milk
501159,Lunch Box
501159,Water Bottle
501203,Lunch Box
501203,Water Bottle
501254,Yoga Mat
501254,Protein Bar
501254,Water Bottle
501409,Phone Case
501409,Screen Guard
501409,USB Cable
501569,Novel
501569,Exam Guide
501667,Bread
501667,Butter
501667,Jam
502355,Novel
502355,Exam Guide
500405,Yoga Mat
500405,Protein Bar
500405,Water Bottle
500405,Pet Shampoo
500455,Dog Food
500455,Pet Shampoo
500455,Jam
500588,Dog Food
500588,Pet Shampoo
500899,Notebook
500899,Pen Pack
500899,Highlighter
501713,Notebook
501713,Pen Pack
501713,Highlighter
501713,Yoga Mat
501880,Dog Food
501880,Pet Shampoo
501880,Baby Wipes
501941,Phone Case
501941,Screen Guard
501941,USB Cable
500009,Notebook
500009,Pen Pack
500009,Highlighter
500019,Lunch Box
500019,Water Bottle
500067,Coffee Powder
500067,Sugar
500067,Milk
500262,Lunch Box
500262,Water Bottle
500456,Lunch Box
500456,Water Bottle
500456,Novel
500962,Coffee Powder
500962,Sugar
500962,Milk
501059,Phone Case
501059,Screen Guard
501059,USB Cable
501059,Sugar
501340,Lunch Box
501340,Water Bottle
501466,Lunch Box
501466,Water Bottle
501851,Phone Case
501851,Screen Guard
501851,USB Cable
502287,Baby Diapers
502287,Baby Wipes
502287,Baby Lotion
500028,Tea Pack
500028,Sugar
500028,Milk
500508,Tea Pack
500508,Sugar
500508,Milk
500659,Bread
500659,Butter
500659,Jam
500864,Phone Case
500864,Screen Guard
500864,USB Cable
500864,Dog Food
501111,Tea Pack
501111,Sugar
501111,Milk
501111,Highlighter
501736,Notebook
501736,Pen Pack
501736,Highlighter
500263,Notebook
500263,Pen Pack
500263,Highlighter
501283,Bread
501283,Butter
501283,Jam
501410,Notebook
501410,Pen Pack
501410,Highlighter
501548,Baby Diapers
501548,Baby Wipes
501548,Baby Lotion
501587,Bread
501587,Butter
501587,Jam
501102,Yoga Mat
501102,Protein Bar
501102,Water Bottle
501102,Sugar
501537,Baby Diapers
501537,Baby Wipes
501537,Baby Lotion
501537,Pet Shampoo
501906,Tea Pack
501906,Sugar
501906,Milk
502288,Novel
502288,Exam Guide
500141,Baby Diapers
500141,Baby Wipes
500141,Baby Lotion
500319,Notebook
500319,Pen Pack
500319,Highlighter
500319,Sugar
500332,Coffee Powder
500332,Sugar
500332,Milk
500730,Dog Food
500730,Pet Shampoo
500817,Yoga Mat
500817,Protein Bar
500817,Water Bottle
501079,Tea Pack
501079,Sugar
501079,Milk
501220,Notebook
501220,Pen Pack
501220,Highlighter
501341,Coffee Powder
501341,Sugar
501341,Milk
501341,Screen Guard
501599,Lunch Box
501599,Water Bottle
501910,Bread
501910,Butter
501910,Jam
502136,Baby Diapers
502136,Baby Wipes
502136,Baby Lotion
502136,Pet Shampoo
500649,Dog Food
500649,Pet Shampoo
501646,Notebook
501646,Pen Pack
501646,Highlighter
501911,Lunch Box
501911,Water Bottle
502160,Yoga Mat
502160,Protein Bar
502160,Water Bottle
502197,Baby Diapers
502197,Baby Wipes
502197,Baby Lotion
500133,Novel
500133,Exam Guide
500133,USB Cable
500208,Phone Case
500208,Screen Guard
500208,USB Cable
500208,Dog Food
500567,Lunch Box
500567,Water Bottle
501088,Dog Food
501088,Pet Shampoo
501176,Tea Pack
501176,Sugar
501176,Milk
501176,Baby Lotion
501492,Baby Diapers
501492,Baby Wipes
501492,Baby Lotion
501624,Baby Diapers
501624,Baby Wipes
501624,Baby Lotion
501737,Coffee Powder
501737,Sugar
501737,Milk
502010,Tea Pack
502010,Sugar
502010,Milk
502010,Screen Guard
502205,Lunch Box
502205,Water Bottle
502292,Phone Case
502292,Screen Guard
502292,USB Cable
502292,Exam Guide
502317,Baby Diapers
502317,Baby Wipes
502317,Baby Lotion
502317,Screen Guard
500701,Lunch Box
500701,Water Bottle
500701,Bread
500995,Yoga Mat
500995,Protein Bar
500995,Water Bottle
501431,Tea Pack
501431,Sugar
501431,Milk
501431,Baby Diapers
500516,Dog Food
500516,Pet Shampoo
500607,Notebook
500607,Pen Pack
500607,Highlighter
500660,Phone Case
500660,Screen Guard
500660,USB Cable
501097,Coffee Powder
501097,Sugar
501097,Milk
501097,Highlighter
501138,Coffee Powder
501138,Sugar
501138,Milk
501852,Yoga Mat
501852,Protein Bar
501852,Water Bottle
500029,Phone Case
500029,Screen Guard
500029,USB Cable
500029,Yoga Mat
500112,Novel
500112,Exam Guide
500384,Coffee Powder
500384,Sugar
500384,Milk
500996,Dog Food
500996,Pet Shampoo
501182,Coffee Powder
501182,Sugar
501182,Milk
501615,Notebook
501615,Pen Pack
501615,Highlighter
501679,Tea Pack
501679,Sugar
501679,Milk
502033,Phone Case
502033,Screen Guard
502033,USB Cable
502225,Novel
502225,Exam Guide
502225,Screen Guard
500089,Yoga Mat
500089,Protein Bar
500089,Water Bottle
500801,Lunch Box
500801,Water Bottle
500893,Lunch Box
500893,Water Bottle
500893,Tea Pack
500916,Tea Pack
500916,Sugar
500916,Milk
501183,Novel
501183,Exam Guide
501183,Water Bottle
501319,Tea Pack
501319,Sugar
501319,Milk
501738,Bread
501738,Butter
501738,Jam
501738,Protein Bar
501881,Novel
501881,Exam Guide
501881,Butter
500160,Bread
500160,Butter
500160,Jam
500160,Water Bottle
500576,Lunch Box
500576,Water Bottle
500719,Notebook
500719,Pen Pack
500719,Highlighter
500917,Notebook
500917,Pen Pack
500917,Highlighter
500917,Exam Guide
500954,Novel
500954,Exam Guide
501284,Tea Pack
501284,Sugar
501284,Milk
501312,Yoga Mat
501312,Protein Bar
501312,Water Bottle
501342,Bread
501342,Butter
501342,Jam
501342,Coffee Powder
501840,Novel
501840,Exam Guide
501942,Dog Food
501942,Pet Shampoo
502125,Dog Food
502125,Pet Shampoo
502179,Baby Diapers
502179,Baby Wipes
502179,Baby Lotion
500151,Bread
500151,Butter
500151,Jam
500151,Exam Guide
500264,Dog Food
500264,Pet Shampoo
500264,Baby Diapers
500668,Yoga Mat
500668,Protein Bar
500668,Water Bottle
500684,Dog Food
500684,Pet Shampoo
500684,Water Bottle
501112,Baby Diapers
501112,Baby Wipes
501112,Baby Lotion
501300,Baby Diapers
501300,Baby Wipes
501300,Baby Lotion
501616,Dog Food
501616,Pet Shampoo
500010,Bread
500010,Butter
500010,Jam
501051,Yoga Mat
501051,Protein Bar
501051,Water Bottle
501343,Phone Case
501343,Screen Guard
501343,USB Cable
501343,Lunch Box
501458,Coffee Powder
501458,Sugar
501458,Milk
501467,Phone Case
501467,Screen Guard
501467,USB Cable
501760,Coffee Powder
501760,Sugar
501760,Milk
502226,Tea Pack
502226,Sugar
502226,Milk
500038,Phone Case
500038,Screen Guard
500038,USB Cable
500090,Bread
500090,Butter
500090,Jam
500113,Novel
500113,Exam Guide
500113,Screen Guard
501538,Coffee Powder
501538,Sugar
501538,Milk
501538,USB Cable
501912,Lunch Box
501912,Water Bottle
501912,Tea Pack
502011,Yoga Mat
502011,Protein Bar
502011,Water Bottle
502093,Baby Diapers
502093,Baby Wipes
502093,Baby Lotion
502297,Lunch Box
502297,Water Bottle
502386,Dog Food
500473,Yoga Mat
500473,Protein Bar
500473,Water Bottle
500603,Tea Pack
500603,Sugar
500603,Milk
500603,Bread
500608,Lunch Box
500608,Water Bottle
500698,Coffee Powder
500698,Sugar
500698,Milk
501231,Bread
501231,Butter
501231,Jam
501393,Baby Diapers
501393,Baby Wipes
501393,Baby Lotion
501631,Yoga Mat
501631,Protein Bar
501631,Water Bottle
501841,Bread
501841,Butter
501841,Jam
502161,Tea Pack
502161,Sugar
502161,Milk
502289,Lunch Box
502289,Water Bottle
502289,Tea Pack
500075,Dog Food
500075,Pet Shampoo
500197,Phone Case
500197,Screen Guard
500197,USB Cable
500385,Tea Pack
500385,Sugar
500385,Milk
500894,Novel
500894,Exam Guide
500894,Notebook
500918,Coffee Powder
500918,Sugar
500918,Milk
500918,Pet Shampoo
501328,Dog Food
501328,Pet Shampoo
501588,Tea Pack
501588,Sugar
501588,Milk
501755,Notebook
501755,Pen Pack
501755,Highlighter
501755,Dog Food
501905,Coffee Powder
501905,Sugar
501905,Milk
501923,Tea Pack
501923,Sugar
501923,Milk
502034,Coffee Powder
502034,Sugar
502034,Milk
502149,Coffee Powder
502149,Sugar
502149,Milk
502376,Lunch Box
502376,Water Bottle
502376,USB Cable
500068,Novel
500068,Exam Guide
501246,Coffee Powder
501246,Sugar
501246,Milk
501403,Tea Pack
501403,Sugar
501403,Milk
501459,Yoga Mat
501459,Protein Bar
501459,Water Bottle
500030,Baby Diapers
500030,Baby Wipes
500030,Baby Lotion
500287,Lunch Box
500287,Water Bottle
500517,Coffee Powder
500517,Sugar
500517,Milk
500818,Yoga Mat
500818,Protein Bar
500818,Water Bottle
500818,Butter
500900,Phone Case
500900,Screen Guard
500900,USB Cable
501113,Coffee Powder
501113,Sugar
501113,Milk
501113,Pen Pack
501256,Dog Food
501256,Pet Shampoo
501329,Baby Diapers
501329,Baby Wipes
501329,Baby Lotion
501329,Bread
501864,Dog Food
501864,Pet Shampoo
502318,Yoga Mat
502318,Protein Bar
502318,Water Bottle
500887,Tea Pack
500887,Sugar
500887,Milk
500887,Highlighter
501021,Dog Food
501021,Pet Shampoo
501021,Lunch Box
501951,Yoga Mat
501951,Protein Bar
501951,Water Bottle
502026,Lunch Box
502026,Water Bottle
502248,Coffee Powder
502248,Sugar
502248,Milk
502248,Jam
500096,Phone Case
500096,Screen Guard
500096,USB Cable
500227,Dog Food
500227,Pet Shampoo
500963,Notebook
500963,Pen Pack
500963,Highlighter
500963,Protein Bar
501114,Yoga Mat
501114,Protein Bar
501114,Water Bottle
501114,Exam Guide
501177,Yoga Mat
501177,Protein Bar
501177,Water Bottle
501560,Phone Case
501560,Screen Guard
501560,USB Cable
501560,Pet Shampoo
501699,Dog Food
501699,Pet Shampoo
501714,Dog Food
501714,Pet Shampoo
501729,Tea Pack
501729,Sugar
501729,Milk
501729,Phone Case
500134,Baby Diapers
500134,Baby Wipes
500134,Baby Lotion
500790,Baby Diapers
500790,Baby Wipes
500790,Baby Lotion
500836,Notebook
500836,Pen Pack
500836,Highlighter
500924,Novel
500924,Exam Guide
500924,Yoga Mat
500973,Notebook
500973,Pen Pack
500973,Highlighter
501870,Novel
501870,Exam Guide
501870,Pet Shampoo
501952,Coffee Powder
501952,Sugar
501952,Milk
502249,Notebook
502249,Pen Pack
502249,Highlighter
502377,Tea Pack
502377,Sugar
502377,Milk
502377,Bread
500577,Baby Diapers
500577,Baby Wipes
500577,Baby Lotion
500577,Yoga Mat
500736,Yoga Mat
500736,Protein Bar
500736,Water Bottle
500736,Baby Diapers
501549,Dog Food
501549,Pet Shampoo
501687,Notebook
501687,Pen Pack
501687,Highlighter
502082,Yoga Mat
502082,Protein Bar
502082,Water Bottle
501098,Notebook
501098,Pen Pack
501098,Highlighter
501178,Lunch Box
501178,Water Bottle
501301,Phone Case
501301,Screen Guard
501301,USB Cable
502187,Coffee Powder
502187,Sugar
502187,Milk
502227,Baby Diapers
502227,Baby Wipes
502227,Baby Lotion
500819,Dog Food
500819,Pet Shampoo
500988,Lunch Box
500988,Water Bottle
500988,Baby Diapers
501139,Yoga Mat
501139,Protein Bar
501139,Water Bottle
501313,Novel
501313,Exam Guide
501600,Baby Diapers
501600,Baby Wipes
501600,Baby Lotion
502042,Novel
502042,Exam Guide
502042,Milk
502368,Bread
502368,Butter
502368,Jam
500097,Coffee Powder
500097,Sugar
500097,Milk
500425,Coffee Powder
500425,Sugar
500425,Milk
500633,Dog Food
500633,Pet Shampoo
500720,Tea Pack
500720,Sugar
500720,Milk
500720,Novel
500731,Yoga Mat
500731,Protein Bar
500731,Water Bottle
501530,Novel
501530,Exam Guide
501761,Bread
501761,Butter
501761,Jam
502141,Notebook
502141,Pen Pack
502141,Highlighter
502188,Phone Case
502188,Screen Guard
502188,USB Cable
500236,Lunch Box
500236,Water Bottle
501411,Coffee Powder
501411,Sugar
501411,Milk
501632,Yoga Mat
501632,Protein Bar
501632,Water Bottle
501632,Bread
502174,Bread
502174,Butter
502174,Jam
502174,Milk
500051,Novel
500051,Exam Guide
500121,Baby Diapers
500121,Baby Wipes
500121,Baby Lotion
500121,Dog Food
500544,Novel
500544,Exam Guide
500544,Milk
500568,Bread
500568,Butter
500568,Jam
500568,Novel
500737,Tea Pack
500737,Sugar
500737,Milk
500829,Notebook
500829,Pen Pack
500829,Highlighter
500829,Coffee Powder
501493,Coffee Powder
501493,Sugar
501493,Milk
501493,Yoga Mat
501853,Coffee Powder
501853,Sugar
501853,Milk
502027,Phone Case
502027,Screen Guard
502027,USB Cable
502066,Coffee Powder
502066,Sugar
502066,Milk
502111,Novel
502111,Exam Guide
500685,Coffee Powder
500685,Sugar
500685,Milk
500854,Lunch Box
500854,Water Bottle
500854,Coffee Powder
501152,Yoga Mat
501152,Protein Bar
501152,Water Bottle
501190,Lunch Box
501190,Water Bottle
501190,Baby Lotion
501271,Bread
501271,Butter
501271,Jam
501271,Sugar
501394,Lunch Box
501394,Water Bottle
501688,Notebook
501688,Pen Pack
501688,Highlighter
501688,Coffee Powder
502051,Yoga Mat
502051,Protein Bar
502051,Water Bottle
502290,Notebook
502290,Pen Pack
502290,Highlighter
500079,Phone Case
500079,Screen Guard
500079,USB Cable
500855,Dog Food
500855,Pet Shampoo
500855,Milk
501302,Coffee Powder
501302,Sugar
501302,Milk
501302,Baby Wipes
501901,Dog Food
501901,Pet Shampoo
502385,Dumbbell Pair
500031,Novel
500031,Exam Guide
500031,Water Bottle
500555,Novel
500555,Exam Guide
501261,Notebook
501261,Pen Pack
501261,Highlighter
501668,Baby Diapers
501668,Baby Wipes
501668,Baby Lotion
502043,Novel
502043,Exam Guide
500209,Bread
500209,Butter
500209,Jam
500265,Coffee Powder
500265,Sugar
500265,Milk
501184,Phone Case
501184,Screen Guard
501184,USB Cable
501204,Bread
501204,Butter
501204,Jam
501272,Tea Pack
501272,Sugar
501272,Milk
501589,Lunch Box
501589,Water Bottle
501739,Bread
501739,Butter
501739,Jam
501842,Dog Food
501842,Pet Shampoo
502012,Novel
502012,Exam Guide
502126,Novel
502126,Exam Guide
502228,Notebook
502228,Pen Pack
502228,Highlighter
502228,Baby Wipes
502298,Coffee Powder
502298,Sugar
502298,Milk
500483,Baby Diapers
500483,Baby Wipes
500483,Baby Lotion
501140,Tea Pack
501140,Sugar
501140,Milk
501902,Notebook
501902,Pen Pack
501902,Highlighter
501960,Tea Pack
501960,Sugar
501960,Milk
502039,Yoga Mat
502039,Protein Bar
502039,Water Bottle
500198,Tea Pack
500198,Sugar
500198,Milk
500721,Notebook
500721,Pen Pack
500721,Highlighter
500721,Jam
500748,Notebook
500748,Pen Pack
500748,Highlighter
500748,Sugar
500359,Tea Pack
500359,Sugar
500359,Milk
500925,Coffee Powder
500925,Sugar
500925,Milk
500925,Bread
501740,Bread
501740,Butter
501740,Jam
501756,Yoga Mat
501756,Protein Bar
501756,Water Bottle
501756,Baby Diapers
500210,Coffee Powder
500210,Sugar
500210,Milk
500266,Tea Pack
500266,Sugar
500266,Milk
500868,Yoga Mat
500868,Protein Bar
500868,Water Bottle
501633,Tea Pack
501633,Sugar
501633,Milk
501650,Novel
501650,Exam Guide
501650,Baby Lotion
502235,Phone Case
502235,Screen Guard
502235,USB Cable
500873,Dog Food
500873,Pet Shampoo
501221,Yoga Mat
501221,Protein Bar
501221,Water Bottle
501221,Baby Wipes
502035,Novel
502035,Exam Guide
502035,USB Cable
502142,Novel
502142,Exam Guide
500020,Dog Food
500020,Pet Shampoo
500386,Baby Diapers
500386,Baby Wipes
500386,Baby Lotion
500930,Lunch Box
500930,Water Bottle
500930,Baby Wipes
500943,Lunch Box
500943,Water Bottle
501590,Phone Case
501590,Screen Guard
501590,USB Cable
501590,Exam Guide
502091,Lunch Box
502091,Water Bottle
502091,Bluetooth Earbuds
502264,Lunch Box
502264,Water Bottle
500416,Yoga Mat
500416,Protein Bar
500416,Water Bottle
500578,Lunch Box
500578,Water Bottle
500578,Jam
500604,Baby Diapers
500604,Baby Wipes
500604,Baby Lotion
500702,Baby Diapers
500702,Baby Wipes
500702,Baby Lotion
500770,Tea Pack
500770,Sugar
500770,Milk
501601,Notebook
501601,Pen Pack
501601,Highlighter
501903,Baby Diapers
501903,Baby Wipes
501903,Baby Lotion
501978,Lunch Box
501978,Water Bottle
501999,Yoga Mat
501999,Protein Bar
501999,Water Bottle
502265,Notebook
502265,Pen Pack
502265,Highlighter
502307,Yoga Mat
502307,Protein Bar
502307,Water Bottle
502307,Screen Guard
502328,Dog Food
502328,Pet Shampoo
502328,Lunch Box
500279,Notebook
500279,Pen Pack
500279,Highlighter
500360,Notebook
500360,Pen Pack
500360,Highlighter
500579,Baby Diapers
500579,Baby Wipes
500579,Baby Lotion
500634,Bread
500634,Butter
500634,Jam
501871,Yoga Mat
501871,Protein Bar
501871,Water Bottle
500052,Dog Food
500052,Pet Shampoo
500052,Protein Bar
500211,Phone Case
500211,Screen Guard
500211,USB Cable
500211,Dog Food
500251,Dog Food
500251,Pet Shampoo
500251,Water Bottle
500309,Novel
500309,Exam Guide
500333,Phone Case
500333,Screen Guard
500333,USB Cable
500484,Coffee Powder
500484,Sugar
500484,Milk
500484,Tea Pack
500686,Dog Food
500686,Pet Shampoo
500749,Phone Case
500749,Screen Guard
500749,USB Cable
501099,Baby Diapers
501099,Baby Wipes
501099,Baby Lotion
501099,Sugar
501395,Tea Pack
501395,Sugar
501395,Milk
501395,Notebook
501494,Tea Pack
501494,Sugar
501494,Milk
501570,Novel
501570,Exam Guide
501907,Phone Case
501907,Screen Guard
501907,USB Cable
501907,Baby Wipes
500142,Bread
500142,Butter
500142,Jam
500142,Protein Bar
500895,Bread
500895,Butter
500895,Jam
500895,Water Bottle
500919,Notebook
500919,Pen Pack
500919,Highlighter
501531,Lunch Box
501531,Water Bottle
501531,Novel
501757,Phone Case
501757,Screen Guard
501757,USB Cable
501757,Yoga Mat
501783,Baby Diapers
501783,Baby Wipes
501783,Baby Lotion
501961,Yoga Mat
501961,Protein Bar
501961,Water Bottle
502112,Baby Diapers
502112,Baby Wipes
502112,Baby Lotion
502250,Coffee Powder
502250,Sugar
502250,Milk
500021,Coffee Powder
500021,Sugar
500021,Milk
500021,Notebook
500212,Novel
500212,Exam Guide
500556,Lunch Box
500556,Water Bottle
500802,Bread
500802,Butter
500802,Jam
501273,Novel
501273,Exam Guide
501330,Baby Diapers
501330,Baby Wipes
501330,Baby Lotion
501928,Phone Case
501928,Screen Guard
501928,USB Cable
501928,Lunch Box
502036,Lunch Box
502036,Water Bottle
502036,Pen Pack
500032,Bread
500032,Butter
500032,Jam
500032,Tea Pack
500650,Notebook
500650,Pen Pack
500650,Highlighter
500650,Bread
500761,Baby Diapers
500761,Baby Wipes
500761,Baby Lotion
500920,Tea Pack
500920,Sugar
500920,Milk
500920,Water Bottle
500974,Novel
500974,Exam Guide
501100,Tea Pack
501100,Sugar
501100,Milk
501882,Phone Case
501882,Screen Guard
501882,USB Cable
502083,Dog Food
502083,Pet Shampoo
500280,Yoga Mat
500280,Protein Bar
500280,Water Bottle
500280,Screen Guard
500569,Lunch Box
500569,Water Bottle
500569,Sugar
500837,Baby Diapers
500837,Baby Wipes
500837,Baby Lotion
500906,Tea Pack
500906,Sugar
500906,Milk
501153,Dog Food
501153,Pet Shampoo
501476,Tea Pack
501476,Sugar
501476,Milk
501591,Baby Diapers
501591,Baby Wipes
501591,Baby Lotion
501609,Baby Diapers
501609,Baby Wipes
501609,Baby Lotion
501609,Protein Bar
502356,Coffee Powder
502356,Sugar
502356,Milk
500014,Coffee Powder
500014,Sugar
500014,Milk
500022,Baby Diapers
500022,Baby Wipes
500022,Baby Lotion
500076,Novel
500076,Exam Guide
500353,Lunch Box
500353,Water Bottle
500353,Protein Bar
500355,Bread
500355,Butter
500355,Jam
500355,Baby Lotion
501115,Coffee Powder
501115,Sugar
501115,Milk
501161,Notebook
501161,Pen Pack
501161,Highlighter
501161,Protein Bar
501205,Phone Case
501205,Screen Guard
501205,USB Cable
501801,Novel
501801,Exam Guide
502113,Novel
502113,Exam Guide
502272,Dog Food
502272,Pet Shampoo
502378,Lunch Box
502378,Water Bottle
500101,Phone Case
500101,Screen Guard
500101,USB Cable
500252,Dog Food
500252,Pet Shampoo
500281,Baby Diapers
500281,Baby Wipes
500281,Baby Lotion
500320,Yoga Mat
500320,Protein Bar
500320,Water Bottle
501239,Tea Pack
501239,Sugar
501239,Milk
500253,Yoga Mat
500253,Protein Bar
500253,Water Bottle
500339,Baby Diapers
500339,Baby Wipes
500339,Baby Lotion
500441,Dog Food
500441,Pet Shampoo
500509,Tea Pack
500509,Sugar
500509,Milk
500509,Coffee Powder
500921,Baby Diapers
500921,Baby Wipes
500921,Baby Lotion
501141,Phone Case
501141,Screen Guard
501141,USB Cable
501141,Bread
501222,Phone Case
501222,Screen Guard
501222,USB Cable
501222,Tea Pack
501843,Novel
501843,Exam Guide
502099,Novel
502099,Exam Guide
502379,Phone Case
502379,Screen Guard
502379,USB Cable
500187,Yoga Mat
500187,Protein Bar
500187,Water Bottle
500187,Dog Food
500334,Baby Diapers
500334,Baby Wipes
500334,Baby Lotion
500580,Tea Pack
500580,Sugar
500580,Milk
501060,Bread
501060,Butter
501060,Jam
501060,Yoga Mat
501128,Dog Food
501128,Pet Shampoo
501162,Coffee Powder
501162,Sugar
501162,Milk
501162,Pet Shampoo
501516,Yoga Mat
501516,Protein Bar
501516,Water Bottle
501602,Dog Food
501602,Pet Shampoo
501643,Tea Pack
501643,Sugar
501643,Milk
500135,Coffee Powder
500135,Sugar
500135,Milk
500237,Bread
500237,Butter
500237,Jam
500457,Tea Pack
500457,Sugar
500457,Milk
500529,Lunch Box
500529,Water Bottle
500732,Yoga Mat
500732,Protein Bar
500732,Water Bottle
500732,Butter
500791,Baby Diapers
500791,Baby Wipes
500791,Baby Lotion
500791,USB Cable
501485,Yoga Mat
501485,Protein Bar
501485,Water Bottle
501809,Notebook
501809,Pen Pack
501809,Highlighter
501883,Baby Diapers
501883,Baby Wipes
501883,Baby Lotion
501883,Butter
500199,Baby Diapers
500199,Baby Wipes
500199,Baby Lotion
500254,Baby Diapers
500254,Baby Wipes
500254,Baby Lotion
500474,Novel
500474,Exam Guide
500715,Dog Food
500715,Pet Shampoo
500715,Lunch Box
501689,Bread
501689,Butter
501689,Jam
500023,Phone Case
500023,Screen Guard
500023,USB Cable
500589,Lunch Box
500589,Water Bottle
500703,Lunch Box
500703,Water Bottle
500722,Bread
500722,Butter
500722,Jam
500750,Dog Food
500750,Pet Shampoo
501089,Yoga Mat
501089,Protein Bar
501089,Water Bottle
500152,Bread
500152,Butter
500152,Jam
500908,Bread
500908,Butter
500908,Jam
500213,Novel
500213,Exam Guide
500213,Milk
500267,Coffee Powder
500267,Sugar
500267,Milk
501103,Dog Food
501103,Pet Shampoo
501331,Coffee Powder
501331,Sugar
501331,Milk
501962,Lunch Box
501962,Water Bottle
502293,Baby Diapers
502293,Baby Wipes
502293,Baby Lotion
502293,Yoga Mat
501625,Dog Food
501625,Pet Shampoo
501913,Novel
501913,Exam Guide
501913,USB Cable
501963,Baby Diapers
501963,Baby Wipes
501963,Baby Lotion
502100,Dog Food
502100,Pet Shampoo
502251,Bread
502251,Butter
502251,Jam
500485,Baby Diapers
500485,Baby Wipes
500485,Baby Lotion
500803,Novel
500803,Exam Guide
500803,Highlighter
500820,Dog Food
500820,Pet Shampoo
500820,Butter
501651,Bread
501651,Butter
501651,Jam
502000,Lunch Box
502000,Water Bottle
502000,Baby Lotion
502150,Dog Food
502150,Pet Shampoo
500830,Coffee Powder
500830,Sugar
500830,Milk
500888,Coffee Powder
500888,Sugar
500888,Milk
500888,Dumbbell Pair
501517,Dog Food
501517,Pet Shampoo
501517,Tea Pack
502215,Dog Food
502215,Pet Shampoo
500122,Dog Food
500122,Pet Shampoo
500122,Yoga Mat
500831,Baby Diapers
500831,Baby Wipes
500831,Baby Lotion
501061,Yoga Mat
501061,Protein Bar
501061,Water Bottle
501539,Yoga Mat
501539,Protein Bar
501539,Water Bottle
502336,Coffee Powder
502336,Sugar
502336,Milk
502336,Tea Pack
500417,Dog Food
500417,Pet Shampoo
500486,Coffee Powder
500486,Sugar
500486,Milk
500486,USB Cable
500704,Lunch Box
500704,Water Bottle
500716,Novel
500716,Exam Guide
500716,Baby Wipes
501306,Lunch Box
501306,Water Bottle
501652,Phone Case
501652,Screen Guard
501652,USB Cable
501652,Lunch Box
501732,Novel
501732,Exam Guide
502101,Baby Diapers
502101,Baby Wipes
502101,Baby Lotion
502101,Bluetooth Earbuds
502329,Lunch Box
502329,Water Bottle
500069,Tea Pack
500069,Sugar
500069,Milk
500091,Coffee Powder
500091,Sugar
500091,Milk
500091,Pet Shampoo
500181,Novel
500181,Exam Guide
500832,Yoga Mat
500832,Protein Bar
500832,Water Bottle
501257,Tea Pack
501257,Sugar
501257,Milk
500080,Bread
500080,Butter
500080,Jam
500080,Baby Wipes
500200,Lunch Box
500200,Water Bottle
500200,Novel
500292,Baby Diapers
500292,Baby Wipes
500292,Baby Lotion
500530,Notebook
500530,Pen Pack
500530,Highlighter
500557,Novel
500557,Exam Guide
500557,Baby Lotion
501154,Yoga Mat
501154,Protein Bar
501154,Water Bottle
501154,Milk
501468,Tea Pack
501468,Sugar
501468,Milk
501495,Novel
501495,Exam Guide
501553,Yoga Mat
501553,Protein Bar
501553,Water Bottle
501553,Baby Diapers
501669,Lunch Box
501669,Water Bottle
501669,Tea Pack
502189,Notebook
502189,Pen Pack
502189,Highlighter
502189,Tea Pack
500102,Notebook
500102,Pen Pack
500102,Highlighter
500102,Yoga Mat
500558,Baby Diapers
500558,Baby Wipes
500558,Baby Lotion
500558,Pen Pack
500771,Tea Pack
500771,Sugar
500771,Milk
500782,Novel
500782,Exam Guide
500889,Baby Diapers
500889,Baby Wipes
500889,Baby Lotion
500772,Novel
500772,Exam Guide
500772,Jam
500964,Tea Pack
500964,Sugar
500964,Milk
501210,Coffee Powder
501210,Sugar
501210,Milk
501610,Yoga Mat
501610,Protein Bar
501610,Water Bottle
501741,Lunch Box
501741,Water Bottle
500293,Novel
500293,Exam Guide
500335,Tea Pack
500335,Sugar
500335,Milk
500335,USB Cable
500396,Baby Diapers
500396,Baby Wipes
500396,Baby Lotion
500475,Yoga Mat
500475,Protein Bar
500475,Water Bottle
500475,USB Cable
500751,Lunch Box
500751,Water Bottle
500751,Bread
500874,Notebook
500874,Pen Pack
500874,Highlighter
500997,Yoga Mat
500997,Protein Bar
500997,Water Bottle
501163,Tea Pack
501163,Sugar
501163,Milk
501163,Water Bottle
501171,Tea Pack
501171,Sugar
501171,Milk
501191,Baby Diapers
501191,Baby Wipes
501191,Baby Lotion
501240,Tea Pack
501240,Sugar
501240,Milk
501240,Dog Food
502084,Baby Diapers
502084,Baby Wipes
502084,Baby Lotion
502084,Pen Pack
502319,Tea Pack
502319,Sugar
502319,Milk
500118,Bread
500118,Butter
500118,Jam
500773,Tea Pack
500773,Sugar
500773,Milk
500773,Phone Case
500856,Yoga Mat
500856,Protein Bar
500856,Water Bottle
500926,Notebook
500926,Pen Pack
500926,Highlighter
500998,Tea Pack
500998,Sugar
500998,Milk
501080,Coffee Powder
501080,Sugar
501080,Milk
501314,Yoga Mat
501314,Protein Bar
501314,Water Bottle
501366,Bread
501366,Butter
501366,Jam
501784,Tea Pack
501784,Sugar
501784,Milk
501964,Phone Case
501964,Screen Guard
501964,USB Cable
501979,Novel
501979,Exam Guide
502190,Phone Case
502190,Screen Guard
502190,USB Cable
502357,Notebook
502357,Pen Pack
502357,Highlighter
500024,Yoga Mat
500024,Protein Bar
500024,Water Bottle
500024,Baby Wipes
500361,Tea Pack
500361,Sugar
500361,Milk
501258,Notebook
501258,Pen Pack
501258,Highlighter
501274,Bread
501274,Butter
501274,Jam
501274,Water Bottle
501993,Bread
501993,Butter
501993,Jam
502114,Notebook
502114,Pen Pack
502114,Highlighter
500238,Baby Diapers
500238,Baby Wipes
500238,Baby Lotion
501022,Novel
501022,Exam Guide
501129,Notebook
501129,Pen Pack
501129,Highlighter
501447,Notebook
501447,Pen Pack
501447,Highlighter
501742,Baby Diapers
501742,Baby Wipes
501742,Baby Lotion
501929,Phone Case
501929,Screen Guard
501929,USB Cable
501929,Jam
502127,Yoga Mat
502127,Protein Bar
502127,Water Bottle
502127,Coffee Powder
502137,Baby Diapers
502137,Baby Wipes
502137,Baby Lotion
502180,Notebook
502180,Pen Pack
502180,Highlighter
500436,Tea Pack
500436,Sugar
500436,Milk
500436,Baby Wipes
500531,Yoga Mat
500531,Protein Bar
500531,Water Bottle
500531,Dog Food
500896,Notebook
500896,Pen Pack
500896,Highlighter
500896,Novel
500927,Bread
500927,Butter
500927,Jam
500927,Notebook
500955,Lunch Box
500955,Water Bottle
500955,Dumbbell Pair
500975,Yoga Mat
500975,Protein Bar
500975,Water Bottle
501164,Notebook
501164,Pen Pack
501164,Highlighter
501769,Tea Pack
501769,Sugar
501769,Milk
501785,Tea Pack
501785,Sugar
501785,Milk
501844,Bread
501844,Butter
501844,Jam
501844,Baby Wipes
502052,Phone Case
502052,Screen Guard
502052,USB Cable
502168,Yoga Mat
502168,Protein Bar
502168,Water Bottle
502168,Sugar
500103,Bread
500103,Butter
500103,Jam
500103,Coffee Powder
500294,Coffee Powder
500294,Sugar
500294,Milk
500294,Protein Bar
500609,Notebook
500609,Pen Pack
500609,Highlighter
500999,Notebook
500999,Pen Pack
500999,Highlighter
501412,Dog Food
501412,Pet Shampoo
501412,Dumbbell Pair
502206,Notebook
502206,Pen Pack
502206,Highlighter
502266,Yoga Mat
502266,Protein Bar
502266,Water Bottle
500070,Novel
500070,Exam Guide
500070,Screen Guard
501192,Lunch Box
501192,Water Bottle
501192,Bread
501540,Baby Diapers
501540,Baby Wipes
501540,Baby Lotion
501884,Lunch Box
501884,Water Bottle
500310,Coffee Powder
500310,Sugar
500310,Milk
500610,Lunch Box
500610,Water Bottle
500738,Dog Food
500738,Pet Shampoo
500738,Water Bottle
501419,Tea Pack
501419,Sugar
501419,Milk
501419,Baby Diapers
501872,Novel
501872,Exam Guide
501872,Baby Wipes
501980,Coffee Powder
501980,Sugar
501980,Milk
501980,Baby Lotion
500053,Tea Pack
500053,Sugar
500053,Milk
500752,Notebook
500752,Pen Pack
500752,Highlighter
501264,Baby Diapers
501264,Baby Wipes
501264,Baby Lotion
501264,Pen Pack
502151,Tea Pack
502151,Sugar
502151,Milk
502151,Coffee Powder
502169,Tea Pack
502169,Sugar
502169,Milk
500153,Phone Case
500153,Screen Guard
500153,USB Cable
500295,Notebook
500295,Pen Pack
500295,Highlighter
501344,Yoga Mat
501344,Protein Bar
501344,Water Bottle
501382,Yoga Mat
501382,Protein Bar
501382,Water Bottle
501509,Lunch Box
501509,Water Bottle
501518,Baby Diapers
501518,Baby Wipes
501518,Baby Lotion
502128,Tea Pack
502128,Sugar
502128,Milk
502273,Dog Food
502273,Pet Shampoo
500545,Yoga Mat
500545,Protein Bar
500545,Water Bottle
500635,Dog Food
500635,Pet Shampoo
500635,Milk
500869,Lunch Box
500869,Water Bottle
500965,Yoga Mat
500965,Protein Bar
500965,Water Bottle
501090,Lunch Box
501090,Water Bottle
501223,Notebook
501223,Pen Pack
501223,Highlighter
501223,Sugar
501817,Tea Pack
501817,Sugar
501817,Milk
501817,Pen Pack
501930,Novel
501930,Exam Guide
502170,Notebook
502170,Pen Pack
502170,Highlighter
502358,Novel
502358,Exam Guide
502358,Jam
500081,Bread
500081,Butter
500081,Jam
500081,Tea Pack
500976,Phone Case
500976,Screen Guard
500976,USB Cable
501370,Phone Case
501370,Screen Guard
501370,USB Cable
502320,Notebook
502320,Pen Pack
502320,Highlighter
500098,Novel
500098,Exam Guide
500098,Baby Wipes
500322,Bread
500322,Butter
500322,Jam
500322,Exam Guide
500397,Lunch Box
500397,Water Bottle
500611,Lunch Box
500611,Water Bottle
500611,Baby Wipes
500625,Novel
500625,Exam Guide
500625,Tea Pack
500739,Baby Diapers
500739,Baby Wipes
500739,Baby Lotion
500977,Tea Pack
500977,Sugar
500977,Milk
500977,Pet Shampoo
501674,Notebook
501674,Pen Pack
501674,Highlighter
501810,Dog Food
501810,Pet Shampoo
502067,Notebook
502067,Pen Pack
502067,Highlighter
502299,Baby Diapers
502299,Baby Wipes
502299,Baby Lotion
502299,Exam Guide
500175,Bread
500175,Butter
500175,Jam
500175,Protein Bar
500442,Baby Diapers
500442,Baby Wipes
500442,Baby Lotion
500753,Dog Food
500753,Pet Shampoo
500774,Bread
500774,Butter
500774,Jam
500978,Coffee Powder
500978,Sugar
500978,Milk
500978,Baby Lotion
501371,Bread
501371,Butter
501371,Jam
501460,Dog Food
501460,Pet Shampoo
501460,Bread
501496,Coffee Powder
501496,Sugar
501496,Milk
501496,Baby Diapers
502359,Novel
502359,Exam Guide
500612,Dog Food
500612,Pet Shampoo
500612,Sugar
501345,Tea Pack
501345,Sugar
501345,Milk
501700,Coffee Powder
501700,Sugar
501700,Milk
501700,Novel
501981,Tea Pack
501981,Sugar
501981,Milk
500326,Yoga Mat
500326,Protein Bar
500326,Water Bottle
500857,Bread
500857,Butter
500857,Jam
501320,Yoga Mat
501320,Protein Bar
501320,Water Bottle
501931,Dog Food
501931,Pet Shampoo
502068,Novel
502068,Exam Guide
500086,Phone Case
500086,Screen Guard
500086,USB Cable
500699,Notebook
500699,Pen Pack
500699,Highlighter
500762,Phone Case
500762,Screen Guard
500762,USB Cable
500775,Lunch Box
500775,Water Bottle
501000,Baby Diapers
501000,Baby Wipes
501000,Baby Lotion
501404,Phone Case
501404,Screen Guard
501404,USB Cable
501404,Yoga Mat
501571,Bread
501571,Butter
501571,Jam
501579,Notebook
501579,Pen Pack
501579,Highlighter
502022,Bread
502022,Butter
502022,Jam
500613,Notebook
500613,Pen Pack
500613,Highlighter
501486,Yoga Mat
501486,Protein Bar
501486,Water Bottle
501770,Tea Pack
501770,Sugar
501770,Milk
501790,Novel
501790,Exam Guide
501790,Protein Bar
501818,Bread
501818,Butter
501818,Jam
501818,Dog Food
502300,Lunch Box
502300,Water Bottle
500956,Baby Diapers
500956,Baby Wipes
500956,Baby Lotion
501262,Yoga Mat
501262,Protein Bar
501262,Water Bottle
501262,Dog Food
501505,Yoga Mat
501505,Protein Bar
501505,Water Bottle
501532,Notebook
501532,Pen Pack
501532,Highlighter
501532,Butter
502001,Yoga Mat
502001,Protein Bar
502001,Water Bottle
500228,Coffee Powder
500228,Sugar
500228,Milk
500228,Notebook
500458,Bread
500458,Butter
500458,Jam
500458,Dumbbell Pair
501142,Yoga Mat
501142,Protein Bar
501142,Water Bottle
501332,Bread
501332,Butter
501332,Jam
501332,Protein Bar
501448,Tea Pack
501448,Sugar
501448,Milk
501541,Bread
501541,Butter
501541,Jam
501802,Novel
501802,Exam Guide
501885,Novel
501885,Exam Guide
500188,Baby Diapers
500188,Baby Wipes
500188,Baby Lotion
500909,Yoga Mat
500909,Protein Bar
500909,Water Bottle
501029,Lunch Box
501029,Water Bottle
501165,Novel
501165,Exam Guide
501865,Coffee Powder
501865,Sugar
501865,Milk
501865,Baby Lotion
500559,Baby Diapers
500559,Baby Wipes
500559,Baby Lotion
500570,Baby Diapers
500570,Baby Wipes
500570,Baby Lotion
501449,Coffee Powder
501449,Sugar
501449,Milk
501449,Baby Diapers
501506,Notebook
501506,Pen Pack
501506,Highlighter
501506,Lunch Box
500114,Coffee Powder
500114,Sugar
500114,Milk
500944,Coffee Powder
500944,Sugar
500944,Milk
501572,Bread
501572,Butter
501572,Jam
501572,Dumbbell Pair
501617,Tea Pack
501617,Sugar
501617,Milk
500039,Novel
500039,Exam Guide
500039,Bluetooth Earbuds
500143,Baby Diapers
500143,Baby Wipes
500143,Baby Lotion
500143,Water Bottle
500343,Phone Case
500343,Screen Guard
500343,USB Cable
500597,Yoga Mat
500597,Protein Bar
500597,Water Bottle
501143,Coffee Powder
501143,Sugar
501143,Milk
501232,Novel
501232,Exam Guide
501232,USB Cable
501533,Phone Case
501533,Screen Guard
501533,USB Cable
501634,Dog Food
501634,Pet Shampoo
501715,Tea Pack
501715,Sugar
501715,Milk
502085,Phone Case
502085,Screen Guard
502085,USB Cable
502085,Baby Diapers
502207,Tea Pack
502207,Sugar
502207,Milk
500316,Lunch Box
500316,Water Bottle
500316,Phone Case
500321,Lunch Box
500321,Water Bottle
501030,Yoga Mat
501030,Protein Bar
501030,Water Bottle
501030,Jam
501193,Dog Food
501193,Pet Shampoo
501193,Highlighter
501487,Yoga Mat
501487,Protein Bar
501487,Water Bottle
501611,Bread
501611,Butter
501611,Jam
501626,Lunch Box
501626,Water Bottle
501626,Milk
501701,Bread
501701,Butter
501701,Jam
501771,Tea Pack
501771,Sugar
501771,Milk
501771,Baby Lotion
502002,Yoga Mat
502002,Protein Bar
502002,Water Bottle
500071,Lunch Box
500071,Water Bottle
500092,Dog Food
500092,Pet Shampoo
500154,Coffee Powder
500154,Sugar
500154,Milk
500255,Notebook
500255,Pen Pack
500255,Highlighter
500255,USB Cable
500362,Yoga Mat
500362,Protein Bar
500362,Water Bottle
500858,Baby Diapers
500858,Baby Wipes
500858,Baby Lotion
501573,Bread
501573,Butter
501573,Jam
500296,Phone Case
500296,Screen Guard
500296,USB Cable
500518,Phone Case
500518,Screen Guard
500518,USB Cable
500571,Yoga Mat
500571,Protein Bar
500571,Water Bottle
500901,Baby Diapers
500901,Baby Wipes
500901,Baby Lotion
501166,Notebook
501166,Pen Pack
501166,Highlighter
501166,Pet Shampoo
501241,Dog Food
501241,Pet Shampoo
501396,Dog Food
501396,Pet Shampoo
501635,Lunch Box
501635,Water Bottle
501762,Lunch Box
501762,Water Bottle
501762,Dumbbell Pair
501854,Tea Pack
501854,Sugar
501854,Milk
501854,Dog Food
501953,Notebook
501953,Pen Pack
501953,Highlighter
502301,Bread
502301,Butter
502301,Jam
500239,Yoga Mat
500239,Protein Bar
500239,Water Bottle
500928,Notebook
500928,Pen Pack
500928,Highlighter
501001,Tea Pack
501001,Sugar
501001,Milk
501413,Bread
501413,Butter
501413,Jam
501413,Bluetooth Earbuds
502003,Novel
502003,Exam Guide
502102,Bread
502102,Butter
502102,Jam
500487,Tea Pack
500487,Sugar
500487,Milk
500581,Baby Diapers
500581,Baby Wipes
500581,Baby Lotion
500581,Coffee Powder
500626,Notebook
500626,Pen Pack
500626,Highlighter
500626,Water Bottle
500804,Notebook
500804,Pen Pack
500804,Highlighter
500804,Exam Guide
502162,Yoga Mat
502162,Protein Bar
502162,Water Bottle
500115,Coffee Powder
500115,Sugar
500115,Milk
501507,Bread
501507,Butter
501507,Jam
501709,Tea Pack
501709,Sugar
501709,Milk
501709,Dog Food
501716,Notebook
501716,Pen Pack
501716,Highlighter
501716,Protein Bar
500406,Notebook
500406,Pen Pack
500406,Highlighter
501062,Bread
501062,Butter
501062,Jam
501519,Baby Diapers
501519,Baby Wipes
501519,Baby Lotion
501519,Pen Pack
501743,Novel
501743,Exam Guide
501743,Baby Lotion
501811,Novel
501811,Exam Guide
502069,Notebook
502069,Pen Pack
502069,Highlighter
502138,Tea Pack
502138,Sugar
502138,Milk
502138,Butter
502191,Coffee Powder
502191,Sugar
502191,Milk
502345,Tea Pack
502345,Sugar
502345,Milk
500636,Novel
500636,Exam Guide
500229,Yoga Mat
500229,Protein Bar
500229,Water Bottle
500443,Yoga Mat
500443,Protein Bar
500443,Water Bottle
500459,Bread
500459,Butter
500459,Jam
501002,Bread
501002,Butter
501002,Jam
501014,Phone Case
501014,Screen Guard
501014,USB Cable
501508,Baby Diapers
501508,Baby Wipes
501508,Baby Lotion
501550,Baby Diapers
501550,Baby Wipes
501550,Baby Lotion
502346,Bread
502346,Butter
502346,Jam
500125,Coffee Powder
500125,Sugar
500125,Milk
500125,Baby Diapers
500155,Novel
500155,Exam Guide
500407,Yoga Mat
500407,Protein Bar
500407,Water Bottle
501469,Baby Diapers
501469,Baby Wipes
501469,Baby Lotion
501469,Pet Shampoo
502105,Coffee Powder
502105,Sugar
502105,Milk
500176,Dog Food
500176,Pet Shampoo
501477,Phone Case
501477,Screen Guard
501477,USB Cable
501477,Water Bottle
501943,Dog Food
501943,Pet Shampoo
500072,Phone Case
500072,Screen Guard
500072,USB Cable
500627,Coffee Powder
500627,Sugar
500627,Milk
501233,Tea Pack
501233,Sugar
501233,Milk
501233,Dog Food
501450,Phone Case
501450,Screen Guard
501450,USB Cable
501670,Coffee Powder
501670,Sugar
501670,Milk
502115,Yoga Mat
502115,Protein Bar
502115,Water Bottle
500637,Baby Diapers
500637,Baby Wipes
500637,Baby Lotion
501592,Baby Diapers
501592,Baby Wipes
501592,Baby Lotion
502152,Novel
502152,Exam Guide
500323,Lunch Box
500323,Water Bottle
500628,Tea Pack
500628,Sugar
500628,Milk
500628,Dog Food
500638,Lunch Box
500638,Water Bottle
501372,Tea Pack
501372,Sugar
501372,Milk
502274,Yoga Mat
502274,Protein Bar
502274,Water Bottle
500082,Dog Food
500082,Pet Shampoo
500082,Notebook
500875,Dog Food
500875,Pet Shampoo
501414,Yoga Mat
501414,Protein Bar
501414,Water Bottle
502070,Dog Food
502070,Pet Shampoo
500282,Novel
500282,Exam Guide
500444,Notebook
500444,Pen Pack
500444,Highlighter
500821,Notebook
500821,Pen Pack
500821,Highlighter
501415,Yoga Mat
501415,Protein Bar
501415,Water Bottle
501812,Phone Case
501812,Screen Guard
501812,USB Cable
502216,Notebook
502216,Pen Pack
502216,Highlighter
500040,Yoga Mat
500040,Protein Bar
500040,Water Bottle
500387,Baby Diapers
500387,Baby Wipes
500387,Baby Lotion
500398,Notebook
500398,Pen Pack
500398,Highlighter
500598,Dog Food
500598,Pet Shampoo
500598,Novel
500669,Yoga Mat
500669,Protein Bar
500669,Water Bottle
500859,Lunch Box
500859,Water Bottle
500947,Coffee Powder
500947,Sugar
500947,Milk
500947,USB Cable
501353,Novel
501353,Exam Guide
501451,Bread
501451,Butter
501451,Jam
501451,Baby Diapers
501932,Notebook
501932,Pen Pack
501932,Highlighter
502252,Yoga Mat
502252,Protein Bar
502252,Water Bottle
500966,Yoga Mat
500966,Protein Bar
500966,Water Bottle
501063,Tea Pack
501063,Sugar
501063,Milk
501063,Protein Bar
501488,Yoga Mat
501488,Protein Bar
501488,Water Bottle
501488,Phone Case
501561,Notebook
501561,Pen Pack
501561,Highlighter
501723,Lunch Box
501723,Water Bottle
501723,Baby Lotion
500582,Notebook
500582,Pen Pack
500582,Highlighter
500723,Bread
500723,Butter
500723,Jam
500723,Highlighter
500890,Phone Case
500890,Screen Guard
500890,USB Cable
501845,Phone Case
501845,Screen Guard
501845,USB Cable
501845,Sugar
502044,Novel
502044,Exam Guide
502071,Lunch Box
502071,Water Bottle
502267,Tea Pack
502267,Sugar
502267,Milk
500041,Yoga Mat
500041,Protein Bar
500041,Water Bottle
500083,Baby Diapers
500083,Baby Wipes
500083,Baby Lotion
500546,Yoga Mat
500546,Protein Bar
500546,Water Bottle
500643,Coffee Powder
500643,Sugar
500643,Milk
500643,Yoga Mat
500670,Phone Case
500670,Screen Guard
500670,USB Cable
500979,Yoga Mat
500979,Protein Bar
500979,Water Bottle
501211,Phone Case
501211,Screen Guard
501211,USB Cable
501211,Pen Pack
501542,Lunch Box
501542,Water Bottle
501775,Lunch Box
501775,Water Bottle
502311,Yoga Mat
502311,Protein Bar
502311,Water Bottle
500372,Novel
500372,Exam Guide
500671,Tea Pack
500671,Sugar
500671,Milk
500897,Tea Pack
500897,Sugar
500897,Milk
500897,USB Cable
501791,Bread
501791,Butter
501791,Jam
500363,Notebook
500363,Pen Pack
500363,Highlighter
500460,Tea Pack
500460,Sugar
500460,Milk
500460,Highlighter
500717,Tea Pack
500717,Sugar
500717,Milk
500876,Baby Diapers
500876,Baby Wipes
500876,Baby Lotion
500929,Dog Food
500929,Pet Shampoo
501470,Bread
501470,Butter
501470,Jam
501886,Novel
501886,Exam Guide
501886,Baby Lotion
500214,Notebook
500214,Pen Pack
500214,Highlighter
500214,Dumbbell Pair
501003,Yoga Mat
501003,Protein Bar
501003,Water Bottle
501285,Phone Case
501285,Screen Guard
501285,USB Cable
501354,Yoga Mat
501354,Protein Bar
501354,Water Bottle
501354,Dumbbell Pair
501813,Phone Case
501813,Screen Guard
501813,USB Cable
501813,Butter
501819,Tea Pack
501819,Sugar
501819,Milk
501819,Water Bottle
500560,Dog Food
500560,Pet Shampoo
500560,Bread
500792,Baby Diapers
500792,Baby Wipes
500792,Baby Lotion
500792,Highlighter
500297,Notebook
500297,Pen Pack
500297,Highlighter
500418,Novel
500418,Exam Guide
500590,Yoga Mat
500590,Protein Bar
500590,Water Bottle
500902,Bread
500902,Butter
500902,Jam
501046,Notebook
501046,Pen Pack
501046,Highlighter
501046,USB Cable
501242,Yoga Mat
501242,Protein Bar
501242,Water Bottle
501873,Tea Pack
501873,Sugar
501873,Milk
501873,Exam Guide
502013,Bread
502013,Butter
502013,Jam
502013,Baby Wipes
500104,Yoga Mat
500104,Protein Bar
500104,Water Bottle
500104,Exam Guide
500373,Bread
500373,Butter
500373,Jam
500373,Lunch Box
500705,Coffee Powder
500705,Sugar
500705,Milk
502275,Yoga Mat
502275,Protein Bar
502275,Water Bottle
500042,Tea Pack
500042,Sugar
500042,Milk
500672,Bread
500672,Butter
500672,Jam
501744,Notebook
501744,Pen Pack
501744,Highlighter
500476,Coffee Powder
500476,Sugar
500476,Milk
500591,Bread
500591,Butter
500591,Jam
500652,Coffee Powder
500652,Sugar
500652,Milk
501031,Dog Food
501031,Pet Shampoo
501031,Bluetooth Earbuds
501121,Yoga Mat
501121,Protein Bar
501121,Water Bottle
501212,Phone Case
501212,Screen Guard
501212,USB Cable
501224,Notebook
501224,Pen Pack
501224,Highlighter
502129,Baby Diapers
502129,Baby Wipes
502129,Baby Lotion
500215,Novel
500215,Exam Guide
500288,Yoga Mat
500288,Protein Bar
500288,Water Bottle
500288,Phone Case
500510,Tea Pack
500510,Sugar
500510,Milk
500510,Exam Guide
501167,Notebook
501167,Pen Pack
501167,Highlighter
502014,Bread
502014,Butter
502014,Jam
500054,Baby Diapers
500054,Baby Wipes
500054,Baby Lotion
500599,Tea Pack
500599,Sugar
500599,Milk
500599,Baby Wipes
500673,Dog Food
500673,Pet Shampoo
500910,Tea Pack
500910,Sugar
500910,Milk
501194,Coffee Powder
501194,Sugar
501194,Milk
501194,Dog Food
501520,Lunch Box
501520,Water Bottle
501520,Novel
501803,Baby Diapers
501803,Baby Wipes
501803,Baby Lotion
501887,Coffee Powder
501887,Sugar
501887,Milk
501887,Jam
502302,Dog Food
502302,Pet Shampoo
502302,Protein Bar
502321,Notebook
502321,Pen Pack
502321,Highlighter
500177,Dog Food
500177,Pet Shampoo
500220,Tea Pack
500220,Sugar
500220,Milk
500419,Dog Food
500419,Pet Shampoo
500445,Phone Case
500445,Screen Guard
500445,USB Cable
500615,Lunch Box
500615,Water Bottle
500615,Screen Guard
500740,Yoga Mat
500740,Protein Bar
500740,Water Bottle
500740,Dumbbell Pair
500763,Baby Diapers
500763,Baby Wipes
500763,Baby Lotion
501846,Coffee Powder
501846,Sugar
501846,Milk
501846,Novel
502015,Tea Pack
502015,Sugar
502015,Milk
502369,Baby Diapers
502369,Baby Wipes
502369,Baby Lotion
502369,Water Bottle
500687,Tea Pack
500687,Sugar
500687,Milk
500687,Phone Case
501130,Phone Case
501130,Screen Guard
501130,USB Cable
501130,Pen Pack
501521,Coffee Powder
501521,Sugar
501521,Milk
501521,Lunch Box
501717,Notebook
501717,Pen Pack
501717,Highlighter
501792,Bread
501792,Butter
501792,Jam
502253,Bread
502253,Butter
502253,Jam
500256,Bread
500256,Butter
500256,Jam
500399,Notebook
500399,Pen Pack
500399,Highlighter
500639,Dog Food
500639,Pet Shampoo
500639,Baby Lotion
501677,Coffee Powder
501677,Sugar
501677,Milk
501965,Notebook
501965,Pen Pack
501965,Highlighter
500119,Yoga Mat
500119,Protein Bar
500119,Water Bottle
500340,Notebook
500340,Pen Pack
500340,Highlighter
500793,Lunch Box
500793,Water Bottle
500833,Yoga Mat
500833,Protein Bar
500833,Water Bottle
500833,USB Cable
501172,Phone Case
501172,Screen Guard
501172,USB Cable
501804,Bread
501804,Butter
501804,Jam
500344,Novel
500344,Exam Guide
500344,Bread
500776,Novel
500776,Exam Guide
500776,Sugar
501420,Lunch Box
501420,Water Bottle
501420,Highlighter
501471,Lunch Box
501471,Water Bottle
501522,Novel
501522,Exam Guide
501874,Dog Food
501874,Pet Shampoo
502303,Yoga Mat
502303,Protein Bar
502303,Water Bottle
500116,Phone Case
500116,Screen Guard
500116,USB Cable
500126,Lunch Box
500126,Water Bottle
500289,Dog Food
500289,Pet Shampoo
500289,Jam
500860,Bread
500860,Butter
500860,Jam
501793,Bread
501793,Butter
501793,Jam
501982,Novel
501982,Exam Guide
502116,Notebook
502116,Pen Pack
502116,Highlighter
502198,Baby Diapers
502198,Baby Wipes
502198,Baby Lotion
502198,Tea Pack
500171,Novel
500171,Exam Guide
500364,Notebook
500364,Pen Pack
500364,Highlighter
500364,Water Bottle
500805,Yoga Mat
500805,Protein Bar
500805,Water Bottle
500805,Sugar
501122,Dog Food
501122,Pet Shampoo
501636,Notebook
501636,Pen Pack
501636,Highlighter
501636,Dog Food
501690,Coffee Powder
501690,Sugar
501690,Milk
502139,Bread
502139,Butter
502139,Jam
502139,Lunch Box
502268,Novel
502268,Exam Guide
502304,Coffee Powder
502304,Sugar
502304,Milk
500532,Coffee Powder
500532,Sugar
500532,Milk
500980,Bread
500980,Butter
500980,Jam
500980,Sugar
501144,Lunch Box
501144,Water Bottle
501383,Dog Food
501383,Pet Shampoo
501383,Pen Pack
501888,Lunch Box
501888,Water Bottle
500898,Tea Pack
500898,Sugar
500898,Milk
500945,Novel
500945,Exam Guide
501015,Coffee Powder
501015,Sugar
501015,Milk
502004,Dog Food
502004,Pet Shampoo
502086,Dog Food
502086,Pet Shampoo
502308,Bread
502308,Butter
502308,Jam
502308,Bluetooth Earbuds
500311,Baby Diapers
500311,Baby Wipes
500311,Baby Lotion
500311,Butter
500764,Notebook
500764,Pen Pack
500764,Highlighter
500764,Bread
501047,Novel
501047,Exam Guide
501286,Tea Pack
501286,Sugar
501286,Milk
502322,Lunch Box
502322,Water Bottle
502322,Baby Diapers
500298,Bread
500298,Butter
500298,Jam
500298,Notebook
501384,Phone Case
501384,Screen Guard
501384,USB Cable
501384,Jam
501820,Lunch Box
501820,Water Bottle
501820,Baby Wipes
502208,Coffee Powder
502208,Sugar
502208,Milk
502208,Phone Case
502254,Baby Diapers
502254,Baby Wipes
502254,Baby Lotion
500257,Dog Food
500257,Pet Shampoo
500257,Sugar
500674,Coffee Powder
500674,Sugar
500674,Milk
501004,Tea Pack
501004,Sugar
501004,Milk
501893,Dog Food
501893,Pet Shampoo
502236,Notebook
502236,Pen Pack
502236,Highlighter
500336,Coffee Powder
500336,Sugar
500336,Milk
500336,Protein Bar
500754,Coffee Powder
500754,Sugar
500754,Milk
501023,Notebook
501023,Pen Pack
501023,Highlighter
501023,Pet Shampoo
501081,Dog Food
501081,Pet Shampoo
501081,Protein Bar
501618,Novel
501618,Exam Guide
501618,Milk
501894,Baby Diapers
501894,Baby Wipes
501894,Baby Lotion
502140,Dog Food
502140,Pet Shampoo
500055,Tea Pack
500055,Sugar
500055,Milk
500533,Novel
500533,Exam Guide
500861,Tea Pack
500861,Sugar
500861,Milk
501082,Phone Case
501082,Screen Guard
501082,USB Cable
501275,Coffee Powder
501275,Sugar
501275,Milk
501653,Baby Diapers
501653,Baby Wipes
501653,Baby Lotion
501653,Yoga Mat
502237,Tea Pack
502237,Sugar
502237,Milk
502309,Tea Pack
502309,Sugar
502309,Milk
502309,Dog Food
500161,Yoga Mat
500161,Protein Bar
500161,Water Bottle
500299,Yoga Mat
500299,Protein Bar
500299,Water Bottle
501966,Tea Pack
501966,Sugar
501966,Milk
501966,Protein Bar
502087,Notebook
502087,Pen Pack
502087,Highlighter
502305,Phone Case
502305,Screen Guard
502305,USB Cable
500519,Bread
500519,Butter
500519,Jam
500931,Dog Food
500931,Pet Shampoo
500989,Dog Food
500989,Pet Shampoo
500989,Bread
501213,Tea Pack
501213,Sugar
501213,Milk
501830,Dog Food
501830,Pet Shampoo
501830,Highlighter
502058,Dog Food
502058,Pet Shampoo
502058,Butter
500300,Baby Diapers
500300,Baby Wipes
500300,Baby Lotion
500741,Dog Food
500741,Pet Shampoo
500907,Tea Pack
500907,Sugar
500907,Milk
501772,Lunch Box
501772,Water Bottle
500144,Tea Pack
500144,Sugar
500144,Milk
500221,Notebook
500221,Pen Pack
500221,Highlighter
501355,Baby Diapers
501355,Baby Wipes
501355,Baby Lotion
501562,Dog Food
501562,Pet Shampoo
501562,Protein Bar
501640,Bread
501640,Butter
501640,Jam
501671,Bread
501671,Butter
501671,Jam
501671,Milk
501776,Phone Case
501776,Screen Guard
501776,USB Cable
501776,Water Bottle
501821,Lunch Box
501821,Water Bottle
501831,Phone Case
501831,Screen Guard
501831,USB Cable
502016,Lunch Box
502016,Water Bottle
500043,Coffee Powder
500043,Sugar
500043,Milk
500365,Dog Food
500365,Pet Shampoo
500388,Notebook
500388,Pen Pack
500388,Highlighter
501123,Yoga Mat
501123,Protein Bar
501123,Water Bottle
501168,Bread
501168,Butter
501168,Jam
501889,Dog Food
501889,Pet Shampoo
500488,Dog Food
500488,Pet Shampoo
501543,Yoga Mat
501543,Protein Bar
501543,Water Bottle
501543,Bread
501718,Dog Food
501718,Pet Shampoo
501718,Baby Lotion
501822,Baby Diapers
501822,Baby Wipes
501822,Baby Lotion
500592,Tea Pack
500592,Sugar
500592,Milk
500675,Novel
500675,Exam Guide
500706,Dog Food
500706,Pet Shampoo
500706,Screen Guard
501169,Coffee Powder
501169,Sugar
501169,Milk
501169,Water Bottle
502106,Dog Food
502106,Pet Shampoo
502106,Lunch Box
502130,Coffee Powder
502130,Sugar
502130,Milk
502130,Yoga Mat
500127,Coffee Powder
500127,Sugar
500127,Milk
500957,Yoga Mat
500957,Protein Bar
500957,Water Bottle
500957,Coffee Powder
500172,Novel
500172,Exam Guide
500172,Coffee Powder
500283,Notebook
500283,Pen Pack
500283,Highlighter
500366,Tea Pack
500366,Sugar
500366,Milk
500366,Dog Food
500935,Baby Diapers
500935,Baby Wipes
500935,Baby Lotion
501024,Notebook
501024,Pen Pack
501024,Highlighter
501373,Coffee Powder
501373,Sugar
501373,Milk
501373,Notebook
500520,Novel
500520,Exam Guide
500520,Baby Wipes
500616,Coffee Powder
500616,Sugar
500616,Milk
500616,Dumbbell Pair
500862,Lunch Box
500862,Water Bottle
501346,Bread
501346,Butter
501346,Jam
502238,Dog Food
502238,Pet Shampoo
500222,Phone Case
500222,Screen Guard
500222,USB Cable
501405,Dog Food
501405,Pet Shampoo
501890,Phone Case
501890,Screen Guard
501890,USB Cable
501890,Baby Diapers
501944,Notebook
501944,Pen Pack
501944,Highlighter
502255,Coffee Powder
502255,Sugar
502255,Milk
500408,Tea Pack
500408,Sugar
500408,Milk
500521,Bread
500521,Butter
500521,Jam
500521,Phone Case
500777,Coffee Powder
500777,Sugar
500777,Milk
500777,Dog Food
501116,Phone Case
501116,Screen Guard
501116,USB Cable
502380,Dog Food
500629,Notebook
500629,Pen Pack
500629,Highlighter
500661,Lunch Box
500661,Water Bottle
500661,Pet Shampoo
502088,Yoga Mat
502088,Protein Bar
502088,Water Bottle
500093,Coffee Powder
500093,Sugar
500093,Milk
500093,Jam
500433,Lunch Box
500433,Water Bottle
500688,Tea Pack
500688,Sugar
500688,Milk
501064,Dog Food
501064,Pet Shampoo
501823,Lunch Box
501823,Water Bottle
502199,Phone Case
502199,Screen Guard
502199,USB Cable
502276,Dog Food
502276,Pet Shampoo
500033,Dog Food
500033,Pet Shampoo
500145,Baby Diapers
500145,Baby Wipes
500145,Baby Lotion
500145,Dumbbell Pair
501025,Dog Food
501025,Pet Shampoo
501276,Yoga Mat
501276,Protein Bar
501276,Water Bottle
501654,Novel
501654,Exam Guide
501724,Phone Case
501724,Screen Guard
501724,USB Cable
502117,Tea Pack
502117,Sugar
502117,Milk
500426,Coffee Powder
500426,Sugar
500426,Milk
500461,Dog Food
500461,Pet Shampoo
501641,Phone Case
501641,Screen Guard
501641,USB Cable
501954,Lunch Box
501954,Water Bottle
501954,Protein Bar
500005,Bread
500005,Butter
500005,Jam
500056,Coffee Powder
500056,Sugar
500056,Milk
500374,Lunch Box
500374,Water Bottle
501356,Baby Diapers
501356,Baby Wipes
501356,Baby Lotion
501356,USB Cable
501452,Phone Case
501452,Screen Guard
501452,USB Cable
501544,Tea Pack
501544,Sugar
501544,Milk
501983,Yoga Mat
501983,Protein Bar
501983,Water Bottle
502209,Coffee Powder
502209,Sugar
502209,Milk
500117,Lunch Box
500117,Water Bottle
500117,Baby Diapers
500724,Novel
500724,Exam Guide
500778,Notebook
500778,Pen Pack
500778,Highlighter
501307,Novel
501307,Exam Guide
500301,Dog Food
500301,Pet Shampoo
500434,Lunch Box
500434,Water Bottle
500522,Yoga Mat
500522,Protein Bar
500522,Water Bottle
500838,Lunch Box
500838,Water Bottle
500967,Yoga Mat
500967,Protein Bar
500967,Water Bottle
501032,Phone Case
501032,Screen Guard
501032,USB Cable
501745,Dog Food
501745,Pet Shampoo
501710,Bread
501710,Butter
501710,Jam
501914,Notebook
501914,Pen Pack
501914,Highlighter
502171,Baby Diapers
502171,Baby Wipes
502171,Baby Lotion
502210,Dog Food
502210,Pet Shampoo
501416,Yoga Mat
501416,Protein Bar
501416,Water Bottle
501563,Lunch Box
501563,Water Bottle
501915,Tea Pack
501915,Sugar
501915,Milk
500258,Bread
500258,Butter
500258,Jam
500462,Tea Pack
500462,Sugar
500462,Milk
500462,Exam Guide
500489,Novel
500489,Exam Guide
501145,Yoga Mat
501145,Protein Bar
501145,Water Bottle
502118,Dog Food
502118,Pet Shampoo
500312,Baby Diapers
500312,Baby Wipes
500312,Baby Lotion
500312,USB Cable
500389,Phone Case
500389,Screen Guard
500389,USB Cable
501315,Coffee Powder
501315,Sugar
501315,Milk
501564,Phone Case
501564,Screen Guard
501564,USB Cable
502330,Baby Diapers
502330,Baby Wipes
502330,Baby Lotion
502330,Lunch Box
500427,Baby Diapers
500427,Baby Wipes
500427,Baby Lotion
500593,Lunch Box
500593,Water Bottle
500755,Novel
500755,Exam Guide
500981,Coffee Powder
500981,Sugar
500981,Milk
501955,Bread
501955,Butter
501955,Jam
500302,Novel
500302,Exam Guide
500302,Pet Shampoo
500676,Baby Diapers
500676,Baby Wipes
500676,Baby Lotion
500676,Butter
500990,Novel
500990,Exam Guide
500990,Highlighter
501702,Tea Pack
501702,Sugar
501702,Milk
501702,Dumbbell Pair
500146,Novel
500146,Exam Guide
500477,Baby Diapers
500477,Baby Wipes
500477,Baby Lotion
500756,Dog Food
500756,Pet Shampoo
501243,Lunch Box
501243,Water Bottle
502005,Notebook
502005,Pen Pack
502005,Highlighter
502269,Dog Food
502269,Pet Shampoo
500958,Phone Case
500958,Screen Guard
500958,USB Cable
500162,Phone Case
500162,Screen Guard
500162,USB Cable
500162,Exam Guide
501287,Lunch Box
501287,Water Bottle
502370,Yoga Mat
502370,Protein Bar
502370,Water Bottle
500216,Lunch Box
500216,Water Bottle
500216,Novel
501554,Yoga Mat
501554,Protein Bar
501554,Water Bottle
501655,Tea Pack
501655,Sugar
501655,Milk
500044,Coffee Powder
500044,Sugar
500044,Milk
500044,Butter
500173,Coffee Powder
500173,Sugar
500173,Milk
500630,Novel
500630,Exam Guide
501637,Tea Pack
501637,Sugar
501637,Milk
502119,Lunch Box
502119,Water Bottle
500547,Bread
500547,Butter
500547,Jam
502131,Coffee Powder
502131,Sugar
502131,Milk
502131,Phone Case
502172,Notebook
502172,Pen Pack
502172,Highlighter
502172,Coffee Powder
500463,Novel
500463,Exam Guide
500839,Coffee Powder
500839,Sugar
500839,Milk
501225,Coffee Powder
501225,Sugar
501225,Milk
501374,Novel
501374,Exam Guide
501945,Bread
501945,Butter
501945,Jam
502217,Bread
502217,Butter
502217,Jam
502360,Novel
502360,Exam Guide
500689,Notebook
500689,Pen Pack
500689,Highlighter
501691,Notebook
501691,Pen Pack
501691,Highlighter
501691,Sugar
502239,Dog Food
502239,Pet Shampoo
502239,Screen Guard
502256,Coffee Powder
502256,Sugar
502256,Milk
501131,Yoga Mat
501131,Protein Bar
501131,Water Bottle
501680,Coffee Powder
501680,Sugar
501680,Milk
502053,Phone Case
502053,Screen Guard
502053,USB Cable
500806,Bread
500806,Butter
500806,Jam
500806,Protein Bar
501288,Phone Case
501288,Screen Guard
501288,USB Cable
501288,Milk
500337,Notebook
500337,Pen Pack
500337,Highlighter
500932,Bread
500932,Butter
500932,Jam
501214,Lunch Box
501214,Water Bottle
501692,Novel
501692,Exam Guide
501692,Pet Shampoo
502054,Yoga Mat
502054,Protein Bar
502054,Water Bottle
502072,Notebook
502072,Pen Pack
502072,Highlighter
502072,Novel
500464,Dog Food
500464,Pet Shampoo
500779,Yoga Mat
500779,Protein Bar
500779,Water Bottle
501375,Dog Food
501375,Pet Shampoo
500174,Baby Diapers
500174,Baby Wipes
500174,Baby Lotion
500174,Pen Pack
500223,Baby Diapers
500223,Baby Wipes
500223,Baby Lotion
500523,Coffee Powder
500523,Sugar
500523,Milk
500105,Notebook
500105,Pen Pack
500105,Highlighter
500105,Dog Food
500367,Notebook
500367,Pen Pack
500367,Highlighter
500367,Yoga Mat
501638,Notebook
501638,Pen Pack
501638,Highlighter
501638,Butter
500240,Novel
500240,Exam Guide
500822,Notebook
500822,Pen Pack
500822,Highlighter
500982,Notebook
500982,Pen Pack
500982,Highlighter
501033,Dog Food
501033,Pet Shampoo
501033,Phone Case
501040,Bread
501040,Butter
501040,Jam
501195,Tea Pack
501195,Sugar
501195,Milk
501891,Coffee Powder
501891,Sugar
501891,Milk
502218,Dog Food
502218,Pet Shampoo
500231,Dog Food
500231,Pet Shampoo
500303,Novel
500303,Exam Guide
500303,Dog Food
500840,Yoga Mat
500840,Protein Bar
500840,Water Bottle
502055,Novel
502055,Exam Guide
502107,Novel
502107,Exam Guide
500677,Baby Diapers
500677,Baby Wipes
500677,Baby Lotion
501215,Notebook
501215,Pen Pack
501215,Highlighter
502056,Baby Diapers
502056,Baby Wipes
502056,Baby Lotion
502056,Sugar
502120,Coffee Powder
502120,Sugar
502120,Milk
502120,Water Bottle
500224,Novel
500224,Exam Guide
500600,Coffee Powder
500600,Sugar
500600,Milk
501746,Phone Case
501746,Screen Guard
501746,USB Cable
500400,Dog Food
500400,Pet Shampoo
500400,Novel
500524,Notebook
500524,Pen Pack
500524,Highlighter
500524,Sugar
501244,Yoga Mat
501244,Protein Bar
501244,Water Bottle
501289,Tea Pack
501289,Sugar
501289,Milk
500259,Phone Case
500259,Screen Guard
500259,USB Cable
500259,Coffee Powder
501967,Lunch Box
501967,Water Bottle
501967,Bluetooth Earbuds
501968,Tea Pack
501968,Sugar
501968,Milk
500823,Baby Diapers
500823,Baby Wipes
500823,Baby Lotion
502089,Dog Food
502089,Pet Shampoo
500045,Yoga Mat
500045,Protein Bar
500045,Water Bottle
500232,Yoga Mat
500232,Protein Bar
500232,Water Bottle
500678,Novel
500678,Exam Guide
500678,Protein Bar
501005,Baby Diapers
501005,Baby Wipes
501005,Baby Lotion
501146,Yoga Mat
501146,Protein Bar
501146,Water Bottle
501933,Bread
501933,Butter
501933,Jam
502132,Novel
502132,Exam Guide
500233,Yoga Mat
500233,Protein Bar
500233,Water Bottle
500983,Bread
500983,Butter
500983,Jam
500983,Tea Pack
501147,Dog Food
501147,Pet Shampoo
501357,Notebook
501357,Pen Pack
501357,Highlighter
501357,Jam
501875,Bread
501875,Butter
501875,Jam
501904,Coffee Powder
501904,Sugar
501904,Milk
501904,Baby Diapers
500401,Novel
500401,Exam Guide
500780,Coffee Powder
500780,Sugar
500780,Milk
500780,Water Bottle
501034,Notebook
501034,Pen Pack
501034,Highlighter
501265,Coffee Powder
501265,Sugar
501265,Milk
501376,Coffee Powder
501376,Sugar
501376,Milk
501226,Phone Case
501226,Screen Guard
501226,USB Cable
501226,Pet Shampoo
500225,Phone Case
500225,Screen Guard
500225,USB Cable
500225,Sugar
500284,Lunch Box
500284,Water Bottle
500284,Notebook
500809,Dog Food
500809,Pet Shampoo
501132,Lunch Box
501132,Water Bottle
501132,USB Cable
501934,Dog Food
501934,Pet Shampoo
501934,Screen Guard
502306,Lunch Box
502306,Water Bottle
500189,Phone Case
500189,Screen Guard
500189,USB Cable
500285,Coffee Powder
500285,Sugar
500285,Milk
500285,Dumbbell Pair
501406,Coffee Powder
501406,Sugar
501406,Milk
502361,Bread
502361,Butter
502361,Jam
502361,Screen Guard
500106,Novel
500106,Exam Guide
500428,Bread
500428,Butter
500428,Jam
500428,Tea Pack
500679,Coffee Powder
500679,Sugar
500679,Milk
502017,Coffee Powder
502017,Sugar
502017,Milk
502017,Lunch Box
500594,Dog Food
500594,Pet Shampoo
500594,Milk
500984,Yoga Mat
500984,Protein Bar
500984,Water Bottle
501358,Baby Diapers
501358,Baby Wipes
501358,Baby Lotion
501773,Dog Food
501773,Pet Shampoo
501970,Dog Food
501970,Pet Shampoo
502362,Baby Diapers
502362,Baby Wipes
502362,Baby Lotion
502362,Yoga Mat
500046,Yoga Mat
500046,Protein Bar
500046,Water Bottle
500548,Lunch Box
500548,Water Bottle
500548,Milk
500834,Phone Case
500834,Screen Guard
500834,USB Cable
501385,Tea Pack
501385,Sugar
501385,Milk
502363,Tea Pack
502363,Sugar
502363,Milk
502363,Baby Lotion
501946,Tea Pack
501946,Sugar
501946,Milk
500368,Novel
500368,Exam Guide
500368,Sugar
500490,Tea Pack
500490,Sugar
500490,Milk
500241,Phone Case
500241,Screen Guard
500241,USB Cable
500549,Lunch Box
500549,Water Bottle
501386,Lunch Box
501386,Water Bottle
501386,Milk
501523,Lunch Box
501523,Water Bottle
501523,Tea Pack
501035,Dog Food
501035,Pet Shampoo
501524,Yoga Mat
501524,Protein Bar
501524,Water Bottle
501290,Lunch Box
501290,Water Bottle
502121,Phone Case
502121,Screen Guard
502121,USB Cable
502121,Baby Wipes
500465,Baby Diapers
500465,Baby Wipes
500465,Baby Lotion
500525,Dog Food
500525,Pet Shampoo
501580,Dog Food
501580,Pet Shampoo
501580,Pen Pack
500324,Coffee Powder
500324,Sugar
500324,Milk
500084,Phone Case
500084,Screen Guard
500084,USB Cable
500120,Lunch Box
500120,Water Bottle
501036,Novel
501036,Exam Guide
501417,Tea Pack
501417,Sugar
501417,Milk
501525,Yoga Mat
501525,Protein Bar
501525,Water Bottle
501935,Baby Diapers
501935,Baby Wipes
501935,Baby Lotion
500242,Baby Diapers
500242,Baby Wipes
500242,Baby Lotion
500617,Bread
500617,Butter
500617,Jam
500617,Highlighter
500690,Bread
500690,Butter
500690,Jam
500647,Bread
500647,Butter
500647,Jam
501377,Novel
501377,Exam Guide
501377,Yoga Mat
502181,Notebook
502181,Pen Pack
502181,Highlighter
500286,Phone Case
500286,Screen Guard
500286,USB Cable
500583,Tea Pack
500583,Sugar
500583,Milk
500583,USB Cable
500707,Novel
500707,Exam Guide
500835,Baby Diapers
500835,Baby Wipes
500835,Baby Lotion
500835,Screen Guard
501291,Dog Food
501291,Pet Shampoo
500057,Baby Diapers
500057,Baby Wipes
500057,Baby Lotion
500429,Baby Diapers
500429,Baby Wipes
500429,Baby Lotion
501387,Tea Pack
501387,Sugar
501387,Milk
501619,Notebook
501619,Pen Pack
501619,Highlighter
501747,Dog Food
501747,Pet Shampoo
500226,Baby Diapers
500226,Baby Wipes
500226,Baby Lotion
500226,Water Bottle
500662,Notebook
500662,Pen Pack
500662,Highlighter
500058,Novel
500058,Exam Guide
501388,Dog Food
501388,Pet Shampoo
500059,Tea Pack
500059,Sugar
500059,Milk
500390,Tea Pack
500390,Sugar
500390,Milk
501037,Novel
501037,Exam Guide
500663,Baby Diapers
500663,Baby Wipes
500663,Baby Lotion
501196,Yoga Mat
501196,Protein Bar
501196,Water Bottle
500446,Notebook
500446,Pen Pack
500446,Highlighter
500446,Yoga Mat
502381,Dumbbell Pair
501197,Lunch Box
501197,Water Bottle
500550,Tea Pack
500550,Sugar
500550,Milk
501198,Tea Pack
501198,Sugar
501198,Milk
502277,Lunch Box
502277,Water Bottle
500691,Bread
500691,Butter
500691,Jam
500466,Baby Diapers
500466,Baby Wipes
500466,Baby Lotion
502023,Tea Pack
502023,Sugar
502023,Milk
502073,Novel
502073,Exam Guide
502073,Notebook
500447,Lunch Box
500447,Water Bottle
501577,Phone Case
501577,Screen Guard
501577,USB Cable
